POINT_X,POINT_Y,PLA_Real,PLA_Predicho
723539.712912,4368119.1292,5.194244621083021,4.018296767239106
723069.078224,4366623.75286,3.3715746400032076,3.3183349151798907
723022.390076,4366947.35828,3.58902503279903,3.5371447734187185
722727.906662,4367563.50194,3.2236002680581772,3.239804896772154
722147.81471,4367393.42001,7.220003978172998,7.123601480575448
722325.936875,4367139.30624,6.55497067815518,6.5381723241736625
721923.29803,4367632.07625,6.9980358801047595,6.995645645843667
722233.601286,4366437.97319,1.2734001375750856,1.3019645904472303
722759.894002,4366238.11627,3.0647305821246085,3.134395463676493
722395.014851,4367879.08083,6.228246293375045,6.069470163527766
722729.021728,4366137.89931,2.4362034415087708,2.420077896297007
722820.802715,4367486.5434,3.2457775343558612,3.2207913918260895
723315.79882,4367633.46641,4.692734708934206,4.7431068003306995
721830.605257,4367423.95116,6.979704991846216,6.934387045809724
722078.144435,4367454.99801,7.637412553654262,7.504022109144109
722224.702812,4368048.42361,5.403433264689954,5.479744301624587
723038.287396,4366431.06306,2.436067829560504,2.3658873270480703
722557.621888,4367678.90947,4.545218532252695,4.4243781244894
722860.524563,4366184.27171,3.199473459780766,3.1901153701267093
722574.222982,4366199.39932,1.683215309561447,1.6774143845960805
722928.385892,4368372.71994,3.477072656747055,3.4767500511183536
722627.818597,4366939.25059,1.8907902671626615,2.2089206860371413
721993.200339,4367231.46223,6.607928971349398,6.632654488104489
722620.365669,4366569.35261,2.5716984364950477,2.6738162986906024
721722.282387,4367446.97093,5.260822201030948,5.231416436253481
723440.830717,4366200.29633,5.5384923778680335,5.587630942983062
722016.777463,4366699.78347,0.43672048634430793,0.4869844520862556
721931.340178,4367185.17263,6.661339689085927,6.623483845709509
723029.669559,4367502.17055,5.223806102232,5.157642270683458
722294.90059,4367262.56602,6.319512172773433,6.445223393161846
722441.951147,4367185.65185,5.923209433019838,5.907968458578397
722866.703083,4368126.10853,4.811206076371782,4.845258319295884
721954.114635,4367817.02555,7.555182854230202,7.460492505761259
722371.950722,4367686.4329,5.483758626117042,5.40074084315059
722062.769181,4367316.28665,7.5208778402524,7.4978489447692755
722093.535287,4367570.59133,8.315548468520749,8.308775489998132
722016.270475,4367431.82485,7.470888006044978,7.4532882927846
722495.469416,4368025.5716,6.686221500054062,6.680340954332293
721930.991745,4367693.72408,6.739406005519434,6.760300422796817
722619.534322,4367648.15044,4.066460265518631,4.081091769856814
722805.606234,4367139.77963,3.114836407828207,3.1612383353686084
722125.32263,4366376.22154,0.0,0.012942577048542615
723067.6943,4368288.11684,4.216881038538961,4.220295641984555
723524.709783,4367595.1701,3.2936695190486365,3.196819968873154
722643.041906,4367262.90569,6.815955776420803,6.694546022378775
722789.359059,4368110.61942,5.079194521889305,4.9712520361076145
722688.59481,4368364.76861,2.082906616805415,1.7163759248926265
723392.795739,4368049.62269,3.1469924052300304,3.2051332654139038
722951.60483,4368357.3352,3.5860234883440016,3.7220040899042344
722727.997766,4367447.92225,3.3861295530212856,3.371224488798616
722325.220947,4368110.1577,6.1859376738035,6.124017588308964
721838.222111,4367601.17875,6.132398076626771,6.05018018486775
722620.530664,4366353.57526,2.653385688126031,2.696566031688345
722186.135818,4367894.29053,7.034406042843724,7.206924089963298
723137.996917,4367479.16895,3.168098433315075,3.229552618479133
722882.67421,4367509.72292,3.150155145163994,3.195009371817912
722992.150705,4366076.51284,3.58437767865692,3.60323863151028
721652.796075,4367231.15859,1.585985582157186,1.5463149852674158
723137.951526,4367533.10631,3.7621332038713846,3.6643371863623244
723277.981497,4366623.97442,6.7227855590254455,6.774584184244711
722101.014382,4367932.73493,26.028667172557757,17.973207674508938
722410.769315,4367501.54543,10.510930096361754,10.319806609304571
723145.99861,4367163.25055,3.2834715005387825,3.4199452290768093
723617.766919,4367348.70099,2.8647396986856823,2.8775892924160598
723525.747702,4366423.87942,4.8689086718243155,4.90007371174801
722233.496539,4366584.39212,1.6944751407726446,1.6734726034551533
722712.087883,4368002.67373,5.154937161251756,5.156324925830676
722387.686647,4367332.00455,4.9875089187020905,4.976053023775613
722100.783712,4368256.33208,3.082151235292072,2.540583573088384
723433.073057,4366223.40778,5.52797158368556,5.5401876703353
722813.226302,4367286.19402,4.924352222283272,4.81392097987151
723160.899717,4367841.3378,5.233842925262917,5.235727937499301
722852.658687,4366346.10128,4.634967481404199,4.350194145767145
723470.426741,4367741.50885,4.355199455052468,4.331017544081866
722248.426011,4367339.57676,6.274976824247041,6.207678428899649
723354.123634,4368041.87529,3.324650982328286,3.288791905051515
723114.120311,4368272.75711,4.408448592595314,4.395859285705915
723269.063549,4368003.25826,5.1356060146513665,5.243853469198896
722921.066784,4367864.19984,4.03167051095978,3.7792328864478195
723145.408226,4367864.43623,5.475916600716977,5.617536459141591
722015.829043,4368063.63722,23.23057064768434,19.698322810368555
723555.558048,4367703.07788,4.612150819197229,4.486664685404655
723417.511199,4366323.57639,5.005194255615397,5.02075420359363
722751.903726,4366561.77753,3.3752859831661963,3.3607413297209736
723169.603194,4366693.21446,5.063961741487248,5.0300223273194025
723131.333583,4366192.25823,2.9026756504443822,2.937261895133996
723122.181031,4367887.52644,6.010699337177761,5.9027327613280365
723471.599508,4366408.40697,4.949460245522561,4.961895506471866
722085.886111,4367447.29983,7.6612941062805495,7.548687861350513
723440.260324,4366855.33418,4.328639518358517,4.465308089142541
723262.53985,4366585.42658,6.289337841032702,6.292622894095548
723455.774742,4366809.11497,4.938616675667472,5.120527259414782
722465.299593,4367000.73752,4.527759022895795,4.476306033484089
722519.544186,4366885.20257,2.728483160857993,2.7364239656164715
722845.049398,4366184.25597,3.1260929689640546,3.121753910985651
722689.255888,4367524.93651,3.1048707570254592,3.239888899621857
723594.675073,4367217.67979,2.9687983052041416,2.974972404051048
722410.959037,4367247.26649,6.126298424315253,6.126003325790948
722402.773766,4367848.26864,6.0364525270475395,5.976260296276434
722233.225563,4366961.98627,3.985360088591361,4.357677862855844
723354.533239,4367571.8664,2.810774029926803,2.740899216462399
722240.622641,4367432.03425,5.462717422466846,5.528869998800725
722333.276204,4367678.6905,6.123039120979828,6.052672887132255
723432.617511,4366747.44081,4.156757817899163,4.19153067040032
722233.700404,4366299.25798,0.7412636615006036,0.7859730094859598
722936.871956,4367455.84148,3.5351626599496817,3.5572688605851934
722348.427798,4368110.18017,6.0628835843012885,6.090801116243702
723369.770444,4367841.56406,5.716893454427736,5.630892200905092
722131.720039,4368264.06563,3.9241396614935065,3.8958307927092863
722504.134259,4366800.42194,2.6062715966514127,2.5921122900393874
722580.442927,4368179.75032,6.890439629131517,6.7824962908219595
722489.196213,4366083.71676,0.6394190402609997,0.6669555174402914
722836.97613,4366608.10095,3.514863571046186,3.1462549763089527
722920.82107,4368164.68822,4.7829999452760035,4.757848189972588
722403.142275,4367355.1359,4.490710608058112,4.51865207541321
722812.590787,4368079.82427,5.082873549013558,5.082556789125435
721861.649233,4367277.57616,6.099060620237331,6.084583007953326
721799.69104,4367377.69143,5.752424939018537,5.853680231126018
723463.139509,4367232.94486,2.9224101704568564,3.048193994981718
722000.287634,4368163.78358,1.7297873379577342,1.776264518010901
722535.227703,4366607.79994,2.340919793651519,2.3526773726493455
723355.286839,4366701.11973,6.923002654735523,6.816541582335267
723456.064229,4366477.74773,4.736915350463993,4.777959011789831
723123.52587,4366277.02261,3.8524630722906528,3.853128074813489
722063.306523,4366545.70318,0.9565967766870637,0.9428227605452719
721954.322016,4367516.52647,7.326050598145874,7.322410791920651
723154.475837,4366277.05518,3.932046318971041,4.058168215426868
723084.124919,4367140.06805,3.7958576832961697,3.8007396932363497
723044.648723,4368095.47563,4.494808974256446,4.573126899520414
723455.443548,4367186.70239,2.357533507637437,2.4816987044956447
722727.851955,4367632.84902,3.458387061491903,3.3735315288804553
722171.583154,4366607.45277,1.8629553857976062,1.7356822174776887
723176.273442,4367956.92876,5.333467117251656,5.354031700879666
721984.864938,4368094.42745,24.06684048153102,22.419663082742346
723339.067463,4367564.14429,2.995942431241204,3.1850290783871644
723477.792977,4368157.58375,4.653459180426932,4.328429710708886
722186.595735,4367254.75805,6.411842942591137,6.78800239060285
722031.979154,4367092.79677,6.178837763150136,6.200177902469523
723478.972147,4366824.55258,4.16163099959768,4.167351673259215
722535.105357,4366769.62818,4.638388364933304,4.892940952225986
722187.008108,4366676.82235,2.5206146659049207,2.589970261037374
722983.378365,4367348.01371,3.8033446169848784,3.7692037738698856
721884.549473,4367732.20722,6.3117670954895795,6.333224001120653
722651.355872,4366515.4395,4.986444028282773,4.6434277784115325
722317.843859,4367624.73957,7.127511628161611,7.410356953918627
723029.27348,4367979.88709,5.123665623052969,5.126407803597678
723115.475548,4366654.62644,3.3881304544197213,3.399856177112944
722721.068824,4366415.32649,3.6217165531284867,3.613681265121187
722280.113767,4366314.71456,0.994103579145636,0.9959613576174418
723602.238543,4367410.32759,3.099297394487652,3.060465477861989
723238.463603,4367602.56162,4.406770466869497,4.365047224640187
721977.822852,4367092.74729,7.177856169365641,6.974524616576524
722628.197305,4366446.05963,1.9566416980258838,2.1888370713910423
722828.834573,4367116.68618,3.1156529648784246,3.1617584681674935
722457.023979,4367717.33605,5.119921963851242,5.153757849741847
722425.7433,4368164.1881,5.560921632324914,5.7636387294924045
723355.611419,4366323.50925,5.69339892483679,5.6676901387430725
722952.752417,4366954.99184,2.9752301586995773,2.962642683821829
721900.095116,4367624.35004,6.82253901516913,6.782740201510284
723323.207422,4368011.02209,3.8461375924227257,4.332478865735644
722557.111117,4368341.52295,0.0,3.0871284793480838
722604.371297,4367247.45605,6.232054584654246,6.3338797277862176
722249.169726,4366306.97895,0.8871340284950365,0.8555522934493524
721900.079361,4367647.46542,6.690223302850934,6.695143132751345
722921.123358,4367794.85477,5.101881919941327,4.863066899963083
723014.419168,4367232.46277,3.528320892891465,3.536052722138289
722797.900224,4367101.24323,3.0116395623427232,3.0174148739620135
722751.68624,4366839.19751,4.148560700787745,7.638226608519753
722882.443478,4367794.81469,4.981280386950373,4.824435447997031
723501.603788,4367479.56418,2.5030780212412767,1.7810682450402373
722658.25696,4367594.25275,3.775687473832874,3.770699592510304
721977.605122,4367408.67337,7.199317096804664,7.178014801105502
722225.593935,4366815.56711,3.7984071879236336,3.8159257223329224
723060.364582,4367802.70573,4.494454267259837,4.432805731130527
723254.370504,4367094.01482,2.3520730588778322,2.3584948186124626
722751.078678,4367609.75691,3.2422600874252914,3.274399483616368
723084.584366,4366585.23796,13.171871197401435,13.003921701763552
722843.831891,4367710.01892,3.15327595119055,3.0162796575186746
723044.468529,4368311.20592,4.171376978279967,4.166976173969392
722271.595837,4367393.53674,5.318686376677166,5.439222011109682
723208.483123,4366462.06774,4.284652388346404,4.152293229807136
722642.206663,4368333.90379,5.420117958546671,5.448882001429512
723053.869437,4366300.06935,3.6906178101474665,3.6959856996166964
723292.484056,4367756.72386,7.420381884647265,7.251223664518237
722689.617124,4367062.60524,2.708790767110299,3.866075503427559
723114.178867,4368203.41553,4.293850148514415,4.350228527339367
722643.896226,4366153.22806,1.8988098384184022,1.904501449958525
722781.888192,4367779.30131,0.9728102911575573,0.895337036935735
723199.66473,4367741.21339,4.832279596060712,5.3283039814344395
723539.830455,4367988.14705,3.9259470513742687,3.9256835417778486
722363.852956,4368171.83252,6.040163870210531,6.040613882591381
722821.361321,4366785.32595,4.680761616582329,5.572075074904705
722404.183757,4365944.91323,0.0,0.0020814119789745737
722836.009017,4367817.88198,3.9425994291922466,4.00153178514594
723108.082664,4366238.47355,3.840006008787218,3.753760477558332
723183.956799,4368018.57608,5.257433633540576,5.2404693874824755
723308.155826,4367525.58403,3.7023650749429384,3.7019628822204074
722341.063586,4367609.35154,6.79423632067189,6.866801241616436
722000.696301,4367578.21075,7.640607224912215,7.481988594589287
723485.508019,4368180.70652,5.648153392887688,4.9890214543524225
722659.371426,4366153.2434,1.9982339787387704,2.0040856458480345
722558.116932,4367031.65152,3.051460231646303,3.091350054772144
723416.335171,4367672.10256,4.3725620162931556,4.393503418013163
722233.584789,4366461.09215,1.2573414707902026,1.3169227067372977
722419.262005,4366484.38747,2.054658744159602,2.093545159476313
723316.548495,4366762.72681,5.423377646596844,5.38662830515623
722340.755165,4368025.42058,7.438131853638048,6.840535051559177
722434.180044,4367231.87783,5.740839254416747,6.050350354972277
722735.356268,4367925.64866,4.072720728594336,4.352889483059572
723385.012551,4368103.54771,3.277114089346865,3.231323302341166
723346.984172,4367356.10676,3.1158078125640385,3.1229597551174764
722860.493995,4366222.80475,3.3300404512170947,3.312157731786353
722952.111458,4367740.95141,4.017825781364408,3.923116209469
722774.641467,4367162.8652,3.571597839480866,3.5479862388841608
721675.900114,4367392.9929,4.21226600043559,4.249520693165101
722473.629342,4366207.00795,1.0083775542198201,1.0962508471571375
723347.913614,4366277.26163,6.096188724651996,6.056206486696157
722186.68944,4367123.76305,6.982157933072216,6.761225748708576
722588.411358,4367879.27118,4.116126939338685,4.24288213397504
722116.48045,4367940.45426,15.219349240810832,16.879933228341756
722131.703384,4368287.17917,1.6805271152677415,2.9721672329105155
723369.998984,4367579.58861,2.7999241122783927,2.7105570255986096
723045.333448,4367271.02312,3.5118297105524223,3.5190587584048614
723037.060586,4367918.25605,4.8671982300597625,4.811933855108157
723479.505242,4366215.75194,5.154614385579137,5.2633233031572555
722650.981362,4367000.92035,8.556009035041216,7.953006137663944
722139.444421,4368279.48199,3.845298529559817,3.8494609511482034
723160.651356,4368134.12293,4.542927171220376,4.507478875807576
721838.206545,4367624.29418,6.2016217246036245,6.1611916779130045
721822.894866,4367385.41745,6.345878597949712,6.371890996305045
722797.212155,4367964.23621,5.0331095423625465,5.055783519255904
722132.478765,4367200.76855,6.3902850670359035,6.367946752989714
722789.654908,4367740.78386,0.5633017849137896,0.7522111516572606
722147.185399,4368271.78474,3.802182778449351,3.8267959923532247
723370.166702,4367386.95407,3.1360232260100918,3.153320622728093
722217.436016,4367401.19081,5.458715619669975,5.554267920759833
722333.253438,4367709.51088,5.7598153093057824,5.6474762933943525
721946.485008,4367662.9178,7.0596110141992225,7.0419240922611905
722334.298015,4366283.9399,1.116270035548143,1.064477203074971
722411.780146,4366137.58897,2.4578709607668623,2.5546283422336185
722860.646627,4366030.13766,2.9630860606427167,2.7430191516812408
723363.163384,4366539.29728,5.259724994572893,5.4226194607762945
723231.127701,4367132.51863,2.415036051421605,2.5694865640695714
723307.742529,4368003.30026,5.825876602063418,5.029454106716012
722758.514705,4367987.31124,5.302840745683361,5.18305505799629
723362.724336,4367047.89731,3.1767021939139237,3.5438788349670047
722062.930968,4367085.11957,6.3274511462897065,6.2964979795491205
722000.546108,4367793.95318,8.001959784057515,7.996113478717662
722620.471776,4366430.63924,2.005995598756739,2.5523935355193945
722124.62761,4367362.57673,7.770083742398561,7.676977926251787
723586.841799,4367325.54958,2.907845639570104,2.8908148874890123
723069.464511,4366153.66018,3.9636087015184547,3.9848093721242144
721629.417624,4367493.12135,3.095163249817857,3.0561612190636347
723022.45965,4366862.59309,3.6406606766935297,3.5335062336744425
722178.30546,4368025.26539,6.049684406051157,6.511631394696464
722402.698673,4367948.43244,6.62374228630447,6.463827066489363
722573.971844,4366530.77567,2.4362711513042195,2.505588767396855
723315.658791,4367795.27454,6.9824480079913505,6.841261332985739
721745.511456,4367416.17014,5.232681086727389,5.233093110835276
722225.088803,4367516.77807,7.299264449180767,7.1706862860247
722674.757677,4366268.8575,2.6922028290124196,2.6919712241946567
723307.575274,4368195.91962,4.444690260608824,4.330657367980403
722620.294782,4366661.82686,2.2872736304899086,2.554331988096548
722364.500248,4367301.16026,5.6039081192804305,5.827386852892865
722891.597579,4366030.16919,3.9080358869045537,3.5896266047085534
723300.86994,4367001.59517,2.737032099605415,2.847507240662803
723454.736407,4367988.05219,4.148399120594061,4.214742694719494
723247.215374,4366408.16411,4.87591163436147,5.151110384428963
722186.48524,4367408.86708,6.038034089371896,6.2545033064467495
722225.759437,4366584.38484,1.6320638291758742,1.5793696618911164
722410.71748,4367570.89277,6.033806459018614,6.072724689860173
722595.973958,4368102.71898,6.408293179621829,6.405707986546166
722921.73041,4367047.42976,3.186416241272224,3.165144675432908
722534.930192,4367000.80555,3.072253294284773,3.0399682093120735
722558.678123,4366291.86263,2.044251056112708,2.0289207062801258
722480.307993,4367617.19193,4.976891561118157,5.042999895256171
722581.972197,4366183.9937,1.6498780455293798,1.651713553441567
722140.688958,4366530.36204,1.043457383697803,1.0621250029640494
723230.562802,4367795.18235,7.827496262931962,7.663938894748168
723022.705725,4366562.05458,10.409433882414778,5.356384530287745
723214.847123,4368080.2479,5.55259525105855,5.410371386634236
723292.497311,4367741.31361,7.463142928761125,7.2264124086958175
722302.190285,4367871.28632,5.391460172338073,5.470526361629268
722650.304358,4367871.62816,2.7858568252019613,2.759214619182963
723354.076541,4368095.80897,3.0768489042934277,3.1667285637426192
722781.555526,4368195.36298,4.924191026804336,5.038941694046861
723099.899152,4366777.90802,3.5838290754278916,3.581006985013709
722055.15669,4367139.05205,6.531605412719188,6.496747282038955
722550.555942,4366800.4674,3.25881551712706,3.167452029441951
722456.907476,4367871.43628,6.028545869570007,5.976752194475379
723463.437366,4366893.88959,4.13632946484072,4.175008870153437
723516.291708,4368357.94736,2.8224889786835394,3.2516228744463986
722309.766759,4368087.02873,6.1296869918056265,6.453290649041035
723500.944855,4368219.24727,3.453481563754648,3.9205680290296994
722992.113269,4366122.75313,3.669059934592234,3.8442895266517856
722356.059882,4368248.87092,6.174803644314528,6.159956356552558
722851.125682,4368257.07153,4.146462851273099,4.236859463853797
723469.988774,4368234.62203,4.659203741027093,4.664636708842904
722202.783521,4366252.99015,0.5818905763207614,0.5490792129835462
723215.621709,4367171.03051,2.6905666371940096,2.71109738785305
722697.743372,4366561.72329,3.319326145516951,3.3192345972569424
722101.532684,4367200.73979,6.929489714797134,6.995654821290335
722456.755761,4368071.76212,8.198174307541231,8.207341926847667
723222.675202,4367972.38846,5.373065036716804,5.2899954411376795
722039.678232,4367146.74345,6.547805750709599,6.613126773043034
722256.624817,4366700.00594,4.719746300740974,4.52619262371848
721722.388731,4367285.15787,3.3385280279623935,3.2729751161222826
723253.797226,4367764.38709,7.744878771043061,7.654156153494162
722341.290975,4367301.13798,6.042745690876728,5.956957900947946
722766.605954,4367540.42536,3.133202497486088,3.155907226937453
722844.264706,4367170.64173,3.422597048591208,3.375725437435537
723423.459467,4368365.54845,5.238715722246688,5.169588830028664
722643.179101,4367085.67603,2.968452831361459,3.871261112741444
723346.883957,4367471.68854,3.446155825544877,3.399115194197032
722535.035396,4366862.09992,2.546332462017986,2.526070217630512
722581.079037,4367355.31015,6.267199046209706,5.92496972323592
722464.829895,4367624.88198,4.977762940019801,5.004263708355088
723068.40861,4367432.86282,2.9965458563216587,2.8129668587799324
722565.753627,4367162.65614,4.4746714655466295,4.412195687684451
723555.716759,4367525.85679,3.0386255706188225,3.047579121175112
721993.072376,4367416.39288,7.245208180099003,7.2346876998438
722101.380431,4367416.49281,7.760337379001526,7.7151247663238625
723215.425459,4367402.19746,2.8273588903067086,2.8714279214718506
722990.422416,4368187.87508,4.4798670382030235,4.378047887965007
722890.795934,4367031.98631,2.9668166395430493,2.969023794980994
722140.007048,4367493.58215,7.33085876305217,7.253142043834013
721799.443526,4367747.54074,5.93185858995882,6.132167509384688
723237.994669,4368149.61569,4.686183401509873,4.685131036633284
723169.699872,4366577.62147,5.203410065212292,5.42170248625229
722487.580862,4368225.88591,7.426739680553931,7.0899462775045645
722411.336736,4366738.68378,5.0976539048733,4.893293213975648
722673.614638,4367740.66621,0.6044520764718732,1.0078679203825365
722341.353394,4367216.37714,6.298406337045765,6.306458539806369
723371.212202,4366177.10073,5.361511668153751,5.329407804986121
722333.338828,4367593.93367,7.167238811781706,7.182023884244229
723130.182926,4367571.62457,3.6750303227488064,3.6426652374986452
722295.666389,4366206.83799,0.6474096136426931,0.6370207052297651
723463.680313,4366616.46975,4.013372323454718,4.018914810325805
723216.084188,4366623.90815,5.894777859082398,5.675679899991992
723316.812265,4366454.47732,5.605295785372368,5.613739547724561
723222.991206,4367602.54501,4.303047523967676,4.303127238402074
721877.231403,4367115.7733,5.131443016375559,5.120281959521458
722465.656746,4366522.96371,2.144959758972854,2.1532525804177074
723231.714626,4366438.97327,3.833648212880555,3.8897049432470947
723145.140814,4368180.3346,4.413321774293831,4.4451089864476
721907.957445,4367439.43147,7.312624822909837,7.316699569931027
722038.932725,4368210.04697,1.3594217779016042,1.4053823264447802
722303.348305,4366283.91059,1.1853260440740518,1.1314933546604302
722674.519959,4366577.11259,4.142945404342527,3.731000997427753
723022.4217,4366908.82883,2.8212884763159516,2.8975620878152992
722580.329327,4368326.13716,4.877654392164762,5.222030853729471
723408.402813,4367895.54165,4.279618011168952,4.2938072324302645
722101.4457,4367324.02798,7.708250079994205,7.70850846672908
722116.441998,4367994.38802,6.5754628938616015,6.692502339161611
723502.832716,4366084.76346,5.67274474422194,5.403579780992999
722906.275653,4367024.29641,3.011061913150307,3.0108942602343443
723268.730704,4368388.49196,5.1926311274346775,5.169236145862191
723106.780438,4367802.75485,4.940327117432024,4.873971454799841
722951.877578,4368026.03495,4.9490728377724675,4.948457278019464
723160.853989,4367895.27268,5.324301673122385,5.525408564798452
722426.925058,4366584.57619,2.605074364359176,2.61971798798131
722868.016957,4366492.53854,2.51891384200904,2.6695324453547946
723246.212982,4367587.15943,4.2927529420563575,4.222446842201425
722140.231623,4367177.65903,5.847660305175061,5.974719591042919
723152.797893,4368272.79851,4.376499187012553,4.4395744693272166
722789.340556,4368133.73355,5.319396560099875,5.050835436866243
722357.639428,4366106.71067,0.11065011663383986,0.1542500786257465
722680.877676,4368341.64733,4.442463531653982,4.433323073785717
722326.0159,4367031.42636,6.219436325671876,6.153999207969301
722773.986271,4367987.32699,5.268599979068284,5.169955956386723
722688.941305,4367925.60163,4.402768664072622,4.27802335623234
722318.5041,4366723.18281,3.8129940322657045,3.838482548392221
722912.99713,4368272.54491,3.4412183964836323,3.557733988023711
722727.522737,4368048.91827,4.785033162713175,5.378279263421828
721691.418017,4367323.65794,3.5057950750331237,3.8369185175188876
722767.78192,4366045.45758,2.1901052650877713,2.1721290518945113
723075.397472,4368326.64777,4.277391282214108,4.279343514119334
722596.581492,4367316.79815,7.700859709706962,7.644944785196094
723315.632094,4367826.0948,6.819376659949912,6.852747352615787
723432.570434,4366801.38343,4.271259698578599,4.318880019261164
722944.337601,4367787.17386,4.5125589432472255,4.405582214588877
723022.906994,4366315.45023,3.7019453511541096,3.6978748106039947
723223.024056,4367564.01863,3.9540235336003535,3.9408658876154443
723524.172413,4368196.15916,3.277436865019484,3.0069869264518463
722016.633886,4366907.8443,3.2695302075419495,3.1700848271203927
722619.192859,4368087.3327,5.961161542797904,5.921439594376105
723409.613616,4366508.52248,1.438650029049326,1.8102055214353803
722217.840456,4366838.67765,3.9955904231399475,3.9835491901121056
723029.254292,4368003.00166,5.1419961265967675,5.140260647596481
722557.722429,4367547.92113,5.025686856036566,5.013670266296549
722991.731788,4366592.8474,3.9977525200173214,3.8649629226140707
722990.75987,4367779.51725,4.024958008056508,4.014341756142755
723548.529759,4366909.39559,3.947504542214756,3.9585167752467356
722224.876565,4367809.57285,8.275724336784448,8.057735955808935
722364.243329,4367647.89974,6.076147394628896,6.065776558407618
722341.018021,4367670.99279,6.056913196144719,6.020508165169417
722225.094319,4367509.07275,7.090753672957807,7.075265059557387
722117.27195,4366823.17195,2.6549799460370336,2.6677048910352834
721985.580725,4367061.93158,6.369405058864645,6.341963906882385
722775.236268,4366407.67444,5.032754835365938,4.864232578336467
722108.941945,4367663.06769,7.890007023290796,8.947224996391117
723006.270021,4367733.30299,3.8054101504607853,3.81674214531006
722078.204103,4367370.23903,8.071667787900669,7.93480346463558
723479.350387,4366393.00254,5.312490160964186,5.250008387322661
722187.254058,4366330.04046,0.4392409450083809,0.4568748218038974
723479.168247,4366601.07427,4.020504550146818,4.113512664136438
722372.80464,4366530.58062,2.5130856059514315,2.5050509127131493
722464.818297,4367640.29235,4.979634577263291,4.998487911995224
722604.347575,4367278.27828,7.055254504405741,7.116311051485135
722131.902394,4368009.81208,6.219855664745959,6.3595881849487785
723394.471554,4366123.17894,5.251334365943804,5.228511014316852
723416.524431,4367456.35394,3.1679306976854424,3.18505981094002
723108.04447,4366284.71293,3.662186236210027,3.720575939894772
723315.912087,4367502.47633,3.698782611220149,3.648771527870755
722835.64847,4368264.76015,4.053615794265102,4.206802588602989
722696.391172,4368287.73139,4.068719310512211,3.991934712037658
723378.464797,4366739.67566,7.0289846426309275,7.096743439196217
721582.867076,4367701.12005,6.929392766680924,6.647876095236132
721884.727761,4367470.23172,7.382300510714251,7.3657141622577145
723402.102871,4366246.49395,5.45887681514891,5.460145165809253
721930.997056,4367686.01903,6.768838222513465,6.744690145665968
722820.127717,4368326.38053,4.703319750479405,4.6956238401249175
722356.404266,4367786.58375,5.660319996757243,5.641404993020838
722959.638635,4367995.22375,5.057152290467769,5.039129901887037
721992.87452,4367701.48576,7.267540871154419,7.270173841954507
722558.724641,4366230.2104,1.7761464267416311,1.524928650357017
721784.146632,4367485.55214,6.301278617345845,6.4735358440250454
722008.662586,4367246.8875,6.862363146905432,6.844357859664621
722837.043419,4366523.33224,2.3629843385283698,2.4409337766982024
723447.645991,4367256.04471,3.142626085210508,2.77300044010215
723455.199375,4367464.10202,3.0940660433598035,3.2959382719341295
722510.799174,4368210.49959,7.159202890149223,7.113133393082756
722209.671958,4367439.71032,5.575153769670375,5.85539854607785
722804.960242,4367948.83437,4.925933784607627,4.9346506355687465
722796.87175,4368387.99255,2.383551381253058,2.5341486920366703
723478.802721,4367017.20114,7.18056686947204,7.202120101135557
723121.966557,4368141.78623,4.426779480853858,4.405435248939016
723130.318763,4367409.81209,3.2375161698817174,3.239963782423761
722998.553048,4367710.17951,3.637078212970741,3.651448506767803
722418.890633,4366985.28094,5.157228522284073,5.2140559432392815
723262.277939,4366893.67086,4.95259028470304,4.922925038677259
723402.156051,4366184.84089,5.273537792844274,5.2873973462682695
722945.015633,4366954.98382,2.8895893859724513,2.8889821626032988
722951.896541,4368002.92047,5.050988390793526,5.0351289747009265
723400.592438,4367980.28742,3.848396637416309,4.051060198449046
722791.025271,4366006.94698,2.2031851817663775,2.2038237136063366
722310.907092,4366530.52168,2.349894611623719,2.3314680182623153
723092.613932,4366230.75075,3.6887784889427144,3.6173607904510634
722332.973677,4368087.05107,6.219339377555666,6.2640968588380295
722952.287964,4367525.20567,3.373446661961444,3.98908346024563
722914.718371,4366145.79372,4.432104317665193,4.369277225605753
722967.77938,4367502.10585,4.6162172540715725,4.41756348828456
722906.697118,4366500.28439,1.3092062123164616,1.813237196364659
722898.700131,4366823.93509,2.3806758308776272,2.383802980080933
723446.754719,4368265.41476,4.715422106986232,4.7254509902742
723278.256375,4366300.30641,4.267548355415607,4.213945104106278
722920.776847,4368218.62083,4.761474385759506,4.394242031855651
722526.240637,4368249.03791,7.008104634459668,6.897776128654335
722899.058517,4366376.97441,2.192441830102845,2.309975263949357
722218.044328,4366553.5528,0.7824849810188268,0.81636812988552
721753.476704,4367069.42918,2.0898741855858574,2.0905671864938205
722333.025222,4368017.70835,7.374071462278849,6.98518961531112
723524.977287,4367294.65824,2.775904062343233,2.8339235034752823
721699.1846,4367277.432,2.615698262093804,2.6360380034198805
722666.131338,4367417.0384,4.169150249325122,4.197504035094878
723477.525009,4368458.06238,4.519916997495735,4.665250156127215
723285.290876,4367124.87115,1.5867794410373368,2.0332327007302458
723307.929424,4367787.56105,7.115925558845077,7.057757216947983
723075.862295,4367771.90183,3.4521908457789205,3.611324310609247
723122.575946,4367417.50927,3.2626238084062584,3.273271315315479
721614.128729,4367208.00839,0.7344187205457244,0.7841310113157709
722681.205505,4367925.5938,2.722561246759525,4.194197020975412
722109.356134,4367077.45685,6.753121855674605,6.651816227104962
722967.342653,4368033.75595,4.906667270084711,4.874139929081765
722178.366662,4367940.51243,9.657846689218157,8.75261674469054
721993.184312,4367254.57879,6.810598238855987,6.8251354657677155
722627.777089,4366993.19143,8.517895345069466,8.540904189219948
723447.950084,4366909.28449,4.135102994227718,4.285834301682143
721621.531948,4367724.26872,5.625885718624493,5.0916936454865604
723362.470413,4367340.71262,3.8958046509575275,3.848772915753491
722178.771032,4367378.0382,6.663921125037381,6.705240876901335
722774.470604,4367378.62057,3.9556050959247098,4.004710497859122
722334.062484,4366607.60582,2.9734260388941625,3.0042699201013296
723254.952724,4366408.17239,5.300194292939687,5.381578506303423
723315.89207,4367525.59237,3.656215848053454,3.6722643325931346
722480.13854,4367840.63924,5.766689392402736,5.761922071122293
722635.662297,4366800.55145,2.6336577082642543,2.9023730499825167
722696.366793,4368318.54954,3.75980952680033,3.791067988929581
722101.510971,4367231.56199,7.257342852644564,7.254526405995702
722851.859177,4367347.87767,4.1068002997304776,3.923953310671401
723036.778084,4368257.26569,4.018213189114501,4.026606219133034
722465.201339,4367131.7349,5.364964867721598,5.388343983657919
722860.2122,4366577.29971,2.8746439874863063,2.8310886716933683
723440.797267,4366238.82949,5.6119117248741786,5.665894344934257
722348.52525,4367979.19929,6.99277529065615,6.9878333904401275
722318.053436,4367339.64314,5.8511458207816425,5.826380793052651
722086.399758,4366715.25943,1.7612850884276763,1.704355029040449
722511.533395,4367247.36447,5.7137949618564985,5.753225339588248
722085.471721,4368032.8829,5.886031754027206,5.9596776603172215
722790.898485,4366168.788,2.86771200481995,2.864071051760051
722682.161605,4366700.41896,2.205641008352979,2.675517226459479
722380.434169,4366677.00543,2.584629853281365,2.6625682155136343
722805.532743,4367232.24722,3.943761267727774,4.014457766105233
722535.6799,4366006.69442,0.0,0.16711348900905987
723168.367347,4368157.24539,4.6891203138874245,4.61636672902339
722178.654973,4367539.85001,8.576985991328684,8.316364482353746
722628.161878,4366492.29759,3.9062608130625267,3.732953238950879
723161.478363,4367155.56137,3.238968468051128,3.3045070431114714
722248.7935,4366831.00086,4.1016366583980775,4.121043585339876
723456.097839,4366439.21574,4.9106686881668375,4.929566822931037
723555.943999,4367271.57592,3.1584330523722524,3.2170456386220145
722820.611349,4367725.40529,0.09841314002145105,1.133795074017084
722233.336359,4366807.86839,3.829291703087074,4.002676183600212
723153.463038,4367486.89079,3.1808815425664734,3.2095518481623686
723478.945078,4366855.37663,4.115998059898485,4.166997802632466
722874.844627,4367625.29394,5.029559779393239,4.7173182120876165
722836.05867,4367756.24153,0.1940870148665503,0.5654593728381494
722278.920487,4367956.01775,7.692372132961661,7.237342190047922
722201.529344,4368002.173,6.446406484878834,6.539065692600796
723177.424186,4366593.04213,4.793875831169828,4.5290324746813235
722403.702225,4366599.96628,2.76482485470569,2.705717086716675
722342.001845,4366330.18605,1.1685735442432017,1.1997272593188972
721900.399338,4367177.43905,6.508950330705895,6.535152151061139
722294.883737,4367285.68255,6.2912094782761905,6.348122186643617
722085.31828,4368248.61305,1.8940207168920735,1.9137184776028364
722093.196454,4368048.29965,5.349151552766526,5.370625937142662
722186.964287,4366738.47086,2.874650527637004,2.84191464546536
723385.080271,4368026.49965,3.0347401440328765,3.007980962417376
721729.982992,4367500.91466,5.543397875605288,5.500596286404282
722371.904869,4367748.07356,5.144706826703167,5.074008791005588
722829.306214,4366523.32436,2.50550807193984,2.5590728706254935
723470.009399,4368211.50806,5.330401325433902,5.107636201513705
721761.014598,4367369.95165,4.632385660737999,4.7381740932582534
722317.639259,4367902.12083,5.0235893912366665,4.9875578082521175
723285.52805,4366847.45994,5.312232017369042,5.283277943098137
722774.982015,4366731.33655,4.791939561848865,3.841477921253284
722031.716144,4367470.36574,7.406795298647041,7.3556158079501754
723610.238276,4367117.52292,3.6911987294152304,3.7085867718524526
722651.385507,4366476.90798,4.290138805351423,4.426094459314466
723006.676308,4367240.16032,3.4805581723536347,3.4919186110876925
723293.698616,4366338.85557,5.972037428691731,5.865553668123995
721675.890038,4367408.40354,4.199131069548181,4.172038484899878
723455.558556,4367055.70475,2.051870524031709,2.255171015529287
722334.443393,4366083.56858,0.00724495036711784,0.01150774745483311
721776.69166,4367061.744,1.9487737043804094,1.8486092095756599
723045.714796,4366808.67538,2.6306919422806843,2.958103163299691
722967.336365,4368041.46081,4.861130893786981,4.827961677003487
722944.45734,4367640.77647,3.88215343287983,3.749761213878781
723122.031619,4368064.73873,4.69044334790189,4.586875623550696
722186.953288,4366753.88293,3.017522812609131,3.0301222540390906
722093.736497,4367285.49343,7.479601795061432,7.3936427247413485
722349.09557,4367208.67895,6.22931156850911,6.308080838036385
722905.179703,4368372.69568,3.542843489870807,3.5564223296396165
723432.314615,4367094.20814,2.508757949763966,3.0092856189931014
722837.250933,4366261.31398,3.3945524976891126,3.536391176475685
722634.477327,4368326.19151,5.590773573107771,5.48037003400493
723278.223695,4366338.83903,5.6234327773984925,5.459003673297807
723402.109461,4366238.78737,5.414728489657862,5.434664652518909
722619.868087,4367216.64912,5.391363608936609,5.431902254060122
723401.300671,4367171.23156,5.214866870373884,4.73384131190092
722898.594784,4366954.93594,2.873985740554422,2.783053100685055
723215.097382,4367787.46061,7.966008190963137,7.868855050262379
723509.763499,4367001.82367,7.230589019718197,7.164651865945689
722302.99655,4366769.40425,4.994544197277978,4.8834658885142845
722960.901579,4366446.39566,0.6050491056696622,0.5698961521132377
722890.975548,4366808.5151,2.3838901225876707,2.369219724742736
722634.646167,4368110.46243,5.944121757229836,5.987474230248914
723246.193154,4367610.2752,4.384793252240181,4.3900239593555455
721536.451177,4367701.07999,2.8898217536795583,3.300900715292499
723045.154856,4367486.77613,4.691895646071298,4.671335775198945
722039.538515,4367347.08706,7.5808394806985175,7.397087168970995
722952.689813,4367032.05014,3.325748188786342,3.332201676715582
723107.443914,4367009.0945,4.252606034647436,4.473532205919587
722023.748424,4367801.67956,8.809378320177933,8.762397904766976
721652.490845,4367701.18061,6.736662989374298,6.450762031346565
722239.993854,4368294.98644,3.18519958088527,3.3684898032666175
722550.946534,4366284.14858,1.9825982096393782,1.9668987529372217
723107.546501,4366885.80024,3.2198115972310677,3.2161887700064735
723640.85084,4367487.42549,2.9969848158478314,2.9469916141120063
723501.849655,4367202.16506,3.88412201823953,3.0329062138358767
723184.584128,4367278.87617,3.0385934469374596,3.037963668512135
722945.619263,4366207.47853,3.9532167867761836,3.8062596598679312
723122.291259,4367756.54091,4.499779104071174,4.2453361031588415
722961.181322,4366099.60115,3.781464350471772,4.2303063451924405
723570.995666,4367741.62107,3.8910607334139566,3.7870649161893417
722859.086054,4367979.70957,4.836604174530203,4.862422741285214
722759.544259,4366685.0843,3.666478113926034,3.2241443103015244
722240.728651,4367285.63115,6.56300583035817,6.603116383762346
722287.029149,4367447.48904,5.8536630093703685,6.190765422229252
722472.496039,4367717.35123,5.181206638311822,5.1879914775900895
723377.459143,4367895.50754,3.8348423674548178,4.287736978480841
723293.383507,4366708.75899,5.76426876721547,5.923847192352588
723084.520635,4366662.30006,3.311838827113496,3.3311751623616597
722922.190219,4366477.18124,1.0361704054987801,1.1812209228618338
722217.469383,4367354.95839,6.446374168840094,6.442363319860684
723115.071439,4367140.1007,3.78046370741518,3.858091008538882
723548.214295,4367263.8617,3.1504327168538553,3.027335062253707
722720.267489,4367440.20899,3.4521908457789205,3.5450060803371906
723369.730017,4367887.79408,4.456147065770415,4.69164322703159
722139.693302,4367932.77117,9.37730423208099,9.576950700412226
723393.510327,4367232.86837,2.9735002888403055,2.8904128917404286
722951.959819,4367925.87172,3.0661151704985676,3.1895303109435633
723238.588637,4367456.16039,3.208971297451326,3.265082931228816
723200.545015,4366700.95352,5.693495872952999,5.621986039126592
723423.704711,4368088.18081,3.447511175598075,3.4215590639671434
722425.929225,4367917.63558,6.533638245441608,6.531461653282002
722797.063828,4368149.15091,5.026752131170629,5.05205940894934
722550.981337,4366237.90943,1.34076522860984,1.036220691413062
722225.510967,4366931.1556,4.913767180738075,4.433795455213174
722047.436238,4367115.928,6.138852435934898,6.133695920289045
722086.34591,4366792.31948,2.125602836484425,2.2035230967337154
722286.656305,4367956.02518,7.559087708910862,7.088813635740633
722944.777771,4367247.8015,3.3845806914504135,3.341855918242887
722721.361693,4366037.70441,1.8672638062477278,1.8700560212535515
723261.639109,4367641.11285,4.534988197704105,4.52673549200476
722047.075183,4367632.18967,7.623632071421619,7.531310555917112
722147.423591,4367940.48328,9.040188701988075,9.051995881488788
722628.262115,4366361.28932,2.736964389809967,2.787970087351153
722929.591821,4366893.32059,2.3974799786632444,2.3445400398248863
723440.226649,4366893.86404,4.274712513431698,4.392204486954654
723340.301231,4366130.82713,5.105205855354225,5.141229515523278
722922.140603,4366538.83173,1.1077889027748542,1.3554535620486399
723230.100108,4368334.51842,4.5452827796154205,4.593638486383773
723494.398584,4366878.51171,4.047871233664942,4.054088797199214
723293.337414,4366762.70181,5.1469016243340215,5.166120559645325
722225.533088,4366900.3322,4.610601957626357,4.458680195399398
722240.973426,4366946.58191,5.0097123456025585,5.401564874438935
722040.031173,4366638.15593,1.1574557689522835,1.175561259092255
723292.503975,4367733.60851,6.906802316745108,6.766074294044148
722744.250825,4366453.88157,3.887897993479993,3.8158934011005443
723038.394472,4366300.05329,3.6963946867863684,3.698283018341596
722100.822261,4368202.40012,2.4643545583957476,2.444844845676168
723023.001172,4366199.85174,3.8679212955343676,3.8927135810726066
723347.609342,4366631.75569,7.730711265775074,7.737440725365522
722650.526773,4367586.53978,3.819513023651303,3.7842238062474816
722217.60814,4367162.32033,6.780165763520111,6.791371693117536
722751.782994,4366715.90097,3.2733057980676667,3.274737662017118
722990.645451,4367918.20722,3.906002669467382,4.4620420675334875
723038.564323,4366091.97433,3.866307801886024,3.8587990764151874
722527.164279,4367039.32685,3.6388209707740287,3.6479416679616534
722597.494093,4366122.35574,1.479158087426866,1.4721936417607324
722543.365523,4366076.06263,0.9347323796572662,0.9498536119222867
723030.694772,4366253.8059,4.099668073038377,3.855436685685627
721846.031066,4367493.31274,6.955985019413611,6.94240611308917
722295.532953,4366391.79333,1.4301236922932796,1.4227736056795377
722473.388236,4366530.67746,2.1621026480930836,2.154555823936163
723130.962596,4366639.23039,3.4577091941079297,3.4611237082996893
723238.746302,4367271.2286,2.862209622152938,2.8616740738341364
722612.31544,4366977.76445,8.44976851883592,8.381410623307543
722705.808906,4366137.87619,2.3132689982928385,2.2912840362779425
723371.278357,4366100.03365,4.118192472814595,4.184482775681381
721877.205381,4367154.30142,5.4609746646635555,5.524890940339698
722905.293168,4368234.01394,4.275648524410816,4.474403158172585
723153.625148,4367294.25434,3.1356585164300657,3.132289478983828
723370.834152,4366616.36844,7.95865013671463,7.789091171544621
722813.171009,4367355.54361,3.6939740615991044,3.6745364928971584
722596.640768,4367239.74283,5.913527701700277,5.8001324118257065
722604.48399,4367101.04903,3.143432832034678,2.993413513084554
723053.05721,4367286.44241,3.4917241331665974,3.5092000356035684
722572.933718,4367886.96072,4.398186326722734,4.426035709140737
722240.219157,4367986.80014,6.819538240143594,7.267123268682701
723501.856414,4367194.45934,3.2313518854927286,2.889045089240309
721737.861548,4367285.17153,3.2294156161717633,3.4447703729092347
722457.971162,4366453.59956,1.8917195456337095,1.8961081240943338
723115.750141,4366323.2537,3.772557049937645,3.7771856915544664
722882.524615,4367694.64849,4.293236913207912,4.417766671530966
722139.908175,4367632.27603,9.299399495841165,9.646475004502566
721830.693241,4367292.95942,5.715795863254934,5.68719770937098
721853.631761,4367693.65404,6.163540735385358,6.240484517280756
722117.326051,4366746.1121,2.063808030269504,2.052643921858043
722866.678076,4368156.92729,4.754439107183615,4.792733442273035
722426.879387,4366646.22556,1.7980205378187883,1.8883827357418053
723384.761847,4368388.61917,6.5398667771933265,6.345697247265229
723223.010888,4367579.42914,4.076658284028484,4.014807304074525
721970.091581,4367085.03459,7.236107368047202,7.400760802394458
722442.46226,4366499.82248,2.1147561889113615,2.1233757174288335
722697.683572,4366638.78528,2.5338913641765477,2.6460066488422176
722650.37654,4367779.16824,0.8947115625066275,1.2136284667703259
722751.11523,4367563.5255,3.1673465083423284,3.1798143523223947
722534.011712,4368202.81798,7.014494746405067,7.051845915590543
723494.534265,4366724.39051,4.045999596421452,4.046193329534805
722425.917666,4367933.04529,6.628712031404451,6.616332879562109
721590.588171,4367724.24185,5.651897052089416,5.389887268403821
721737.79554,4367385.34185,4.826761247731703,4.746413058870376
723415.68989,4368404.06237,5.885128443801572,5.905118681397993
723077.252732,4366092.01459,4.103024324490015,4.077130147437525
723447.530877,4367387.03899,2.930923523090196,3.0557410167858428
722425.94668,4367894.52081,6.38473440266816,6.261762804086668
723029.974795,4367132.30547,3.8944169848655905,3.903370028367848
723415.894209,4368172.92456,4.285007480057761,4.251462952109967
722418.626514,4367339.74,4.76195835691106,5.159245343948159
722914.662895,4366215.15338,3.502825846616831,3.513449199980098
722605.126313,4366261.08218,2.198425106203437,2.221948245491241
722078.52286,4366915.60701,3.658022853219471,3.615174886655701
722085.940415,4367370.24614,8.084189483481577,7.9323949079499085
722125.133482,4366645.94036,1.8727919648027815,1.793171891687971
722597.377116,4366276.48762,2.205615232464941,2.251435003110225
723028.952603,4368365.12118,4.201164286985353,4.199170488190567
722464.794941,4367671.11298,5.007517932686451,5.03891540417991
723223.083137,4367494.67063,3.4385396277012226,3.431086146498622
722326.437463,4366453.47354,2.0134569489147798,2.030412322296675
722899.187783,4366215.13753,3.4465432332949697,3.466229897101236
722875.686508,4366577.31554,3.1985924630104474,3.3985120853521003
722247.836547,4368148.60687,6.071500425201536,5.774715096011549
722906.672332,4366531.10956,1.3113103134457442,1.3495587120555397
722302.69899,4367177.81219,6.467835096279121,6.469910800843521
722967.665725,4367640.80062,3.413399673137946,3.493060742995052
722109.767239,4366491.80217,0.9845058118195771,0.9505932663700957
721884.617766,4367632.0412,6.68025072718274,6.718035509128783
723361.582645,4368357.77555,5.979718258612859,5.795482876735709
722278.739138,4368202.56881,5.250914642154978,5.250021580730192
722458.393792,4365883.31022,0.09486771711538165,0.1302006065738587
722796.927547,4368318.65219,4.867230546098499,4.898939718096443
723083.804194,4367525.34362,4.50726603775988,4.3839631666958825
723462.91532,4367487.22668,3.0854299667222165,3.228422968257046
723044.410527,4368380.5465,4.245280296437666,4.2402452460093984
723363.626482,4365999.83697,0.5984074864585014,0.38101543285283546
722983.036546,4367764.09905,3.9033239006849727,3.917365341085855
723293.304575,4366801.23216,5.18730629062334,5.20492139247362
722008.742663,4367131.30381,6.925067803496687,6.8754505832184565
723516.457503,4368173.03639,2.0906874725607247,2.6898543917002553
722774.66591,4367132.04247,3.433698762041442,3.3145427439294863
722434.867702,4366307.15554,0.7745137395531618,0.8760604388469398
723169.822244,4366431.2011,3.78759593410728,3.8025174364216383
722727.882361,4367594.32296,3.2963806038697814,3.3117144365249667
722790.249026,4366993.35458,2.5082285822722845,2.551617773620951
721985.554185,4367100.46,7.097176100941945,7.084558370557683
722783.094502,4366253.55271,3.5117008311122224,3.527798010151536
722719.988157,4367794.64851,2.488093958923071,2.175056390068521
723394.099087,4366554.7435,4.376241043417409,4.805148614572396
722782.133541,4367471.09321,3.2784694394000664,3.26098191011401
722976.525887,4366261.45648,3.886897350423401,3.9207913744065537
722201.707794,4367755.6158,8.334040936972974,8.057681611003769
723092.334221,4366569.83357,13.216148787047427,13.257452611720801
722450.621839,4365929.54404,0.1423198105509562,0.12453683026975862
723285.112542,4367332.92308,2.899855114277754,2.9089234779489326
723408.815074,4367425.52375,3.1462018164252266,3.1937030596222806
722775.567773,4365983.81107,2.0046948781975944,2.042967577314371
721590.884812,4367261.92692,1.2661744251994986,1.240518872277683
723084.794009,4366330.92774,3.655893072380835,3.729197131918787
722402.437933,4368295.14332,6.57507587082626,6.558162941098817
722309.903385,4367902.11338,5.523356930296938,5.348157783793038
722890.665639,4367193.80631,3.257557115190071,3.2731634643833356
722620.206107,4366777.41804,2.9714703414784807,3.0394201435295463
722526.624608,4367748.22481,5.039628533748145,5.0205394712105065
723247.195792,4366431.28336,5.268374151511875,5.376131292500561
723532.706979,4367302.37241,2.780841683761851,2.8489730107732236
722813.941226,4366384.59428,5.651864736050681,5.542484166155332
723315.418067,4368072.65227,3.9077777433094085,3.9032288428646855
721676.015466,4367215.76773,0.0,0.12190647978586236
723410.079785,4365969.05983,0.0,0.08725719828655483
722481.320946,4366268.66781,0.0,0.04820109895462843
721892.709814,4367108.08156,5.5994223453320044,5.584181158143286
722395.49179,4367239.54597,6.105224904626323,6.132222433570225
723253.519049,4368087.99449,4.857193723067582,4.894933387591718
722798.132163,4366808.42046,4.147560057731153,4.46369524340191
723471.018485,4367071.13337,6.281140723921287,4.249594320642803
721784.17738,4367439.3204,6.35920704035479,6.351030222332289
723455.484188,4367140.46819,2.271147157730892,2.6110093052836905
722147.329495,4368071.46465,4.962949883406575,4.96227494062411
722634.964559,4367702.10189,1.906006504830601,2.1926600566576444
722783.052174,4366307.49841,3.841167847322745,3.8265785954357847
722828.865299,4367078.15755,3.047268187407107,3.0064254241220745
722628.52683,4366014.49208,1.3470937861957415,1.2863172955825544
722001.043349,4367077.35706,6.416974267884801,6.400819505511585
721745.35329,4367655.03186,4.368592529535022,4.456600695239319
722976.582024,4366192.09712,4.161017764291181,4.099087520019073
722187.040989,4366630.58567,2.4642931963936237,2.426805319207604
723370.186852,4367363.83761,3.095883051109238,3.1631834265834335
722814.250561,4365991.55677,2.027078928671717,2.101556902941093
722147.907926,4367262.42738,7.298199558761449,7.2504954933727985
721892.725434,4367084.96458,5.661417203215297,5.854273608611401
723518.091634,4366331.39314,5.777339066025408,5.36879532934223
722805.716444,4367001.07611,2.5588087612587653,2.5350269982518254
722472.554365,4367640.29993,4.901987599903865,4.976500676316196
723455.111069,4367564.27161,3.0402811905319482,3.0568205250190372
723169.286299,4367070.80649,5.468300402873327,5.406705611778867
722596.965747,4366815.92514,2.7947831691160565,2.6522594460918882
723402.229175,4366100.06716,5.287801861513726,5.074186274537475
722828.260678,4367833.28406,4.0492912157956145,4.064824197674557
722937.178885,4367078.2688,3.3871621274018677,3.3726922432677093
722665.860599,4367763.77362,0.6703390453598375,0.8472010157528618
721853.990575,4367161.9862,4.938068072438443,4.991985748032668
722100.855194,4368156.17248,2.5593864104511788,2.5430328463478156
723339.766222,4366755.04583,5.982461274757995,6.043174338508816
721807.442825,4367354.58211,5.6055862450062515,5.595623097927074
722595.782143,4368349.26613,0.0,0.5162903777724821
722186.391122,4367539.85731,8.51783071299199,8.468261545893931
722665.788166,4367856.23381,2.161131243357255,2.1320939150358327
723509.189383,4367649.08966,3.6084204267621427,4.737359804678531
722588.447132,4367833.04143,3.176247268725758,3.4409795136322963
723455.666718,4366932.41083,3.8936744854041465,4.020152155285854
723130.383395,4367332.75731,3.304416525502264,3.3050834662179858
722163.753295,4366738.44923,2.5506633882808023,2.6034635360145955
722000.282221,4368171.48817,1.7414763184690563,1.8286833414889
722959.473737,4368195.54725,4.7848396511955045,4.735454921733132
723578.91868,4367533.58813,3.0383158752475983,3.036725335219908
723471.511954,4366508.59015,5.2119622740350655,5.072534884178284
722875.316325,4367039.67623,3.026688064381027,2.9934789803777484
722682.631692,4366091.613,1.825758471067631,1.8178714094204416
722912.896148,4368395.81714,2.7267534833560934,2.8696686226656665
723532.597178,4367425.66067,3.0763712809351986,3.065622614437436
723152.954894,4368087.88614,4.101443146880407,4.149434507239436
722450.38251,4366253.22486,1.5979747363497483,1.2093435287793675
722518.711978,4367979.36563,6.007310769687388,5.659003866448931
722194.964167,4366368.57977,0.7159332250482838,0.7038279871722701
723609.745593,4367664.6127,3.3221337937395603,3.353355514456346
722473.675136,4366145.35518,1.0694623693694052,1.0305223491441713
722789.759356,4367609.79628,3.707754543831747,4.045593605025502
722983.112599,4367671.63751,3.140602677999378,3.224036803112029
722518.882745,4367755.92219,5.096653646531456,5.0089956227985795
722975.604019,4367394.23841,3.978163229821787,3.9497082398365455
722148.355571,4366630.54965,1.9339510298985119,1.874936224188559
721869.411646,4367239.05561,5.897843650900152,5.848080082823955
722139.544104,4368140.79949,3.8494619125503724,3.9025990704024283
722341.822141,4366576.78842,2.8787975602508173,2.877404185376736
722682.364322,4366438.40699,3.5938012663813366,3.649841093920738
723292.237572,4368041.8077,4.550769196620439,4.6552613131806675
721845.973835,4367578.0702,6.260389595190225,6.316040864682442
722782.011011,4367625.19881,3.203349460855413,3.227592014026862
722968.07537,4367139.94663,3.4860118886051694,3.4594176976795845
722356.746802,4367324.26931,5.299419862154253,5.520382078120489
721745.394199,4367593.39082,4.132488857522783,4.308950672065492
722031.164634,4368256.26714,2.0334559603157234,1.984301570536656
723168.321411,4368211.1781,4.562225617067279,4.577614505480467
722178.355588,4367955.92214,7.780184812792204,8.48797519282314
722914.650603,4366230.56658,3.543166265543426,3.5420591157480197
723192.840345,4366662.41447,4.956495524098448,4.973208213647292
723230.529836,4367833.70752,7.798095592547171,7.7910344542154215
722975.749084,4367217.01126,3.247972331986716,3.241409070705767
722843.271544,4368403.44926,1.5782402163372742,1.9297588115758972
722713.103823,4366708.15597,2.2109208335389323,2.5625993568137537
722233.491081,4366592.09835,1.8459059823608663,1.8958275420115884
721575.407117,4367269.61901,1.2179629349094547,1.2214604878557513
722998.470402,4367810.34562,4.265547454017171,4.2331253902047035
722666.782742,4366577.10487,4.535342904700711,4.6585820589236215
722867.51161,4367124.43144,3.0945469367933836,3.129478115955623
723347.383821,4366893.76277,6.674054511469762,6.308821317745371
722820.338883,4368064.42268,5.096008095186218,5.096738973954043
723509.565779,4367225.29062,4.284846284578823,4.005351020309364
722728.601982,4366677.34702,2.3685448131221585,2.900450067362414
722063.000895,4366984.94504,4.68269788590329,4.779334793273808
722905.976667,4367394.16618,3.7061406654686557,3.7454008877150304
722783.009897,4366361.44374,4.258189399768665,4.342347642672148
721969.916658,4367339.31778,6.800561800539817,6.826790800991941
722031.855883,4367270.02529,7.079329183834955,7.058609757137943
723440.172768,4366955.51154,4.099571509636917,4.189566587742032
722751.46814,4367116.6076,9.507393984873834,9.671158366980842
723316.4031,4366932.25897,5.317556854180378,5.49714369237745
722573.052468,4367732.86064,3.7503213069984387,3.2806769883050313
723609.808264,4367595.26543,3.4856248655698248,3.3964396504783556
723610.196802,4367163.75733,2.954620989710109,3.002919110451566
722403.917981,4366307.12575,1.3104422046194473,1.2722174593543059
722983.315182,4367425.06817,3.8595306669052785,3.923926955018268
722457.609002,4366939.08338,4.108575373572505,4.074232814513143
722696.336291,4368357.07195,3.868082875728051,3.7274369640945886
722278.671019,4368295.0235,4.381437000788547,4.202058996528114
723338.933761,4367718.24876,5.841173629828198,6.142007266133689
722402.443753,4368287.43883,6.673280465399072,6.650546582264184
722636.152761,4366160.92709,1.8993874876108159,1.8965746193861672
722302.20736,4367848.17152,5.003451497812105,5.161297627078777
721683.746868,4367223.48,0.09582168345307612,0.18766020974229353
722318.694615,4366461.17247,2.0568404614890623,2.0488522933439723
721668.128705,4367446.92344,4.003690592135156,3.9746418553383585
722936.260667,4368203.22763,4.778998142479131,4.680788340407522
723494.737389,4366493.2029,4.9790859740342635,4.970596677614053
722752.060294,4366361.41255,3.7498373358468853,3.703417023942874
722735.282952,4368018.10692,4.872555382909836,4.902918006358549
723013.853017,4367918.23156,4.941875979002897,4.8912751146739115
722643.642258,4366484.60658,4.0535834782263676,4.295469794905718
722240.884515,4367069.87426,6.283948372143893,6.305530062311412
722093.6278,4367439.60172,7.672815543519612,7.533153934708337
722394.985996,4367917.60537,6.5010113571896255,6.488217119679448
722975.103844,4368002.94479,5.025719172075302,5.026113122284371
722905.945449,4367432.69329,3.572533850459984,3.5648505133528476
722341.579693,4366908.14812,5.365061431123059,5.411689470139373
723309.344061,4366138.50054,5.380423090965313,5.37178320180457
723106.475797,4368164.88388,4.281328452933505,4.272148947480241
722302.546857,4367385.86086,5.2999038333058035,5.378607894452908
722217.129473,4367824.97546,8.91345597007636,8.857883495550272
723075.416866,4368303.53415,4.2617714787767085,4.263140936319664
721993.120388,4367347.04443,7.073455359079846,7.072015022461349
723378.843775,4366300.41476,5.370741359645749,5.505575854041158
722093.828673,4367154.49906,6.224341438694385,6.147361822159166
722635.632626,4366839.08138,1.9637383386038985,2.441317993239468
723447.7407,4367148.16534,2.329814810125935,2.837550793006235
723424.084855,4367656.70066,4.1992926497418654,4.3007509277370755
722334.482419,4366029.62163,0.0,0.0004959062972813426
722225.979456,4366276.13137,0.6129525892505375,0.6470072769406678
723122.82096,4367124.69746,4.280909113859424,4.092948075410933
723346.970863,4367371.51778,3.058327774592561,3.075661325648346
722689.153233,4367655.92548,3.264657025843433,3.0957762754548286
723456.453249,4366030.76505,0.2564417854178687,5.3087805967222
722814.177934,4366084.03792,2.643833220961415,2.6495102475807726
723324.020638,4367070.97267,2.7716893199339707,2.779064569777519
723369.945275,4367641.23068,4.358684970659048,4.413654774145557
723239.282595,4366639.34542,6.231312469907547,6.20224604161843
721551.952674,4367654.86297,0.0,0.21603811496267059
722241.20608,4366622.93026,2.535695483981963,2.6211586446824717
721729.881283,4367655.01822,4.428876945653755,4.4368452436669
723223.580377,4366909.0413,3.2549752945238684,3.2846545791754798
723385.941288,4367040.21679,4.392054358372481,4.729741206407211
721730.175764,4367208.10966,0.0,0.14947901161371302
722496.066234,4367239.64375,5.690881736248064,5.707501583356462
723331.010225,4367933.98155,6.623355263269125,6.622075501199974
723532.6315,4367387.13331,2.951051798646085,2.9676108804449526
722318.059108,4367331.93763,5.916335734637631,5.900034412103913
722821.501811,4366608.0852,2.708668043106051,2.8022133304495687
723207.341654,4367810.56744,7.9270558228432275,6.727795838440568
722782.38423,4367155.16736,3.360537558630445,3.3633252920941903
722147.406956,4367963.59778,7.678559334690282,7.791916984458719
723330.728332,4368257.58217,4.1052514381596055,4.060916013576298
722481.027372,4366661.69024,2.3443535651246465,2.3587582601143806
721822.920699,4367346.89049,5.896455984808215,6.132253377716181
723416.04369,4368003.41917,4.797651421695545,4.610556835972558
722357.013734,4366962.10388,5.6336307959083465,5.604871298814971
723547.884032,4367633.72231,3.8293882664885377,3.9936464993420207
722843.937216,4367579.03075,4.752050798035089,4.785751213937183
723021.799518,4367663.9729,2.2117535486085194,2.2666753019925765
722497.048623,4365929.58882,0.3380062409105852,0.28095619805113936
723253.578732,4368018.65119,5.2242258260208265,5.242885550748102
722264.122367,4367031.36752,5.775467428781917,5.845490111591125
722596.89501,4366908.39638,1.8806341825602177,1.8883995735521357
721668.263974,4367238.8775,1.9411734721987517,1.7836679416935473
722488.74719,4366684.81612,2.5797922576969317,2.712458807550802
722558.304595,4366785.06298,3.75422654639385,3.6488344377726567
723307.942791,4367772.15086,7.171046718346159,6.9694820984502845
721861.493028,4367508.73713,6.924971624809972,6.912999074905911
723502.08112,4366940.16793,4.6496835899012146,4.53545740850498
722930.113287,4366245.99556,3.6105182762767885,3.71271463489988
722402.721783,4367917.61291,6.508110883128242,6.4955284010784355
721853.647387,4367670.5388,6.22292145656371,6.281597133338978
722464.934557,4367486.18756,8.81715571350052,8.37462329607902
722581.937232,4366230.23318,1.928564831085053,1.910525097255227
723301.763379,4365953.5293,6.5830148443425305,6.770728762331331
722534.807351,4367162.62567,4.818822274215433,4.71174532813495
722682.083957,4366800.59769,3.2029137714045914,3.0810151726445705
722016.878281,4366553.36699,0.7780604248044956,0.7937621710402947
722479.757142,4368341.4463,0.0,0.6789070190235075
723432.74506,4366601.02334,4.2395361205522475,4.216392120725183
723114.691125,4367594.72396,3.7063991937785485,3.7165314233736937
722665.866566,4367756.06858,0.7189861770113627,0.9337279438903417
723487.074316,4366408.42398,4.882237114229398,4.94628082051002
722458.016972,4366391.94866,1.7629114700200383,1.7649406327561346
723223.266682,4367278.91757,2.8960889492633357,2.9065101900413217
723052.152372,4368372.85019,4.253767873182964,4.2546415896114125
722658.586666,4367170.454,4.229757441116477,4.46004726848036
723315.818862,4367610.35062,4.312890835480921,4.256674614691234
721768.520329,4367716.69309,5.847531041020115,5.987559396860703
723401.186362,4367302.2272,3.505698126916914,3.289928028099219
722642.466148,4368002.60348,5.151161570726039,5.083949121422541
722944.633439,4367425.0279,3.701493696041294,3.759255626818664
723563.363261,4367626.03436,2.178493804597942,3.2940721930493004
722751.964011,4366484.71467,3.6800004525635326,3.6932781772541037
722457.169309,4367524.70648,7.296424484919422,7.074523382616069
722232.875194,4367447.43762,5.578800480755893,5.720822794663148
722527.181772,4367016.20954,3.428180413712433,3.423806449026161
722147.268611,4368156.2161,3.820029310841595,3.8730733423337247
722054.984272,4367385.62833,7.934058400665635,7.9101194662959715
722928.556648,4368164.69629,4.842219470975421,4.846546448526065
722225.726343,4366630.62189,2.8219919272305902,2.6903575212614967
722697.052504,4367447.89097,3.3264260561703125,3.3727293670866434
722605.214145,4366145.48332,1.6269003802008473,1.6095240232816992
723331.043727,4367895.45676,6.7329189454578255,6.903163864715752
722357.633804,4366114.41731,0.13804793800178639,1.3156081924713579
722611.857908,4367571.0907,4.208490025195127,4.335790432184729
723385.867614,4367124.98034,3.0054595046491106,3.66768070462145
722712.597779,4367355.44155,4.120774293480794,4.255451257574659
722288.000932,4366106.64479,0.0,0.04184676876334816
723502.711306,4366223.48399,4.166794256215331,4.1251988062223495
721931.4295,4367054.17669,7.345090900397633,6.9221321183591495
723409.600227,4366523.93509,2.905170333220417,3.1316795460687077
721691.407918,4367339.06879,4.41858236374244,4.089271521329261
722905.494468,4367987.46247,5.0599922547291145,5.05453506142572
722473.600683,4366245.54074,0.715884799079523,0.4694472368605864
722628.332844,4366268.81152,2.3875466438992325,2.418226792048984
721915.540896,4367662.88966,6.730111297235216,6.764290377148908
723539.858086,4367957.32736,4.016954402462765,3.988807554370623
722527.362578,4366777.32666,2.370384326684287,3.4315101186923895
722573.91337,4366607.83788,2.365946834436593,2.4048649560191695
723455.029492,4367656.73482,4.11638508293383,4.081859829766034
722836.132966,4367663.7801,5.371709686663606,5.034900685739536
723401.038289,4367471.74774,3.2760815149662856,3.2669813500047042
723355.55853,4366385.16119,5.654285361237945,5.698587696505902
722380.604059,4366445.81883,1.6813952240940384,1.7281915384947364
722380.263875,4366908.18521,4.90327870259434,4.961158333001364
723385.511836,4367533.37374,2.828581898486987,2.720263523314713
722766.250527,4367987.31907,5.285478184442671,5.178041750130698
723316.614516,4366685.66562,6.495234480550724,6.428577166932656
723431.630975,4367872.45227,4.744950887381725,4.7624423857698295
722024.354678,4366930.96892,3.708109250828356,4.163676474431403
722070.521813,4367293.17742,7.3801384138368835,7.322049533231855
722666.610043,4366800.58222,3.4782021792438442,3.269557271454953
722085.455329,4368055.99712,5.273924815879619,5.254989957592164
722921.305397,4367571.40526,3.607065076708945,4.063978553784981
722148.224927,4366815.49474,3.0273045697628764,2.9925950886289514
723385.887678,4367101.86311,3.14971310791985,3.526665398010639
723431.467706,4368057.3702,4.198614782357891,3.848038709587854
723432.563694,4366809.08953,4.286330514072224,4.408888412343643
722851.530628,4367756.25747,3.7388648865515965,3.7080988534314314
722209.393529,4367824.96811,9.320989687435137,9.244521756901863
722325.891693,4367200.95119,6.315349174497626,6.3535412608710775
722109.203906,4367293.21328,7.501482061574538,7.472119508726844
723516.767489,4367826.31653,5.165006300321409,5.2218288377076165
723501.535373,4367556.61778,3.1059035237634145,3.464209570974338
723440.488961,4366593.32559,3.957476733168201,4.158203408951664
723346.830492,4367533.33144,3.1726649973603416,3.186580692592069
722217.202062,4367724.81024,6.747958214342206,6.895808148763488
723175.92558,4368365.27802,4.002077098486813,4.145891955363353
722102.05156,4366460.96992,0.0570856692889324,0.07316613680055443
722636.23513,4366053.03352,1.5059214420432179,1.476319359253993
723037.182247,4367771.86099,4.107413535036977,4.0454798521844575
723524.234579,4368126.81665,4.268096958644636,4.016141008152484
722132.34754,4367385.70016,7.54918053474964,7.6888069290813155
722875.006305,4367424.95593,3.4765563695567625,3.4071957163871875
723355.70393,4366215.61722,5.716086322888814,5.645151922297887
722186.551517,4367316.40201,7.1118922094389605,7.1753231705396985
722102.089162,4366407.0256,0.0,0.015546448578201049
723423.582176,4368226.86586,4.570777825890051,4.583760338180758
722704.564811,4367732.99234,2.0949408788020474,2.215622295117179
722264.472851,4366545.89026,1.2913564098488706,1.4478862245288262
722418.187626,4367925.33287,6.579432380619738,6.552805752854988
722626.717742,4368357.00162,0.0,1.3623261031848428
722233.628823,4366399.44143,1.1312411137436444,1.1362250607808613
721761.045237,4367323.71924,3.3745761844582325,3.585124510391118
722194.805455,4366592.06211,1.6574911656550566,1.6917377633915502
723471.639916,4366362.16817,5.181658678139389,5.093261121865199
723316.673877,4366616.30979,7.166980283471813,7.184461256064463
722062.465953,4367747.78031,9.335608847815942,9.21336934254671
723292.961418,4367201.93639,2.571062503018482,2.5378609346101366
722117.04379,4367146.81497,5.84756335705885,5.932563001121497
722681.850397,4367101.12613,6.438790287035179,4.669401097827594
723177.566101,4366423.50293,3.7961481429300523,3.800198724479106
722342.119447,4366168.34902,3.514346899141148,3.135133533027409
723525.148345,4367102.01642,5.318073141370667,5.051296441509218
722062.887902,4367146.7648,6.560456710445453,6.45484585301921
723299.799541,4368242.13907,3.477104972785791,3.335665024673716
722682.400048,4366392.1687,3.291604370287475,3.294887976053463
723409.840392,4366246.50237,5.377260351031347,5.309430765413796
723130.512497,4367178.64555,3.3595049842498628,3.334813591308116
722364.948784,4366692.40279,2.8352557375581986,3.0195433483093765
722332.93365,4368140.98394,6.198717512979554,6.128902427633748
722117.032951,4367162.22615,5.938248317189473,6.157335208036637
722287.684362,4366545.91214,1.7757688292175855,1.96797700046019
722665.540278,4368172.13106,6.310959963950664,6.195389648859659
722643.890391,4366160.93475,1.9369296838261012,1.9469664637689637
723456.050827,4366493.16049,4.776997241080695,4.929295867565397
723509.933667,4366809.1746,4.154853479902188,4.243954140078302
722783.088445,4366261.2593,3.560237982435487,3.607307857874796
723501.815475,4367240.69324,2.783216912608985,2.8327883418297137
722117.585325,4366376.21446,0.0,0.0032898679602774996
722967.974787,4367263.23675,3.6061613817685623,3.520713744692805
722518.717815,4367971.66082,5.983623113293519,5.889902544910069
721745.664017,4367185.00668,1.6434817781480295,0.7146909631212062
722991.932221,4366346.24409,3.7238906344594356,3.6504080322698953
722456.81418,4367994.71431,6.865235427205516,6.698380373080752
722866.603002,4368249.38293,4.580201413614468,4.464848700109154
722233.573813,4366476.50477,1.3246258679068044,1.3646040527004135
722844.566156,4366793.05563,2.4084299221458427,2.3738102834467654
722890.944609,4366847.04508,2.060477554705908,2.1154332999461443
722967.949541,4367294.05901,3.6836148476103143,3.653232520995823
722504.238659,4366661.71287,2.522644613266745,2.4745032326227445
721962.127192,4367416.36462,7.147972297258789,7.16422136783559
723378.384751,4366832.14846,6.70990915644793,6.645944271678758
722982.979438,4367833.44443,4.368334385939874,4.3728776339631725
722109.734874,4366538.03971,1.25558592122158,1.230383581122595
723169.279801,4367078.51231,5.23000231794498,5.009143817804431
723471.707196,4366285.10284,5.361285840597342,5.208429546234758
723107.738454,4366654.61828,3.3724137028661163,3.3816408363897605
723269.163166,4367887.68441,7.4159607427763135,7.371458987541626
722504.093675,4366854.36374,2.870790684581723,2.9629096912447324
723254.783032,4366608.53709,6.424622781767188,6.41595538319378
722472.314953,4367956.20534,6.612027722262482,6.607595459057616
722998.90176,4367286.38565,3.5522670775952236,3.563341678658377
722874.376124,4368203.16328,5.754296576262029,5.754560981474387
723238.245986,4367856.83093,7.704958460620044,7.584780784023719
721668.223953,4367300.5213,2.479238402522396,2.5377038782771684
722411.313924,4366769.50787,4.162373114344379,4.158353705846552
723130.847119,4366777.94064,2.9031630840286593,2.991957350840243
723339.187729,4367425.44762,3.2236745180043225,3.206589058524421
722897.582814,4368203.18734,5.352959459330979,5.1447680402053795
722580.466805,4368148.93173,7.445392959770348,7.209084051673793
721683.731841,4367246.59652,2.1856225688573194,1.6806265226008337
722704.522301,4367786.92782,2.0898259038851252,2.2421345250665916
723471.255451,4366801.4259,4.115190928359567,4.367723576644568
722426.201336,4367555.49735,6.480259843743817,6.507095879439558
722889.916297,4368118.42778,4.876654133822916,4.839362206668998
723106.521205,4368110.95081,4.480319078030587,4.464626757402254
722047.677424,4366769.16597,1.571298519623558,1.5127798475092944
723099.431193,4367340.43002,3.3901313558181574,3.3855805623845066
722627.562943,4367270.59583,8.055273553677836,7.8805767307577845
723432.186415,4367240.6164,5.423248382441896,4.775743275674172
722093.39889,4367763.21914,12.183244321213461,11.958250480132623
721791.862242,4367516.38003,6.264681857620976,6.281358736382351
722077.675896,4368117.62755,1.786244419417301,2.0249872276681566
722295.521864,4366407.2061,1.5574666779722082,1.5765996783963743
723099.86078,4366824.14421,3.248101211426916,3.228473986818486
722781.697382,4368018.15427,4.915219094192738,4.879051219853705
722109.02395,4367547.49004,8.688841034549702,8.608841795813516
722133.06001,4366376.2287,0.0,0.005968087297894252
723130.660672,4367001.4132,3.880862714904102,3.8668398619962323
722859.941554,4366916.36683,2.254410912098096,2.3269195319630005
722271.23558,4367886.66648,7.462722820257551,7.386095459316586
722891.401119,4366276.78215,3.591219445715137,3.588646491954437
723547.538584,4368018.97523,3.8021185310866223,3.7782589164340505
723122.090116,4367995.39523,5.32391465008704,5.232950428599386
723517.93571,4366508.64126,5.0296563427947,4.840088579850025
722635.436499,4367093.37408,3.059996282449709,3.5400400527358133
721629.432618,4367470.00557,2.988003457724934,2.9259047899532082
722758.888052,4367517.30161,3.2068574822746867,3.1850525848429356
722982.909546,4367918.19909,3.1439008375242383,3.668498533827171
723301.100831,4366731.88572,5.592354750717381,5.598181532553241
722434.099322,4367339.75498,5.653833321410381,5.6360225882641775
722434.249116,4367139.41054,5.744550597579738,5.735034203578089
722489.127373,4366176.19663,0.9691990700074374,1.030384268968278
722574.281252,4366122.33302,1.3484104724168826,1.3358105696177638
722720.285717,4367417.09283,3.86466199219894,3.9243319296130927
723340.189268,4366261.84017,5.982622854951676,5.981226889793238
723092.582197,4366269.28364,3.8209330057819746,3.8337053707199513
723177.346733,4366685.51649,5.059798743211443,5.0428025304356145
723146.095509,4367047.66451,5.496248005659211,4.646361227971632
723169.150071,4367232.62609,3.117308584791551,3.103182862238066
722945.594482,4366238.30486,3.6660264588132154,3.6807492936628607
722318.839913,4366260.8057,1.0860148175318838,0.980354904743543
722101.700812,4366961.86338,4.342258420397476,4.354588711158668
723285.337014,4367070.93083,2.501958116613156,2.530921174358114
722681.150989,4367994.93756,5.101429880113764,5.119633603990448
722720.322082,4367370.86029,4.325896502213381,4.413157201019406
723138.429642,4366962.8921,3.1061391615458684,3.147339169021257
722944.331278,4367794.87888,4.537795845926711,4.550611616305987
722519.58489,4366831.26104,2.580537642518978,2.599875795544339
722001.038009,4367085.06279,6.652368141189074,6.583695724812388
722218.03881,4366561.25906,1.024210297269606,1.2079376105214237
723324.549575,4366454.48559,5.476562152062216,5.503355225892767
722511.900286,4366761.89943,2.2534298894935962,2.490558765906002
722348.981917,4367362.78911,4.610376130069947,4.593712694780715
723199.540049,4367887.60925,7.176081095523611,7.299267447647493
722711.825507,4368333.97425,3.261591234025679,3.314478598131465
722519.410056,4367062.43656,3.968126791505616,3.9839803029963097
723277.580587,4367094.03978,2.094811807004472,2.298791566440051
723401.882967,4366500.80764,1.1395996186913706,1.7318203505343133
721869.051403,4367770.71837,6.775712305610421,6.7499282054495735
723292.47739,4367764.42893,7.378105581114457,7.132724864610906
722317.826862,4367647.85503,6.589759663284537,6.587108299272406
723092.652011,4366184.51106,3.477072656747055,3.401468970580462
723262.598663,4366516.06998,6.066885387098163,6.029229691568816
723291.956972,4368365.40382,4.820048360113687,4.849640727701403
723502.474671,4366493.21143,4.993092283823316,4.969086786108175
722744.142403,4366592.59469,2.979841734370229,2.9438100044246607
722851.617553,4367648.38565,5.598906058141715,5.507558566895778
722411.302552,4366784.91992,3.703817373112349,3.981445645280338
723331.949781,4366847.51009,5.416471247461153,5.374707872174192
723424.362098,4367340.78038,3.004368645984379,2.874881104496964
721652.671273,4367423.79398,3.686842219621749,3.6359959465251617
723471.93553,4366023.07512,5.897779018822678,5.7938174662170105
723294.018956,4365961.22785,6.664760572615037,6.942664767585504
723254.501651,4366939.89818,3.8324221269823013,3.709406955993322
723231.022876,4367255.80915,2.8505593054736758,2.8704496530402266
722805.838568,4366846.9582,2.0165808326593107,2.0446854840838786
722225.333534,4367177.7388,6.540803172887193,6.571898470182714
723301.13376,4366693.3551,6.117456140573349,6.104434495098589
723145.564362,4367679.51423,4.245570756071546,4.248200814965712
722333.92746,4366792.55177,6.055428966651321,6.000605394009521
722697.323715,4367101.14168,6.427785521701154,2.9983340298450822
721861.55552,4367416.27359,7.282353927767645,7.292149168403832
723355.769958,4366138.55053,5.1393496738530935,5.152160881130744
722108.728187,4367963.56149,10.711534215107179,11.354465161252207
722665.382559,4368372.44958,0.0,1.206420417033481
723477.84791,4368095.94569,3.811412854656094,3.7511590810669624
722643.131433,4367147.32158,4.715422106986232,4.631544251115139
723145.985726,4367178.66192,3.2895711528503,3.2390426429779047
723633.274672,4367310.19058,3.5114426875170777,3.498388187018239
722487.510163,4368318.34042,7.718802805500667,7.185429093340465
723169.182524,4367194.09791,3.069174422165627,3.11697795901453
722534.390137,4367709.70705,5.173816652739325,5.0858524814746096
722287.180982,4367239.44211,6.409325754002411,6.4145237780611755
722960.470434,4366978.11745,3.1595721927377163,3.1869830307367613
722441.974199,4367154.8293,5.83713951099259,5.838234977770572
722951.623862,4368334.22169,4.087985825035128,4.057099367446941
721877.226185,4367123.47891,5.129700258572267,5.1257987982298125
723115.730967,4366346.37317,3.7592609235713046,3.7711375063817876
722317.815475,4367663.26533,6.505787206057187,6.2982190771427655
721737.973058,4367115.6495,2.68068485420608,1.602802827171646
723278.132137,4366446.72929,6.349170602038621,6.343148578238164
722960.219399,4367286.34536,3.6502131438581458,3.6510502485229805
722434.822048,4366368.80702,1.6411742590963438,1.6056604300270672
723277.137925,4367610.30864,4.327961650974544,4.286408941251056
722674.137724,4367070.29551,2.1687701393709733,2.756121390471244
723108.139882,4366169.11389,3.2350632286557173,3.2629138425456317
722650.784359,4367255.20783,6.139949642392951,6.151792439554367
721985.458562,4367239.16073,6.617965409665571,6.619313679428553
723517.50719,4366994.12634,7.047315530889471,6.612644522335853
721698.942204,4367647.28578,3.9787441490895508,4.064835724016908
723114.542357,4367771.94287,3.9685461305796994,4.196744647810221
723284.781179,4367718.1898,5.869444008286699,5.791658048877823
723378.677749,4366493.07611,4.487192776412794,4.499603048985135
722727.912754,4367555.79671,3.2058666494441392,3.2260634515448725
723548.447545,4367001.8666,4.175895068267131,4.865011646088753
722062.704377,4367408.75161,7.8949767683907766,7.86390662528422
722951.674643,4368272.58531,3.84442715065817,3.932155867264639
722549.465008,4368225.9472,6.870753775534521,6.810429651467901
722248.437212,4367324.16591,6.4879410583796915,6.471949081126737
723160.945344,4367787.40247,8.279339116545975,7.942151241614337
723161.949789,4366593.0257,4.493776399875863,4.824741519162998
722101.543577,4367185.32862,6.630551737323951,6.612366676729076
723044.635832,4368110.88515,4.381340052672335,4.414029612495439
721962.259728,4367223.72851,6.479130321247025,6.500541125740553
723431.671685,4367826.22213,4.77167240426936,4.933754052080473
721830.667391,4367331.48657,6.298083561373145,5.991493382141993
722582.106336,4366006.73974,0.0,0.30860152032107674
722882.761325,4367401.84767,3.716855355883545,3.735832854991722
723361.562388,4368380.88908,6.295146648995591,6.030822063608121
722820.518573,4367840.98107,4.096505333104414,4.0172712008704545
723169.09815,4367294.27078,3.1017501433562793,3.0842543931008
723340.241966,4366200.18727,5.691139879843209,5.685393147912997
722543.243868,4366237.90186,0.9313114961281577,0.9138266863245219
722766.501978,4367671.41408,3.2640437905369337,3.443334557266097
723261.214919,4368134.23142,4.705869255106867,4.696799407206167
722812.36738,4368357.19059,4.790099855929364,4.717792413023476
721667.972928,4367685.78406,5.773273015865807,5.5940670175686815
722729.033716,4366122.48596,2.3601863081744328,2.3266819863801147
722937.733021,4366392.42696,0.5830555887529513,0.6131014186510072
722905.236457,4368303.35512,3.69077939034115,3.7864431398307214
723355.763418,4366146.25728,5.208831850139838,5.198788904758427
723044.526489,4368241.86466,3.9730319045281255,3.992160612689854
722881.948378,4368403.48944,3.9453747613761196,3.121557943593291
722232.880787,4367439.7323,5.492472415133494,5.681300452410043
722473.128813,4366877.45137,3.477266168264726,3.509377833832135
722395.70894,4366946.72936,4.9984817527121255,5.002922415394055
723122.627568,4367355.86558,3.322456569412179,3.3155882916607675
722511.993073,4366638.60194,2.4756788293270433,2.4748932214240758
721892.621005,4367239.07646,6.21850031469276,6.221623699077545
722836.589694,4367093.57695,3.0559525457454266,3.062759322227985
722727.290228,4368341.69449,3.0978354784495687,3.2520394570393263
722094.115173,4366746.09068,1.9200093521869306,1.9582742725638957
722813.532696,4366900.90771,2.074080298725501,2.094441500209596
723292.789374,4367402.28086,2.9275576537698864,2.952562596539906
722998.730785,4367494.43275,5.19753662517193,5.211124823896392
722991.1337,4367324.90522,3.6769023447070426,3.6526371578052625
722991.662836,4366677.61549,3.194707036424501,3.185299213348629
722658.1306,4367756.06079,0.9220106324079889,0.9501718898948035
722371.594349,4368164.13536,5.998661997463154,6.014431544190898
722867.332027,4367347.89358,4.985766160898799,5.069266303061987
722944.733832,4367301.74044,3.928270343730578,3.836873915999407
721761.009553,4367377.65708,4.759602748516015,4.846017230303714
723478.02599,4367895.6187,4.51252662720849,4.425509398207726
722837.067852,4366492.50698,3.055749224001711,2.8273666246119693
722473.416917,4366492.14607,1.980038894785872,1.9554021032540037
722767.745908,4366091.69795,2.3014797995899565,2.3434955096641095
723199.323044,4368141.86921,4.661495102059413,4.72176745198484
722843.992924,4367509.68313,3.094914724091384,3.1724147708099664
723369.635664,4367995.66319,2.8749894613289886,3.0844478284449424
722093.229354,4368002.0711,6.472579398537437,7.2035062356780815
722411.938505,4365921.80014,0.02953994914548692,0.040086597061375094
723292.530552,4367702.78796,5.635825593539201,5.578394246604953
722844.688758,4366638.93357,4.176475987534896,4.202294646621434
722365.022246,4366592.22296,2.875438038723833,2.8864499420552767
722766.262769,4367971.90942,5.17346156102797,5.0127951712428
722928.676593,4368018.30598,4.984798218595691,5.018006094594661
723509.100211,4367749.25702,3.757873257479368,4.758314555807893
721846.145255,4367323.79505,6.504689999599133,6.244244746146609
723285.297492,4367117.16537,1.7158845164355885,2.1353800838195474
722657.822844,4368149.00925,6.129138388576598,6.068219172831847
722612.155321,4367185.81902,4.940714140467369,4.828572423590298
722836.988398,4366592.68851,3.0348401698670604,3.1190697787025856
722882.605662,4367594.481,4.5584177105028285,4.2059185114216975
723037.322847,4367602.3475,3.691360309608914,4.000715931161904
722967.886548,4367371.11398,3.881120858499247,3.9011541479841356
722921.223796,4367671.57308,4.327897403611818,4.427652851808455
722836.675685,4366985.69594,2.6676597593789,2.764837432184913
723447.259299,4367695.25225,4.4080292535212315,4.424045912148762
722232.500265,4367963.67831,8.633075093132875,8.478873689823658
722404.245816,4365860.13767,0.0,0.32534906600919006
722202.509668,4366638.30627,3.0209340782695677,2.6066474968139968
722751.431698,4367162.84165,11.986964396222778,10.990367516581086
721845.885332,4367709.0572,6.061367038769155,6.084348951348478
723301.74373,4365976.64991,6.712619856554329,8.97932641219586
723323.761594,4367371.49256,2.983169132215848,3.0119274743955575
723098.850371,4368033.89476,5.04082268832241,4.9902721631486235
721675.945283,4367323.64436,3.0619035058072828,3.219038755317546
722504.417914,4366422.81915,1.9153977765162817,1.9095223787106552
723446.829939,4368180.6635,4.277358966175371,4.351523307902806
722789.537952,4367887.17918,4.416710341784204,4.403782595945997
723386.859682,4365976.74155,0.0,0.003636306938048438
723370.634456,4366847.55207,6.494427349011806,6.386744795748823
721528.720147,4367693.36831,0.0,2.454558825613214
722418.862049,4367023.80989,5.579284451907444,5.58033229638577
722349.907456,4366098.99667,0.0662264495962298,0.05519900780485252
723316.937243,4366308.05445,6.024802595083026,5.752621918354938
722704.358259,4367994.96108,5.168039776100427,5.140065971162579
723230.589153,4367764.36199,7.89284698755214,7.835523706990293
723005.970296,4368095.43483,4.803751074007063,4.801694747139759
723456.366235,4366130.95305,5.646281755644201,5.320588851115923
722859.378554,4367617.57279,5.1793673171070695,5.083725759502939
722936.966054,4367340.25997,3.7434476086162323,3.8994239872805068
721652.515944,4367662.65526,5.332983146100101,4.096342860372528
723083.913422,4367394.35201,0.8085028546344477,1.1615562022229509
723278.099407,4366485.26119,6.19607106023588,6.2143976343032525
723046.257975,4366145.92933,3.937693931454995,3.95691473571056
722619.240939,4368025.69465,5.44086908727773,5.520559029591858
723169.777223,4366485.14577,3.770878924211828,4.325457638096468
722550.198261,4367270.51915,6.217080332562087,6.114204653872134
722504.227043,4366677.12506,2.5028133374954344,2.585794516777275
723510.293281,4366400.74307,5.02149154172202,5.184050317378781
723099.54682,4367201.72977,3.517122616039767,3.476836366103669
723037.800304,4367024.43299,3.7588092684584864,3.768750521421406
723347.629266,4366608.63701,7.5253312981620875,7.469464610725098
722070.467716,4367370.23185,8.037620532803265,8.017861360269785
722643.286265,4366946.97184,1.8439470148698376,3.570247975219525
723340.45257,4365953.57083,0.14433875747548766,0.21500504425197653
723455.828664,4366747.46631,4.2431828316377675,4.208719380585762
721792.118813,4367131.10859,1.609460395117352,1.6239616900564453
722263.454588,4367948.2981,8.002508387286545,7.6710173283161085
723378.338086,4366886.09047,7.648837042777115,7.4784035648191285
722836.55885,4367132.10544,3.1577875010270176,3.1538379690380745
722032.032673,4367015.73971,4.844349636528802,5.057603770150651
722534.860036,4367093.27463,3.825999698998165,3.86324655893544
722581.714978,4366523.07698,2.4664264396649824,2.4692111919741495
722070.429864,4367424.16945,7.782540805901995,7.756573670006055
722419.636716,4365975.75528,0.0,0.0006578312836661551
723479.195246,4366570.24921,4.0143725817965645,4.252089118833248
722574.40346,4365960.49136,0.8500404096745925,0.7534368195869869
722023.553799,4368079.05375,13.560751635543795,14.075356623093967
722518.788595,4367879.20211,5.396365670075328,5.6338152516256015
722751.456046,4367132.01901,11.485164024440081,11.193370786193487
722820.307854,4368102.94646,4.919575988700965,4.858691454509734
722712.458566,4367532.66522,3.295348029489199,3.293973367909865
722488.521418,4366985.34855,3.835035878972492,3.872837906141801
722774.348281,4367532.72791,3.1348646575499117,3.1323710465891534
723168.727046,4367733.47506,4.78716294355181,5.312308035464169
722504.64276,4366122.26519,0.9723972036981142,0.9622998292590477
722650.292281,4367887.03806,3.1883234646297978,3.3224353166153997
722705.312845,4366777.50283,2.4270995517389986,2.488746973734394
722984.007119,4366577.42695,12.743909126984217,7.057855423466131
722766.630468,4367509.6042,3.207790030821085,3.180032017001328
723107.238405,4367255.67722,3.370929473372715,3.365354263049987
722016.825234,4366630.42866,1.0112271363498337,1.0526749605224233
722179.16156,4366830.9355,3.5817635419519847,3.5256090447962767
722674.531824,4366561.7001,4.364655358815621,4.314137752913289
723332.253959,4366493.02583,5.531941070443697,5.5191809063492405
722727.271785,4368364.80793,3.4964361193861784,3.8065178067774905
722650.490731,4367632.77108,3.785014113441081,3.7395460678684067
722960.739396,4366646.75885,3.9930732345512214,4.095789145823382
721799.901529,4367061.76454,1.6077370654087773,1.706602326228224
722665.467505,4368264.58643,4.710290781692567,5.214705113211427
722929.379764,4367155.31793,3.3288139806040964,3.3060003826500797
721977.455902,4367624.42042,7.47653561852893,7.3222457800713965
722659.406896,4366107.00343,1.767200462375447,1.781457537315521
722117.288178,4366800.05409,2.608995377059207,2.5276899455813346
722673.747338,4367571.15261,3.467939528656519,3.4550584131310105
722086.194878,4367008.0838,6.057332919933548,5.86823485060673
721691.170762,4367701.21454,7.003360332201349,6.67855175299539
722944.135519,4368033.73172,4.920447367602608,4.922795269391842
722735.289085,4368010.40206,5.110046721014006,5.066496106819994
722535.627891,4366076.05515,0.8935529940464503,0.8966216266399718
723162.347984,4366115.22403,3.252490421973878,3.4358954955569145
723354.258169,4367887.77717,5.621012536925976,5.383195447765332
722921.073088,4367856.49489,4.437396838437789,4.358142075058008
723610.106694,4367263.93098,3.4565154242484146,3.4481495947166385
722117.542226,4366437.86521,0.0,0.008226104189404018
722380.790353,4366191.50563,3.546909924745153,3.5154229612920074
721815.323396,4367138.83485,2.6541989751008983,2.9487936086810156
722372.504299,4366939.00125,5.258208449040759,5.271447199819184
722271.831156,4367069.90354,6.270910389372695,6.274510272979203
721807.648417,4367046.36002,2.436032435803791,2.15522913899053
722139.510871,4368187.02724,3.4838174756890625,3.5137250058292753
722952.633437,4367101.40206,3.2684972484466215,3.29899115041669
722991.442815,4366947.32605,3.325361165750998,3.2701262414826946
722952.300512,4367509.79501,3.6183926177155876,3.9614255615138614
722272.143348,4366638.37173,3.3514048152546567,3.402237362113796
722348.788311,4367624.76938,6.560585974600399,6.5819738170095485
722875.748031,4366500.25274,2.0804636781628325,2.3948317972038557
723245.511158,4368403.87573,5.637826494937638,4.974940162505034
723540.388553,4367364.02538,2.915736331385645,2.9409282947661217
723161.704718,4366885.85756,2.490149682172934,2.5590533628948187
722897.896607,4367817.94582,4.378177312738374,4.210569843802841
723385.478191,4367571.90033,2.421332485326144,2.5443575950359025
722139.593879,4368071.45736,4.918639977721846,4.902557573267647
723316.502292,4366816.66927,5.222805843890154,5.228373154095559
722426.696205,4366892.81817,4.224787696016496,4.196288740060555
722781.789767,4367902.58115,4.546283422672013,4.5441376400081985
723555.433646,4367841.76991,4.293720884359466,4.240783331137254
723385.538728,4367502.5523,3.403169338589356,3.2739063497136733
722340.657789,4368156.40069,6.159345421070813,6.13642468275279
722959.973754,4367586.856,3.27943776641792,3.413869030899838
722434.70795,4366522.93382,2.261481776788073,2.260917389097692
722078.387982,4367108.25089,5.421828400311223,5.678991180597946
722140.237107,4367169.95338,5.722734578429361,6.022212086018977
723346.508826,4367903.17865,6.3732779822213175,6.185286368664526
722093.070251,4368225.50658,2.171396971662555,2.1926119348058943
723410.006754,4366053.83498,4.219172014856532,4.410403693558881
723005.778334,4368326.57406,4.112189768619286,4.11176074473616
722968.956247,4366053.36871,3.4561603325370576,3.575029735084905
722488.538784,4366962.23109,3.6597656110227623,3.666097073589715
722404.116047,4366037.39459,0.0,0.001544078839216874
722937.764033,4366353.89473,2.504598029206133,2.51216181235853
723431.153868,4368411.784,5.45645657467639,5.508360010811893
722976.426159,4366384.76035,1.6733302564981674,1.5860487221185127
723215.287859,4367564.0103,3.895643070763844,3.8927267098480822
722464.303903,4368318.31756,8.3430771169473,7.982419162585773
722844.128983,4367340.16427,3.486463928432736,3.6726699215774357
722217.945246,4366692.2635,3.529385783310783,3.547274552765662
722510.923134,4368048.70123,6.707360036535211,5.860913864008799
722566.158667,4366630.94878,2.8733692351725755,2.738545168085665
722937.602692,4366554.26024,5.470979171655736,5.4110604124771
723067.791222,4368172.54741,4.046677079090677,4.04631425961421
721814.925835,4367732.14456,6.5701707578037505,5.908673611855801
722271.246906,4367871.25663,7.188248084107914,7.119305354839238
722766.047466,4368241.57489,4.527565511378125,4.520745618430985
722773.727415,4368310.92384,5.005258887692871,4.8742040194808895
722419.466653,4366206.95583,2.8822894236507213,2.5874651260425527
722178.461122,4367809.52891,10.248331504447785,10.187273996350948
723214.853659,4368072.54306,5.376357040805713,5.287607836017153
722302.071008,4368033.08813,6.610671987494535,6.740955156395778
721667.993051,4367654.9637,4.086210751193099,4.054353885664978
723355.512242,4366439.10627,6.57988480516205,5.762033804595631
722202.482201,4366676.83685,3.0590185299205532,3.022133047548887
723416.057302,4367988.00939,4.7761258621790486,4.62370334408085
722752.234553,4366137.92258,2.57057199171623,2.556950361280281
722991.430191,4366962.73782,3.3662174871531345,3.362047356650632
721954.396252,4367408.65223,7.1547494322395355,6.64059587878351
722093.059229,4368240.91571,2.084404118957581,2.0967251488653798
722550.934877,4366299.56159,2.042282470753007,2.006550668800203
722148.399025,4366568.90032,1.1053942458330064,1.2012493423389201
722580.687378,4367863.85362,4.0547453167618945,3.9094621056459857
722078.079256,4367547.46127,7.870772824806617,7.891212537722117
722100.943101,4368032.89739,5.65980370956695,5.754892860267363
722457.302688,4367347.48304,5.731609562924749,5.782379168527705
722171.768439,4366345.43898,0.44232294293484803,0.44048051208079564
722295.571938,4366337.84852,1.0589061814302219,1.0607068654924987
723495.074776,4366107.87521,4.974051596856812,5.169017634810843
723153.53438,4367402.13133,3.164558288214439,3.160203315741101
723347.900378,4366292.67477,6.153213452720557,6.045345124553468
723392.700831,4368157.48951,3.736380014001606,3.783257525912088
723153.909773,4366955.2026,2.9666617918574354,2.956614699635781
722016.227586,4367493.46733,7.341089097600761,7.35265491553303
723447.442739,4367487.20964,4.994608829355453,3.958987976176993
722333.293333,4367655.57505,6.384831350784369,6.3549693474026
723253.572086,4368026.356,5.201022140778512,5.225304244164764
721815.400407,4367023.24977,2.865798241311679,3.0886227834627333
722395.42884,4367324.30661,5.361899075903841,5.1875977528238515
723563.673685,4367279.29022,3.367992560995161,3.233201075400167
723084.51433,4366670.0062,3.2961224602746366,3.270896661232163
722581.256321,4367124.14315,3.5314190007479542,3.589728285585569
722612.975227,4366114.66426,1.5387358787342982,1.516757460332543
722519.433458,4367031.61351,3.663735097780899,3.7313165870136094
723223.345261,4367186.45011,2.703091410492893,2.6869913614815455
723014.880421,4366669.93345,3.152433618252294,3.102730995339781
722797.150308,4368041.28447,5.021201082088139,4.982867455312205
722767.637602,4366230.41751,3.146856985639136,3.057889253064125
723230.661627,4367679.60547,4.636451710897597,4.673944517433681
722975.382871,4367663.92426,3.3005112861068535,3.3033294974422636
723394.059059,4366600.98113,6.3538822035434555,6.685701383413185
722736.465427,4366515.52436,3.759131659416356,3.7110847150859794
721645.019824,4367292.79569,1.8700391384316017,1.9864138856143245
723393.147066,4367648.96137,4.121968448055057,4.0290004351918025
723495.007389,4366184.9423,4.6160556738778915,4.9200714574374285
722109.171209,4367339.44602,7.791286141527695,7.675224350269833
723516.533411,4368088.28408,3.475523410461435,3.5496228354224852
722937.072509,4367209.26544,3.1161402061053263,3.2388392012031644
722790.291664,4366939.41359,2.2338954211494904,2.227176752422977
723145.029695,4368311.31307,4.022247307950109,4.035019237390967
722193.888372,4367871.18315,8.65017951077842,9.115036013186408
723076.986837,4366415.69062,5.2019577670428845,5.2906489006792725
723084.342155,4366878.06983,3.463356806591883,3.4529408664136687
723393.066076,4367741.42352,5.258918247748722,5.154752309663034
722255.701959,4367971.40528,8.242129506229352,8.11251734601756
722473.52038,4366353.43158,1.3237189990697624,1.2657959279238415
722481.079339,4366592.3348,2.4064936528248775,2.4092105160615316
723107.032349,4367502.25217,3.8695028578587234,3.7881847211763167
721675.809651,4367531.68799,3.972806076971716,3.9905349505140726
723207.197023,4367980.07669,5.339986108637254,5.3572080943400175
722797.979639,4367001.06824,2.565424700760573,2.5364169995622454
722589.785697,4366083.8147,1.200322994336276,1.2109065035506181
722016.553927,4367023.4313,4.8671982300597625,5.00592190277931
721776.451364,4367423.90285,5.85272699839125,5.877197256142322
723154.122541,4366700.90422,4.73133237005751,4.856820199672708
722356.530117,4367617.07163,6.515792097764115,6.673360296017324
722929.367234,4367170.72928,3.305158640248963,3.293939391826989
723061.423473,4366523.56349,3.597641488984528,3.9911674786880553
722790.571439,4366584.93523,2.978425022314904,2.935604321639399
722341.313736,4367270.316,6.235572416299567,6.22231501147249
722210.26318,4366615.19511,2.1964080467856344,2.336339176361253
722813.98982,4366322.94264,4.321894699416509,4.375522589397072
722943.989854,4368210.94042,4.707934788582779,4.569051226875556
722481.544477,4365968.108,0.30365989414216776,0.3039170629678265
723586.70344,4367479.65917,2.9466756684005144,2.9604578095231457
722657.756253,4368233.76032,5.70840549296769,5.72891778693674
722867.139607,4367586.75989,4.618218155470008,4.513917578379663
722132.281774,4367478.16429,7.2349778455504135,7.205748352453374
722897.884126,4367833.35579,4.174830177847813,4.210352820154878
721761.192964,4367100.25864,0.5595839977787883,1.1081533499794258
722132.696738,4366892.53951,3.518800741765584,3.5230723750221786
723129.49996,4368380.63717,3.7250201569562247,3.7402208359903666
721977.097107,4368140.64834,11.594566895864592,11.50051782917661
722334.37071,4366183.75488,3.428115781634962,3.2514695372951334
722534.572598,4367470.84521,6.182419842158182,6.3309829292306254
722665.425084,4368318.51815,4.684085551995228,4.70662773484947
722782.560978,4366931.69988,2.181036769074709,2.184507978294007
722264.111251,4367046.77902,5.886644989333709,6.105878406486487
722835.835164,4368033.61944,5.125666524451405,5.1192525024845015
723377.445698,4367910.9175,5.39749519257212,5.063411787909447
721745.531811,4367385.3487,4.979634577263291,4.873816452458878
723069.128973,4366562.10304,13.19252576273103,12.027427616865957
723447.747476,4367140.45965,2.362513062963462,2.526265577702546
723231.630058,4366539.15584,6.152697165530267,6.222070943820475
722891.333425,4366361.55365,2.900613579401195,3.015745992354493
722441.342672,4367994.6992,6.903349117177265,6.711317868744809
722434.300892,4367070.05928,5.529359634492246,5.518149923148833
722171.801092,4366299.20028,0.22049375093489815,0.23900370734132917
723401.809614,4366585.57704,4.227563028200369,4.742801994683914
722202.085251,4367231.65595,6.008601872377864,6.099093053229348
723207.656385,4367440.71632,3.0867595408873734,2.918063018464874
723486.525943,4367032.6214,7.532302329375253,7.632144447648927
722441.371785,4367956.17502,6.723044087335335,6.728726435713806
723200.15499,4367163.30828,2.771657003895235,2.8498710530998204
723579.25707,4367156.01693,2.1686764613301106,2.2463006668465937
723021.473703,4368056.92727,4.815239810492641,4.875228590255863
723045.218698,4367409.72216,4.242827739926411,4.255868628448089
723270.342465,4366508.3719,6.07166162068047,5.640546452050266
722642.375733,4368118.1749,6.011603032118144,5.938866631500049
721768.965201,4367046.32574,1.4400022052058619,1.499172277844328
723331.59787,4367255.91775,2.721889919526249,2.936444070833398
723183.9633,4368010.87118,5.2809600944555095,5.28955962396159
723346.797039,4367571.85801,2.968859474848893,3.025793622984447
723510.184851,4366524.04542,4.981861306218137,4.966008451050813
723570.954085,4367787.85177,4.123033338474375,4.064345737850284
722898.184204,4367463.50686,3.405008659794112,3.404064562880455
723510.340624,4366346.79765,5.536911200258426,5.734842746437146
722326.661109,4366145.21456,0.13143697574701707,0.3382419719503006
723555.689189,4367556.6781,3.1113639725230193,3.1182792620317867
723439.686067,4367510.3172,3.168595484768021,3.151105288639349
723322.972695,4368280.68757,4.3288007138374525,4.3343425674680605
723363.388666,4366277.27838,5.917981544324715,5.946767784478986
723332.207703,4366546.97015,5.345246313371118,5.312130107201998
722263.674288,4367647.8033,7.9633944389729505,7.54437366787089
722952.914957,4366754.63655,2.7261692940129825,2.736900604104936
722411.17679,4366954.45013,4.916736024439619,4.881980684153742
722789.334363,4368141.43822,5.357509865356879,5.29657989827762
722890.510145,4367386.44477,4.6629797162675555,3.8796243966157524
723284.674845,4367841.47116,7.166690208552681,7.185999018614879
723540.82014,4366878.56312,4.01947159105149,4.116412784703884
722271.048949,4368140.92442,5.376873327996005,5.609288794359561
722665.87261,4367748.36354,0.8333846656025794,0.8679299167238095
722758.753656,4367686.81651,3.076413214842606,2.934479274625448
722272.076548,4366730.84479,4.092406966906081,4.106620611783081
723317.180046,4366022.90754,4.225723322280869,4.193293791155193
722549.950758,4367594.14495,4.994447633876518,4.99609775082992
722349.604278,4366515.14595,2.43733623408091,2.443836566993647
722379.237418,4368287.41623,6.172770426877356,6.159691842850637
723386.208515,4366731.97793,7.343832113745895,7.325428970671863
722735.867648,4367278.40998,3.2939280473585293,4.004431476179394
722765.942587,4368372.55188,3.7378642434950042,3.9981653699417135
722008.694571,4367200.65418,6.814471546927405,6.800630419800923
723068.709058,4367070.70015,4.512042656056936,4.329981207287239
723015.031362,4366484.98348,8.398229823057626,8.855091649678261
723348.223271,4365915.04456,0.0,0.07221826448871836
723525.896951,4366254.33602,6.39473890966034,6.351242149375417
721621.591844,4367631.80793,2.39897748081541,2.5123316939270213
722365.061812,4366538.2795,2.57866600527549,2.5662521606267252
722418.424749,4367609.42637,5.569151065475063,5.761018824759262
722373.232678,4365944.88375,0.0,0.00015003234111749954
722287.388436,4366954.33167,6.263810478719333,6.2653853293101935
722294.181738,4368241.10663,5.547593189919831,5.552350196997971
721753.155824,4367554.87177,5.264210768521319,5.448470920257453
722379.554662,4367863.65597,6.239219127385081,5.836413450392279
722085.36764,4368179.2719,2.0453353746267418,2.0659663448238503
722201.495801,4368048.40159,5.590450797435152,5.615200340395587
722975.046656,4368072.28805,4.770284738177423,4.7718163329810555
723332.438563,4366277.24498,6.204849096615059,6.138535768763058
722271.92608,4366938.90527,6.422202541294672,6.275969584498465
722363.766584,4368287.40116,6.358497241646828,6.197737129001547
723486.783639,4366739.79424,4.059812009978085,4.085293340402561
723525.48938,4366716.71856,4.039028565208287,4.040656083248012
723292.204288,4368080.33176,4.335352021261789,4.317859778835365
722356.45583,4367717.23835,5.059314772059889,5.168199361932846
723292.676618,4367533.27251,3.785465768553899,3.7587635504968397
722920.732678,4368272.55299,3.4995019112039323,3.570458366721856
722975.484022,4367540.64045,3.878183946121693,3.876738980615358
722688.759208,4368156.74521,6.032483425004152,6.020309511169687
723440.643257,4366416.07951,4.910701004205573,4.9441879457417715
723479.141238,4366631.89928,3.788596192449124,3.7937875293961545
722611.630953,4367863.88447,2.9851021314614625,3.6131001931216815
722550.321581,4367108.70123,3.659152375716263,3.7198347615437415
723440.307482,4366801.39193,4.190094889573855,4.298283228853379
722968.194693,4366993.53712,3.280890064587331,3.3013588880982674
722326.459929,4366422.64815,1.8412265045373937,1.8422681647261538
722434.679373,4366561.46504,2.458887569485448,2.474332672802156
723556.081453,4367117.46236,4.168633962134831,4.218114527887812
722487.710174,4368056.38309,7.163333957101044,7.247632887879155
722410.318603,4368102.53561,9.137780061254388,7.238530230735428
722094.212113,4366607.38109,1.4277291315301166,1.4087364134912503
722589.375877,4366623.26545,2.7798445031379813,2.727704231603024
721900.168705,4367516.47733,7.170562747194605,7.195768606471728
722348.83963,4367555.42247,8.190074523260769,8.186557384871392
721606.13461,4367608.67908,2.4838534406257704,2.5399576744151013
722806.361529,4366184.21683,2.9254888502186294,2.9791979588682542
723285.90877,4366400.49911,6.325289049412332,6.480283436760384
722093.942399,4366992.67941,5.3052613708706255,5.545180929970042
723539.657476,4368180.76712,2.745490630387325,4.096961449754148
723385.847468,4367148.0975,2.9558603482671297,3.218658399004022
722813.453172,4367001.084,2.5720242898856416,2.537534206955283
722062.493101,4367709.25504,8.977645625590505,8.764643621702858
723199.342768,4368118.75502,5.239232394151726,5.150764693607173
722527.91913,4366037.51397,0.5822616817834534,0.5600675592572254
722117.363973,4366692.16982,1.7973749864735507,1.8401297074158225
722875.6619,4366608.1404,4.682149282674262,4.627732056520104
723107.090357,4367432.9037,3.277598060498419,3.2936092215522077
722388.505288,4366222.33935,3.0280759228303364,3.3067414182719084
723347.257489,4367040.17466,2.9817620380291974,3.0664017479759442
722495.227887,4368341.46154,0.0,1.0393474695409575
723309.219452,4366284.92656,5.48911616368186,5.303029301305662
723044.732225,4367995.31312,5.192824638952349,5.182506284747411
721830.428902,4367685.92816,5.954836447644722,6.020846327123598
723477.751853,4368203.81196,5.5683120026121555,5.173812555527283
722650.002571,4368256.86624,5.103043373762109,5.259165179217285
722837.293535,4366207.36801,3.159782054632129,3.14432731190274
723137.763336,4367756.55735,6.421137650875354,4.759254910985936
722434.713602,4366515.22758,2.220647768841251,2.213351361860859
723308.798266,4366778.13063,5.099751754387946,5.197269600821569
723153.385039,4367579.35458,3.5217695854671285,3.549062029426414
723330.634158,4368365.44607,5.282702852258797,5.258799937961496
722565.12655,4367979.41167,5.346150008311501,5.267220570493661
723384.883894,4368249.93704,4.640389266331743,4.6482012432017905
723037.380296,4367532.99996,5.4583282119198815,5.3338131889410665
722797.4402,4367679.15082,3.2313199541687383,3.579657084156326
722588.488782,4367779.10632,2.550566440164592,2.451255168995508
723185.354991,4366361.8596,9.103732806156986,8.499317636140205
722565.043277,4368087.27865,6.402258159387785,6.412902226947125
723183.805691,4368195.78542,4.652878261159168,4.6429367504373635
723386.261842,4366670.32871,7.530527255533223,6.563057982289244
722194.519764,4366992.77306,4.957560414517766,5.037887830321606
722047.629287,4366838.51965,2.215900388864957,2.288323251003855
723029.235021,4368026.11616,5.049245632990234,5.045345064031875
722279.304102,4367432.07101,5.387748829175084,5.677098364807641
723083.1264,4368334.36059,4.305145373482322,4.301716546363103
722628.150038,4366507.7102,3.8361334701452905,3.7900903148822453
722070.672967,4367077.42106,6.597730952839546,6.6038762423226025
723284.787834,4367710.48468,5.606748083541779,5.623937426198257
722000.25522,4368210.01114,2.010797608227087,2.06351947228062
722766.367178,4367840.92566,2.9267926484957516,2.945035514982003
722843.776059,4367779.36469,0.31470892571675524,1.1048477554573644
722504.556372,4366237.8642,0.0,0.05718208412588366
722596.19498,4367817.63915,2.54133982639057,3.219955474775684
723270.100115,4366793.50111,5.202377490831713,5.204019791150886
721544.206831,4367670.26647,0.0,1.2609551381009478
721838.398525,4367339.19897,6.45324825193705,6.231251543402519
722388.584282,4366114.44678,1.7679266114601493,1.5800550314771404
723200.363238,4366916.72245,2.526368844373756,2.6244753486122745
721853.584773,4367762.99941,6.543255344683699,6.5067601729272635
722217.034343,4367955.95877,8.932916380831694,8.244333498542638
722634.676279,4368071.93875,5.768141690572146,5.849524813654307
722743.293727,4367671.39053,3.4148519713073537,3.3390914296288705
722510.775553,4368241.318,7.064871603647831,7.061431183534464
722473.053698,4366977.62765,4.10615474838524,4.070752404840678
723191.745048,4367956.94541,5.343374676127627,5.342357162559953
723061.029703,4367001.33983,4.034672055414808,4.200750211193735
722913.769301,4367324.82496,4.799910466689126,4.760615318499179
722626.994633,4368002.58792,5.1648124040889885,5.164339296512452
722574.368557,4366006.73215,0.0,0.36531593020130665
723363.699043,4365915.06127,0.0,0.04135551109964865
723316.058351,4367332.95659,2.952213637181612,2.9706901861376114
723393.194207,4367595.02468,2.89433984366672,3.0141957883215413
722286.718555,4367871.27146,6.194876905661614,6.420969321246143
722921.267751,4367617.63677,4.229886705271425,4.608160232374091
722603.811323,4367971.74534,4.471250582017522,4.717972874247495
722318.772872,4366353.28334,1.2267797312993816,1.2260217747688367
721722.119763,4367693.53678,4.916348616689527,5.231045660491343
722581.750065,4366476.83923,3.434376629425415,3.3730512633013494
722891.517846,4366130.3566,3.9795185798749877,3.739747420257321
723261.460429,4367849.15102,7.443520937812106,7.418365163778423
722612.869652,4366253.38323,2.2199958697026916,2.2493929549307525
721613.810942,4367701.14688,6.682413593489605,6.62895964227927
722937.838434,4366261.41666,3.657603514145391,3.714497279158684
723030.801508,4366122.79317,3.8531086236358907,3.8622516919860765
723130.885656,4366731.70416,4.002786897194777,3.8842331754102064
723215.248469,4367610.2419,4.325799554097172,4.308116801697524
721745.648736,4367208.12332,0.0,0.10217628704486083
723432.341566,4367063.38504,2.3727789836261377,2.5262670955945734
722635.114272,4367509.47163,3.3842255997390587,3.5681338528962416
722527.029804,4367216.55737,5.6495733750183605,5.651249824157311
723269.692344,4367271.2619,2.8402483731856187,2.8354687260293474
723176.561024,4367617.9057,4.045838016227768,4.047230918287402
722434.645048,4366607.70223,2.599962274802855,2.493528273432849
722481.60732,4365883.33263,0.14677627404460564,0.18095032304356876
721953.858296,4368186.85464,3.011226571061965,3.3175658820385285
722642.351616,4368148.99371,6.192295084995414,6.141753712858705
722728.553789,4366738.99582,2.1418453007396225,2.1965342074467196
723152.725809,4368357.54855,3.719340228433535,3.7563616486068696
722356.507199,4367647.89225,6.174642448835592,6.20403922436829
722000.228205,4368248.53392,2.580973331969803,2.4164380335187046
723100.12883,4366500.48507,3.671609439219698,3.5396754976187506
722302.591957,4367324.21738,6.032386476887941,6.003918295803488
722286.769551,4367801.92685,6.389381756810267,6.2451687924970996
721869.390843,4367269.87759,6.157667295344996,6.1012085765394435
722665.733831,4367925.57817,4.221786151561468,4.16406283191023
723238.364743,4367718.13965,5.178205478571543,5.2666813935453884
721946.665219,4367400.93984,7.136386227942253,7.088043852309322
723346.199438,4368257.59916,4.683633896882409,4.603398928032241
722241.23372,4366584.39941,1.8168319347961632,1.7701732842198235
723131.077901,4366500.5176,3.699718622199267,3.6811102817047985
722496.536252,4366615.46842,2.494612950308669,2.48307569013678
721900.026708,4367724.51618,6.427075722993188,6.388343506348313
723469.885804,4368350.19097,4.970663029366439,4.851954716885703
722828.785339,4367178.33158,3.476491737479291,3.4777842559200303
722767.353876,4366592.61802,2.971654235127483,2.9962901872117667
723237.928396,4368226.66251,4.7233287644637665,4.5805161172022695
722751.090839,4367594.34645,3.231190690013793,3.241922257095184
722333.565944,4367285.71961,6.158925697281984,6.162955411903156
722100.866219,4368140.76318,2.6166373507908998,2.631847998938287
722626.796095,4368256.84284,5.757298120717054,5.833003647417312
722905.525879,4367948.93809,3.813510319455994,3.915425243853144
722363.760802,4368295.10564,6.3891236132151255,6.266155512844853
722790.1025,4367178.29218,3.694458417465403,3.6241490725415817
723409.767071,4366331.27452,4.955720708598265,4.9842273511548605
723617.73219,4367387.22849,2.819219672764694,2.8955847136472173
723284.90724,4367571.79067,3.65018082781941,3.7472851990011127
721730.115007,4367300.57562,3.460032871178984,3.5332006780262475
723424.940774,4366678.07705,3.957605997323146,4.038559653330777
723138.423262,4366970.59794,3.1407994595923983,3.2366900799847764
723409.278979,4366893.83016,8.135050311875895,6.474579792112399
723377.107802,4368296.1562,4.7719305478645015,4.768341730192966
721869.396063,4367262.17212,6.1078067252925194,6.041247752458015
722751.370942,4367239.89784,3.5549131456241523,4.230195468094105
722487.991485,4367686.54598,5.176527352845725,5.17703522401623
722922.437474,4366168.92161,3.920396002291779,4.236125231142842
723145.817435,4367379.00672,3.194707036424501,3.20665845702525
722867.394009,4367270.83837,5.12802213284645,5.144230095113717
722055.521328,4366615.05174,1.1967149470828187,1.1856984261404966
723015.276116,4366184.4305,3.8507526305260966,3.8243619506239015
723246.37105,4367402.23072,2.6828761894042126,2.7085362548376652
722425.981417,4367848.29121,6.104902128953704,5.967540008658502
722456.597812,4368279.78734,8.139503769785586,8.128570512920415
722225.571761,4366846.39085,4.169440708959005,4.163296523607253
722542.0316,4367832.99531,4.826793563770442,4.9233296266338025
722263.612384,4367732.55941,5.998758945579366,6.024123936725544
722574.135555,4366314.99727,2.221083265934701,2.225757006891861
722032.246144,4366707.50367,0.5172235378951012,0.5128992283652642
722341.827704,4366569.08224,2.856491029798188,2.825386111171535
722249.075861,4366437.98775,1.4104376463389101,1.3954976682671485
722434.725059,4366499.815,2.144369029479045,2.154348108750037
721683.419603,4367724.32291,4.633127775484698,5.5784376255009285
722844.375568,4367031.93872,2.9469014959569235,2.9292167684317745
722674.811046,4366199.49846,2.4383851588382344,2.447200386361416
723099.360411,4367425.1901,2.6025312075250358,2.342130578073739
722109.14396,4367377.97312,7.9990551877186995,7.997760390227808
722488.908759,4366469.0422,1.8612934180911584,1.8847706636026644
722937.894148,4366192.05732,3.8710840354683316,3.835597423236161
722458.228494,4366106.80693,1.1197779607887317,0.9572425841561387
722984.275875,4366246.05134,3.842393933220998,3.907743539860116
722581.603562,4366669.49478,2.770501705510405,2.5745348748457397
723331.843677,4366970.80521,4.611569899929465,4.848717265732613
722705.432664,4366623.38066,2.6563547241849483,2.69248905793823
722162.800809,4368071.47919,5.044017744295109,5.170798288555588
722077.615658,4368202.37844,1.8797885795466118,1.8831190276031102
722225.990389,4366260.71835,0.7618759082080463,0.7550207503836338
722162.867359,4367979.02204,7.091818563377125,7.1088751402050585
722247.808328,4368187.12996,5.347537674403434,5.451819544739215
723191.376623,4368388.40812,4.687183659851717,4.796276678171975
723007.168418,4366639.10074,3.358956381020837,3.3198362857350037
722922.548542,4366030.20077,3.260913366641706,3.356582752202319
722302.89568,4366908.11124,5.491665668309325,5.488162323482499
722643.772365,4366315.06585,2.6901599937065757,2.6804508233771225
722874.807236,4367671.52504,5.119534556101152,4.8640559457695645
723122.833867,4367109.28599,4.691411290204998,4.625290749741297
723145.427808,4367841.32123,5.367804831982943,5.441564369159453
723246.679689,4367040.06605,2.4959005905664218,2.4917366820555125
723338.947103,4367702.83843,5.350635782259927,5.495606467658206
723292.749591,4367448.51345,3.290958818942237,3.261736237630337
723355.591609,4366346.62878,5.627434580195365,5.655889027732789
722279.422021,4367270.25682,6.411746379189676,6.4525297948390214
722549.369768,4368349.21975,0.0,0.08629238352198143
723130.872786,4366747.11637,2.919725053881125,3.305469883327603
723363.50766,4366138.5589,5.116501080322133,5.163861583900402
723246.338141,4367440.7579,2.9117731924208328,2.8871135119003846
721946.675832,4367385.52907,7.0737138873897365,7.048483566410136
723370.574469,4366916.90581,5.5141914861676655,6.171574415669737
722883.133553,4366939.50832,2.638960039262895,2.659611720001313
722627.990462,4366715.77728,5.660384628834715,5.186401710261972
722805.046786,4367840.96525,4.051937668539286,3.798086316973735
723269.362037,4367656.53167,4.8539990518096285,4.792712828487479
722914.551811,4366353.87094,3.0834484934184965,3.023222215584659
723269.922816,4367001.56181,2.4940416489095774,2.512737552211655
722898.774388,4366731.46252,2.5138504188681967,2.5436543072403186
722171.757527,4366360.85175,0.5314233111124835,0.5345652459133846
722295.627543,4366260.78378,1.2974074919235987,1.264380220839613
722395.388679,4367378.24467,5.205346334533258,5.525297535353083
722843.670419,4367910.34958,4.34461441350727,4.448216132792364
722402.565572,4368125.64213,5.867540055004476,6.24630740080207
723216.337096,4366323.35996,6.024253991853998,5.814789573944517
723091.392371,4367702.57218,3.206192695192108,3.0403186867547527
721753.339399,4367277.4797,2.968859474848893,3.207040474152334
723431.807457,4367672.11957,4.427134187850464,4.38544368561557
721706.875559,4367346.78777,4.737592833133218,4.539623217122012
723130.460915,4367240.29056,3.2582349825740415,3.235515395439149
723061.048775,4366978.2223,3.7120468062625025,3.742991299993834
722224.870954,4367817.2778,8.384126949867113,8.07596342504921
722387.440046,4367663.33246,5.600487235751323,5.474162602318214
722682.65539,4366060.78616,1.671316467155712,1.6563264482990818
722395.497532,4367231.84037,6.13562506392346,6.217761683922803
723408.015777,4368334.71319,4.871974463642069,4.89174930560715
721722.226542,4367531.72881,5.011164643771969,5.095914329815124
722534.413703,4367678.88654,5.123310531341614,4.990134400644925
722827.925404,4368249.34297,4.286104686515815,4.512457056932515
723518.206753,4366200.38113,6.6931278991897525,6.704059843408259
721900.451614,4367100.38284,6.055428966651321,6.021966806515545
722921.9731,4366746.89853,2.557424365242179,2.5834506533387467
723438.944002,4368350.15657,4.931064725186543,4.965382926416431
722201.974481,4367385.76545,6.097608706782668,6.246614514352603
721861.794561,4367061.8197,4.702480687616497,4.498783759786988
722751.200573,4367455.65105,3.246294206260899,3.359588505821405
722217.691158,4367046.73517,6.094155507214822,5.864397459311739
722032.037961,4367008.03391,4.680987444138736,4.93485625444422
723114.237381,4368134.07327,4.41909865093273,4.360042183501069
723107.597705,4366824.15238,3.204120813922873,3.2701799603569466
723207.407331,4367733.51655,5.364964867721598,5.961271358852966
722325.987684,4367069.95505,6.277364748680822,6.214267299944031
722820.345102,4368056.71794,5.119147533065807,5.122757723949832
722983.353037,4367378.83557,3.920428318330514,3.898307081119144
722665.938914,4367663.60729,2.596770681262876,2.8701912963131053
722535.239294,4366592.38761,2.319349030152264,2.3247114978365624
723138.31362,4367101.5967,5.015747365836605,4.963510279681455
722047.62392,4366846.22554,2.3178967319828563,2.37510267531635
722349.857049,4366168.35639,3.535581999023762,3.509181521494924
722396.316279,4366122.16082,2.3950370400206618,1.9126858180199637
722311.07453,4366299.33091,1.0538167900439652,1.041948535730682
723060.216719,4367979.91976,4.959625947993676,4.968592930095914
722356.117425,4368171.825,6.073275499043562,6.06914601480822
723114.652321,4367640.95534,3.7260204152980716,3.727505468465746
723161.536637,4367086.2098,5.35170105739399,5.284161438975471
722674.93546,4366037.65825,1.4864096718691788,1.5107028218585186
722705.492531,4366546.31852,3.298349189229482,3.3648792999942305
723324.265687,4366785.85341,5.203216553694622,5.243269027482904
723137.372595,4368218.84963,4.379081007678753,4.391139015038987
723122.051096,4368041.62432,5.048664713722471,4.968913867601474
723193.105321,4366346.45484,9.901372662841629,6.9960063482348716
723563.093364,4367926.53361,4.0146630414304445,3.889547654546405
722232.969986,4367316.44579,6.735210306490146,6.764030085306614
721714.536017,4367462.37471,5.3073911517092585,5.068934532758605
721683.596146,4367454.64221,4.372497384215682,4.401374049262928
723447.000539,4367988.0436,4.213653666527524,4.2410183087492
722534.307556,4367817.57772,4.933356086218862,4.945195612920195
723417.464512,4366377.52192,4.819919480673486,4.877226314679905
723446.686294,4368342.46059,4.928031249407524,4.932436365600979
722604.643666,4366892.99223,1.8277657202593918,1.8322405121406673
722844.449429,4366939.46873,2.403237427207427,2.4533635602712986
723408.781351,4367464.05088,3.199996287121753,3.2191030453836103
722055.467857,4366692.11275,1.172313933369579,1.0448910987022586
723547.752935,4367780.12064,4.901922967826394,4.673435165111423
722295.298718,4366715.45469,3.6409830676514034,3.65619918105647
722805.789744,4366908.60572,2.135074705909574,2.1978660029548314
723347.536479,4366716.52363,6.688480545047643,6.724428858833503
721869.354356,4367323.81585,6.70222871124155,6.692686792185867
723284.767943,4367733.6001,6.837352071782355,6.602254418061176
722535.052874,4366838.98208,2.648393244855984,2.585993206555444
723340.248571,4366192.48058,5.623626673630911,5.608981417279404
722201.361508,4368233.31331,4.236179484385868,4.324377561447216
722789.556403,4367864.06432,4.2299832686728855,4.035891797751601
722719.738242,4368110.54841,5.63689048395852,5.655569100488134
722023.537582,4368102.16782,4.516141022255269,8.417841699663612
722620.383339,4366546.2339,3.4800095691246096,3.078276850019358
723108.006335,4366330.95203,3.764940852093994,3.7756375647887683
722365.30963,4366199.19747,3.720276239412656,3.5187717825553646
723555.93021,4367286.98714,3.3572459392562815,3.1029880042187856
723091.088701,4368064.70579,4.763507603196677,4.748770535440261
722550.444743,4366946.87997,2.281228992387193,2.317015894099728
722140.580465,4366684.48525,2.062926841141816,2.0887089446331175
723386.720619,4366138.58399,5.216157588349611,5.191469344298079
723200.642241,4366585.36053,5.530843863985644,4.642936006495207
723254.173264,4367325.18412,2.9108921956505167,2.901724403607136
723262.080886,4367124.84609,2.2066608871469153,2.192061486677294
722875.858608,4366361.53782,3.377803171754922,3.4367062245634097
721946.580546,4367524.22463,7.379073523417565,7.335451475389377
722372.957035,4366322.50911,1.2851827961272673,1.2737009419961556
723378.351466,4366870.67849,7.313948241639051,7.265610305614277
722332.927909,4368148.68857,6.200201742472952,6.127354927953062
722898.246573,4367386.45276,4.177702458147894,3.903954159619023
722411.763182,4366160.70885,2.5522705341358236,2.57284813131722
721977.58384,4367439.49479,7.1937341163981845,7.208779557645943
722403.878335,4366361.0709,1.5383163473028452,1.5304243159105495
723022.598524,4366693.05995,3.136107093824907,3.0141281920169254
722705.624007,4366376.77895,3.39868356464093,3.388082638993268
723146.198753,4366924.37081,2.880695165739719,2.898723240789136
722264.038597,4367146.95295,6.869591936998996,6.830370946423661
722735.074683,4368280.06619,2.645353228926271,3.2390767302433168
722031.289477,4368079.06093,12.553664606942329,13.29897717109682
722241.514817,4366191.37396,0.9257089914482737,0.8531357371014314
723099.289565,4367509.94927,4.046354303418058,4.153520610270497
722155.048505,4368094.58607,4.774964408358269,4.644709559848391
722286.440578,4368248.8037,5.416116155749798,5.478834974460336
723022.693094,4366577.46711,13.086092119722814,12.673449900657385
722898.028051,4367656.1387,4.824760346333268,4.748507417098728
722349.514205,4366638.4452,3.062478077281722,3.0825174098658565
723354.412591,4367710.5605,5.2833160875653,5.3469740726853034
723138.358804,4367047.6563,5.4331559413178665,4.5032559247397606
723014.855156,4366700.75806,3.1040511222572675,2.892221970903654
721559.629562,4367747.33012,4.6114410204892655,4.676204530369569
722512.276554,4366260.99133,0.0,0.019340271228687127
723486.355964,4367225.26486,2.6527726451769045,2.729273035704363
723378.0506,4367217.4402,3.003913720796213,2.98173872854741
722674.763625,4366261.151,2.6718712317128124,2.68695599273129
722673.511989,4367871.65155,3.642371118458085,3.8962399591560333
722371.490418,4368302.81774,6.331065926051234,6.305002872305175
722698.148575,4366037.68126,1.6260742052819577,1.6788286625611955
722526.305804,4368164.28718,7.47356639011264,7.470701890283589
723268.990482,4368088.01131,4.671176833378974,4.609670677484487
723525.387265,4366832.30988,4.113190411675879,4.181250000543679
722998.170785,4368172.47386,4.431555714436165,4.462918522746196
722364.818569,4366869.64082,4.6089238319005394,4.644588725947712
722968.751036,4366307.68767,3.728602235964271,3.709070517176469
723015.081684,4366423.33252,0.9490321306194887,1.3542749411978803
722295.744078,4366098.94538,0.0,0.002056481251000487
722410.44604,4367933.03024,6.614996950678772,6.593239762876922
722820.456656,4367918.03064,4.733010495783327,4.745538369113628
722565.494096,4367501.69703,5.252366940324386,5.247547367086975
722503.551508,4367570.9835,5.350409954703518,5.542262226910856
723162.232608,4366253.94367,5.486276199420516,5.299934786684916
722435.129234,4365952.64965,0.0,0.05647067883711498
722093.420719,4367732.39904,10.482208062790432,10.595425534815972
722929.741185,4366708.37603,2.640176699649852,2.6325000223396993
723385.639547,4367386.97102,3.139389095330398,3.1520595881880964
722666.107326,4367447.8599,3.4933703275684245,3.592718982623589
722890.522628,4367371.03384,4.514946867681005,4.486014434384068
722944.645956,4367409.61712,3.85104309015998,3.8465270607049975
723090.887845,4368303.55064,4.320926372398653,4.321915078526071
723245.988519,4367849.13433,7.639639282609107,7.604688812695322
722673.196955,4368272.29879,4.495906565429247,4.618771091356515
722503.77361,4367278.17907,5.743291810928001,5.762138581656913
722697.82699,4366453.8351,3.724826260723808,3.7656541567074453
723431.848162,4367625.88824,3.7225672157302245,3.7818010889814118
722171.779352,4366330.02611,0.36943613731705,0.3818183437944665
723277.593717,4367078.6283,2.461811401561608,2.4370050581617893
722790.200166,4367055.00093,2.8468706604807505,2.874328452529933
723084.927073,4366169.08964,3.603289101468479,3.658061976016228
722612.652078,4366538.52002,2.7674970833374024,3.1083656785228735
722333.854218,4366892.72893,5.00538776713307,5.083568598527559
722147.335049,4368063.75988,5.135702962767579,5.091144544436662
722775.242326,4366399.96807,4.971889115264692,4.946823486821086
723354.68053,4367402.3481,3.1514235496844027,3.1397855057902873
722690.119529,4366415.2956,3.368250704590306,3.4007937888901276
722945.699843,4366107.29198,4.190546544686673,4.356844059812974
722634.694308,4368048.82447,5.561663747071613,5.687210154123569
722860.230585,4366554.18097,1.9264348578890416,2.2394626305596455
722023.42369,4368263.96445,2.226476004898857,2.1506264207998607
722108.541171,4368225.52111,2.505194914135893,2.825053567783865
722394.835716,4368117.92992,5.912785586953578,5.877220658340396
723447.57827,4367333.10039,1.1280073939388853,1.4352810228130652
722782.237618,4367340.10113,3.5124429458589215,3.7481349596269955
722332.87061,4368225.73477,6.148856942927078,6.121329963393089
722271.758383,4367170.07717,6.729627326083662,6.718314987464998
723338.967226,4367679.72291,5.152936259853321,5.186944584126627
723440.74375,4366300.48214,5.423990497188598,5.439572398529123
721776.609984,4367185.03401,2.2855374128373147,2.483916962416482
722766.219793,4368025.84321,4.784452243445411,4.850432601453481
723323.901168,4367209.67559,2.5502340466233018,2.606657524403874
721962.302039,4367162.08395,7.2134846020726515,7.259273989870824
723571.279123,4367425.70386,3.089167085773246,3.094411639157056
722241.139738,4366715.40348,4.38356678162718,4.388302243910046
722504.400615,4366445.93821,1.9219490839406155,1.892362549205539
722558.602439,4366392.04647,2.1624286938410524,2.133883678296774
722636.323283,4365937.43156,0.32822775383218683,0.7970122440350261
723540.416009,4367333.20331,2.8783682185933173,2.8833459122846787
722433.44393,4368210.42342,5.218804041093281,5.23007376870662
723022.244458,4367124.59168,3.8872201260960195,3.869599324312076
722852.106167,4367039.6524,2.987829181944604,2.974391552493082
722109.815709,4366422.44546,0.0,0.0004981344970938462
722828.477216,4367563.60431,4.305855172190282,4.323095609197022
723524.744126,4367556.64358,1.606133093450418,1.506723768591133
723029.401486,4367825.7882,4.4726059320707225,4.430097005380218
722193.910632,4367840.36337,10.066219084725093,10.010813657958721
723463.801603,4366477.75615,4.772737294688675,4.873824389124114
722279.623739,4366992.85336,6.2996970550214915,6.305279406034654
722588.494751,4367771.40131,2.6073430272214284,2.6894667379250725
723060.62746,4367486.79237,4.479641210646614,4.7272201456645595
723044.423378,4368365.13751,4.230790015497056,4.232729210188934
722719.732119,4368118.25309,5.6814262171996575,5.611740766104394
723425.402232,4366146.33275,5.649282915384481,5.5836608722279335
723145.453831,4367810.50115,5.045243830193363,5.238336206534913
723230.272239,4368134.19791,4.724587166400758,4.684685994766956
722628.432818,4366137.79952,1.736964768632589,1.7588112498813455
723075.868672,4367764.1967,3.053267621527068,3.0672099101656647
722427.170091,4366253.20255,1.0253301057190385,0.8413126750851906
722256.558147,4366792.47834,3.830485472946591,3.8729061306855628
722990.243549,4368403.60265,1.3891832145402647,1.5865711245420537
722488.677772,4366777.28889,2.437497621917221,2.4813100175690215
723330.593741,4368411.67306,5.183046344231323,5.131823647760121
721799.814337,4367192.76019,3.996655313559268,4.153266389611621
722759.016158,4367355.48848,4.769155215680631,4.214820330155407
722286.503051,4368164.05315,5.508737385201383,5.562668884365885
722078.458207,4367008.07664,6.212013639345895,5.975338088093023
722781.506138,4368256.99988,4.719165381473213,4.667356926022711
722488.230761,4367370.62958,7.968009477076322,8.87128920406513
722201.579587,4367932.82953,7.915050414452612,8.469631172711425
723495.142109,4366030.80737,4.956753667693596,4.971452901447688
722928.802661,4367864.2079,3.9561213831149993,3.8433010967495314
722062.389883,4367855.65007,9.329186419831807,9.686327776328213
723029.57391,4367617.74984,3.254200863738434,3.3071188826846436
722255.718839,4367948.29078,8.144989802075855,6.857804291004836
723044.725863,4368003.01802,5.1785605702828965,5.16358394488547
722960.876593,4366477.22106,0.6289208480699054,0.8117054190848584
722751.879613,4366592.60241,2.9825784027220394,3.0025234909652085
722062.264693,4368032.8613,13.14227740021372,12.931235972694175
723091.91275,4367078.43037,4.836926950202822,4.680509670934114
723192.235856,4367379.05625,3.026449348880599,3.008111503825282
722758.839225,4367578.94382,3.185186692941248,3.310758060286009
723448.219401,4366601.04031,3.9908784369203665,4.05547808524853
723254.357338,4367109.42634,2.3754704479951934,2.3303641308479635
722782.585307,4366900.87632,2.0485721721494756,2.1303053914219885
722364.420423,4367409.03646,7.847311380683904,8.027824361157409
722512.218801,4366338.05622,1.481891581882014,1.4380755539940215
722891.437944,4366230.54281,3.4650353170324486,3.473549719167628
722549.583767,4368071.85381,6.4208471912414735,6.536005326799815
721939.018654,4367269.94053,6.591696317320248,6.604020498041845
722272.098874,4366700.02058,4.3344487110361545,4.312339914730266
722527.809374,4366183.94076,0.5761009560058722,0.6480869053010457
722859.904549,4366962.60218,3.1909956932615127,3.0314051661526054
722364.801511,4366892.7586,4.850965191315865,4.863213223908743
722744.033887,4366731.30528,2.9713445397562586,3.381363205453823
723052.718318,4367694.82616,2.314017653190232,2.5946266225058454
721590.874923,4367277.3378,1.282855945159553,1.3009631891178683
722232.735559,4367640.0687,10.176589898452713,10.13860408612394
721877.272978,4367054.12794,4.905634310989383,4.944784199739343
723415.975756,4368080.46748,3.3509204593883544,3.2911655808052322
722512.512718,4365945.01746,0.524375048413886,0.4834613659828796
722929.753649,4366692.96384,3.595027736994338,3.4938025568948206
722589.305314,4366715.73903,5.072804409943904,5.077040929516104
722650.063036,4368179.82013,6.293565471385984,6.284005506130952
723230.608889,4367741.24667,6.664405096188932,6.251376873582292
722666.75896,4366607.92975,4.3613956707654475,3.9969786863091725
722650.056977,4368187.52474,6.341909111191578,6.2973697824064185
722000.872709,4367323.93516,7.049832334763452,7.071357771171205
722031.484301,4367801.68673,9.074719928237034,8.992453479321444
723146.603777,4366438.88297,3.769136166408537,3.7315552788541004
722689.9226,4366669.60218,2.514237634260914,2.853881211516271
722906.182342,4367139.88262,3.43673223782046,3.337848645187029
722635.054426,4367586.52433,3.948956840384164,3.9760101833588304
722728.088751,4367332.34077,3.2611068781593766,3.6836048165579993
721923.435269,4367431.74014,7.268057158344709,7.264776249429131
722990.301082,4368334.26231,4.108349546016095,4.111469395641807
723563.68741,4367263.87899,3.229447932210502,3.2004543385019657
722611.822104,4367617.32201,4.559773060556027,4.420276454360829
722588.082742,4368303.03139,6.194651078105208,5.949178577126755
722821.702979,4366353.77633,5.114338983444761,5.119917434989241
723223.912299,4366516.02864,6.433917105336662,6.350733135794514
722387.077024,4368148.74111,5.970552814483588,5.958303316127512
723130.763619,4366878.11879,2.95314291565266,2.938707893599427
723191.534737,4368203.49841,4.718197439170102,4.663635105538288
723307.87609,4367849.20144,6.812244048543065,5.348636967554278
723299.806247,4368234.43447,3.672997105311632,3.446678181995025
722906.536233,4366700.6461,2.594221176635415,2.9306535974135675
722890.950813,4366839.33913,2.246513872489233,2.200359198808364
723146.359773,4366731.72055,4.697672137995451,4.5828932369223825
721745.638623,4367223.53441,0.0,0.05080565724594534
722975.99425,4366916.48639,3.0287437876308925,3.031518540434353
723208.184688,4366816.553,4.215396424330818,4.098984809645374
723114.574651,4367733.41735,3.5268362786833185,3.9692160532194323
722673.263743,4368187.5482,6.292242437371521,6.270148251762285
722425.667623,4368264.34789,7.832756082951077,7.563161848852132
722812.727043,4367910.31771,4.661785561693293,4.666255538484782
721745.378831,4367616.50633,4.307339786398429,4.37086751710771
723517.34336,4367179.06514,2.6786549068442556,3.180949662467843
723540.717627,4366994.15206,4.322991905874563,4.9773020956105425
722882.562062,4367648.41752,5.0143916310686585,4.912793597747344
722967.722574,4367571.45354,3.29331481205203,3.354154740107185
722294.8668,4367308.79909,6.232506239767064,6.27671957820318
722504.573628,4366214.74453,0.0,0.032276593980861024
722635.64445,4366823.66941,2.310971097109822,2.5501435559441052
722820.189837,4368249.33506,4.361912342670486,4.607596005109753
723005.720666,4368395.91456,3.5306768860012556,3.281260728974561
723640.864826,4367472.01467,2.954140288633902,2.9460000460434985
722798.357241,4366523.29302,3.0943307271056457,3.099199028697602
722681.108513,4368048.87123,5.506478340207801,5.527571157188433
722518.582031,4368148.87016,7.573610690604955,7.447612629209588
722998.413127,4367879.6906,4.736140919678555,4.689295248299391
722403.906689,4366322.5387,1.396137799198,1.3664075244538392
722349.929839,4366068.16987,0.010999757279749686,0.012019755739508418
722774.127619,4367810.11358,2.071379024130401,2.369405463964553
722998.209121,4368126.24567,4.823404996280069,4.763047225061688
721784.238973,4367346.85603,4.539183512018648,4.67338048098786
722349.901841,4366106.70331,0.08817058476848233,0.09383203336126417
721799.634481,4367462.45012,6.678056314266634,6.743770650490915
723610.051258,4367325.57566,2.91091162374523,2.902610303566908
723021.856865,4367594.62599,4.321862383377773,4.322787043348277
722589.358203,4366646.384,3.776494220657046,3.353971175004607
723455.855614,4366716.64176,4.228692550697159,4.118734042688604
722256.608119,4366723.12412,4.623865767953962,4.452528822806744
723053.018979,4367332.67558,3.539906577493253,3.5395757605130007
722015.990927,4367832.49229,8.319130932243542,8.461796813137381
723270.218098,4366654.79089,6.680412307376423,6.70613321967891
723609.912441,4367479.6852,2.9545919437467205,2.9525921953383754
723509.852074,4366901.64676,3.980551538970315,4.027801984892659
723091.308457,4367802.73847,4.742014359718919,4.710166925088104
723330.876086,4368088.07874,3.412689489715237,3.546922571857756
722921.724162,4367055.1355,3.2588478331657953,3.2314072628722412
722937.203869,4367047.44577,3.2831491095809118,3.2851445022488903
723060.370945,4367795.00063,4.453274785470335,4.307436933027434
721884.712084,4367493.34755,7.218196588292235,7.252517403274129
722790.735196,4366376.86438,4.967371025277528,4.747280566387551
722751.346641,4367270.72006,4.802363407915126,4.724218106466369
723401.562164,4366870.70377,8.08241440963955,7.359478801049777
722781.413385,4368372.56777,3.730022218094944,3.9760448128797194
722333.684776,4367123.90232,6.563361306784269,6.552073337536511
722565.458596,4367547.9288,4.919350161144555,4.942070280724652
721931.466206,4367000.23662,4.9659510431468545,4.852235688299807
723278.315148,4366230.94727,6.697290512750811,6.334043898264289
723392.930977,4367895.52458,2.708577635140536,3.0187707522285967
723400.280335,4368334.70462,4.864551777316089,4.933611903059207
723146.282495,4366824.19324,2.7509447313536084,2.8475648986313415
723260.995245,4368388.4836,5.271375311252155,5.30301763675454
722944.065896,4368118.48419,4.866746574946944,4.854446488140513
722975.981738,4366931.89822,3.056326873194125,3.05643823888018
723122.943177,4366978.28745,3.280244513242093,3.5673842339036903
722843.720183,4367848.70993,4.149657907245798,4.178078977701213
723207.505745,4367617.93886,4.321507291666417,4.310938613193555
723594.744174,4367140.62279,3.343110750027029,3.257041470473391
722805.194707,4367656.04326,5.241071715356479,5.2161720505463505
723123.142132,4366739.40213,3.262881952001403,3.522639231613546
722387.886665,4367062.30871,6.01896108636665,5.993667766808403
722062.569027,4367601.38335,7.7057971387682045,7.647527892348457
722891.296468,4366407.79221,1.7391205177166387,1.9520379117708906
722510.704643,4368333.77235,0.0,0.22679866241360028
723084.220799,4367024.48166,5.005839806960632,4.988310543818831
723355.90185,4365984.41497,0.5318363504825859,0.4845102454881333
722999.469013,4366592.85545,3.7515477776114405,3.805141300254218
722766.176712,4368079.77671,4.872006779680809,4.880158608556935
722341.074933,4367593.94113,6.993033049536546,7.020466323330192
723509.470061,4367333.1689,2.8648139486318285,2.8648221172800605
722821.367451,4366777.61994,6.514274782802485,7.642969011056647
723028.939708,4368380.53009,4.218107124437214,4.2047773663077
722147.858587,4367331.77668,7.561540650136865,7.498212827982064
723531.914938,4368188.4631,3.2527162495302906,3.045154468793864
722951.997701,4367879.64201,3.119370655834738,3.029916254680736
721938.759631,4367647.50057,7.068324803215676,6.989636784673521
722427.226941,4366176.13689,2.2354219692650443,2.2554031955436886
721791.728241,4367716.71374,5.155970120347084,5.674527213820253
722642.874499,4367478.65806,3.494080126276388,3.4965762351900005
723548.392745,4367063.51331,5.310005288414197,5.434891439553899
722688.771322,4368141.33583,5.954384407817161,5.958808282701695
722070.022156,4368002.04941,15.484530038105747,13.250368443594903
722379.801453,4367532.33656,8.951537344009374,9.348505269409978
722929.896461,4366515.72083,1.1748505500530242,1.2774604329791448
722419.244867,4366507.50639,2.2411082455810583,2.211263662083018
722766.354875,4367856.33564,3.325199585557314,3.5948054768977724
722473.680878,4366137.64849,0.812504561252632,0.9367897921895828
723045.778167,4366731.61474,3.3426267788754753,3.2465417334602416
721923.608885,4367177.46006,6.691449773463932,6.611815388960532
722024.386701,4366884.73373,2.8592630919067115,2.872963347649623
722039.425403,4367508.89923,7.442069024357446,7.3511504138807515
722798.527086,4366307.51404,4.013630467049865,3.998976821608579
723462.642928,4367795.43605,5.1701695569390616,5.420563142757422
722164.052818,4366314.60601,0.2699896594966887,0.29395659285258097
722326.269245,4366684.6598,3.3676374692838063,3.3935268643319954
722465.42653,4366831.20822,3.048333077826425,2.899713927043369
722897.538734,4368257.11967,3.705947153950985,3.769626089481952
723183.97645,4367995.46152,5.325076488622567,5.347434618555926
723014.628015,4366978.17371,3.4925955120682444,3.5156931837760514
722435.106546,4365983.47692,0.0,0.0013417373606969512
722232.517152,4367940.56379,6.614060554984905,6.042962369147029
723493.050884,4368396.44392,3.717920246302863,3.660438627923212
722650.76045,4367286.03004,7.164334215442887,7.606292140256497
722859.898367,4366970.308,3.2124243046618,3.093188164702509
723254.554128,4366878.25067,4.967338709238792,4.831439915730655
723037.514223,4367371.18675,3.6290746073769933,3.660816930244672
723547.725245,4367810.94103,4.807462417170054,4.6731350198990755
722999.732204,4366269.18697,3.7962123902927782,3.8735023546754053
723076.067968,4367525.33543,4.607309953537445,4.528351468217381
722373.047203,4366199.20486,3.751063806459887,3.6302336389375425
723061.600623,4366307.78393,3.6846151059521586,3.690217639100927
723317.22594,4365968.95962,5.404046499996453,4.986513468525186
722170.497537,4368125.41932,4.500973258645437,4.636853844758765
722356.266805,4367971.50191,6.70526180230582,6.845699679300164
721699.174492,4367292.84294,2.857372026568504,2.808744742927839
722666.377156,4367101.1107,6.441791831490208,4.98313882482327
722953.102036,4366523.45105,2.9157330613102976,3.4990675309373844
723486.654887,4366886.20919,4.033026245727727,4.064849626453701
723076.923378,4366492.75438,10.320782524436073,8.530747625839975
722914.706091,4366161.20698,4.055971787374893,3.945056069835253
723315.612009,4367849.20989,6.6931925312672265,6.3873015395419115
722247.983093,4367948.28338,8.310707987575716,7.015920877046833
722132.636844,4366977.30369,4.589205277550059,4.599505745596997
722743.598007,4367286.12332,4.956914863172531,4.9207955252153655
722844.847934,4366438.57047,3.9035177969173915,3.7811679939302487
722906.758895,4366423.22082,1.0748066342754563,1.0121608780890246
722760.026263,4366068.57002,2.2546142338418145,2.218068949334784
722085.701094,4367709.27665,8.92123336339895,8.603536315539996
723408.969993,4367248.29654,2.752532449113913,3.170958119208477
722975.097475,4368010.6496,5.0030964061007515,5.008692759191817
722503.750203,4367309.00107,5.730253828156803,5.751950927362347
723324.106882,4366970.79681,4.464441130998043,4.535308903996101
722426.489568,4367170.22555,6.081924271267796,6.077268877356893
722270.980976,4368233.37975,5.089489103800621,5.204384198729846
723044.680862,4368056.95173,4.837152777759232,4.85861371981742
723301.048145,4366793.53441,5.152194145106619,5.174416469964879
722905.801702,4367609.91552,4.437751930149147,4.316107019987504
722256.951239,4366245.3343,1.1541736712681072,1.123872720430581
723385.807316,4367194.33163,3.5523959570354235,3.191204234430184
722047.885481,4366468.62653,0.3806281385094392,0.44538026803460673
722976.444849,4366361.64102,2.6885399599075352,2.612939600273172
723339.014007,4367625.78646,4.387375072906381,4.35058591348947
722674.460377,4366654.17449,3.9050666584882605,3.4257933787391392
722736.747382,4366153.32039,2.56958769903638,2.554017139856014
723176.534931,4367648.72655,4.319635654422929,4.314607344197042
723184.506011,4367371.34244,3.071210909678146,3.065919959695876
722419.159421,4366623.09964,2.193171056905525,2.2778746306543947
722256.708004,4366584.414,2.0576762542766236,2.033353552904905
723324.911285,4366030.62265,4.430361559861901,4.376234896445198
723401.762829,4366639.52075,4.964208285343563,4.282412776833546
723377.297124,4368080.42483,3.0781428923445024,3.0669002571130553
722317.36533,4368271.94719,5.941733832796055,5.849225635614791
723083.720619,4367625.5121,3.956734618421502,3.7845367716940554
723307.996083,4367710.50986,5.5815111808622895,5.855070842978768
722433.356402,4368325.99163,7.680754517035885,7.612086874969253
722883.865943,4366022.45446,3.4658097478178833,3.48361561009067
723270.263975,4366600.84742,6.535768026280245,6.422118031775654
721838.138932,4367724.46034,5.992143006077557,6.0767949357187865
723161.153751,4367540.83637,3.360537558630445,3.4581702593434716
722619.927521,4367139.59287,4.232178066303741,4.229419289549568
723409.900305,4366177.14267,5.299742637826869,5.279733044462082
723316.177837,4367194.25585,2.5869954642598274,2.583038829667239
723355.717171,4366200.20392,5.59903532229666,5.569541195466712
722132.418636,4367285.52941,7.421156700147451,7.29276313466835
723106.851592,4367717.99885,3.5360986709288,3.5833128736442887
722690.042039,4366515.47799,4.027733340240379,4.2757707028895755
723115.148612,4367047.63176,5.394525964155827,5.277991540059439
722781.543221,4368210.77227,4.768090325261314,4.888764291575398
722232.8696,4367455.14292,5.646733410757016,5.887125295692558
722349.152314,4367131.62281,6.517663350292856,6.454396481573125
723091.675464,4367363.53837,3.412270150641157,3.426905058935414
722241.498348,4366214.49364,0.8190171086662205,0.6607245331200394
723199.704083,4367694.98257,4.735527684372056,4.750992310808039
722194.310072,4367285.58734,6.787072162655799,7.067625982727732
723068.222623,4367656.31658,2.368199531636849,2.3604574635917475
722512.027871,4366592.3649,2.3302504995767572,2.327423097790755
722225.222455,4367331.8494,6.729240303048318,6.705612509038497
722519.532506,4366900.61439,2.7616105629956476,2.7397733406767166
722960.099836,4367432.74939,3.7654248232455454,3.8066717470690485
723191.482092,4368265.13546,4.63993722650418,4.646565572287163
723191.810674,4367879.89597,7.471114218316134,7.48777458588997
722844.067184,4367417.21878,3.4210158709816003,3.3649836734897574
723409.245519,4366932.35991,8.06098502880977,6.174154241589969
722310.305751,4367355.04663,5.6039727513579045,5.614410594116073
722388.493963,4366237.75238,2.0572405648258014,1.7575260749718615
723617.836341,4367271.64526,3.4589679807596663,3.427318417234036
722334.253247,4366345.59158,1.2376070469564164,1.2392281885415717
723401.856292,4366531.63302,3.8634355215859415,3.8122818906449196
722681.417165,4367655.91767,2.916649644194699,2.9585143733511674
722225.438917,4367031.33097,5.721056452703544,5.664077866937029
723262.840016,4366230.9307,6.710490075715694,6.160529078318509
722898.451976,4367132.16897,3.4004582537682113,3.161005231702191
722612.060331,4367309.10801,8.27352992386834,7.87716622837137
722357.268165,4366615.33415,2.985208697446344,2.9700414847480365
723145.694253,4367525.40927,3.5418109154902275,3.479800545908354
722998.017326,4368357.38398,4.148012097558717,4.146396861921988
722775.543729,4366014.63824,2.1258673278728946,2.1202899829603794
722125.2903,4366422.45969,0.0,0.002313878218139118
723340.307829,4366123.12045,5.037337172715828,5.080157163592627
722649.929991,4368349.32052,5.393816165447864,4.792546063108437
722658.064308,4367840.81612,1.1338325522785162,1.5349511803754932
723083.391811,4368018.46861,5.139607817448238,5.0973389719954785
722402.837277,4367763.51367,5.267373508455282,5.334598963425541
722279.701976,4366884.97159,5.007453300608977,4.959043567579315
722495.233803,4368333.75708,0.0,0.8634272485081729
722789.91889,4367409.45802,3.634302880786867,3.5395978012055496
722162.661816,4368264.09488,3.697975864395976,3.659104674934809
722527.924917,4366029.80725,0.4096021361952833,0.4241596671731696
723431.488102,4368034.25571,4.657525615301275,4.757903492332721
723131.020271,4366569.87426,6.799593858236708,6.621476988157414
722040.127012,4366499.44449,0.66673099810638,0.6402739521452002
722496.304629,4366923.70938,3.2009194101568497,3.1722324541067115
723470.084754,4368126.7562,3.920008594541686,3.8337346182738328
722572.713293,4368172.03797,7.330664866819752,6.981866384695599
722550.415444,4366985.40915,2.4205772902780507,2.52652069897864
722705.318784,4366769.79675,2.1775577936188237,2.2518555274904415
723092.26419,4366654.60198,3.344691927636637,3.343883428821506
722372.059544,4367540.03438,8.401747654702948,8.14425425748759
723532.768657,4367233.02198,4.098925958291678,4.03319393057502
722109.269164,4367200.74699,6.793009850058888,6.590408242334818
723206.860624,4368373.01586,4.694057742948669,4.632255408635581
721884.988853,4367084.95761,5.07780647108262,4.694420660912118
722186.887404,4366846.35456,3.8217397526061476,3.7537075681239
722280.086029,4366353.24675,1.0976328181724104,1.0961895696479886
722055.505246,4366638.17013,1.2769888529125146,1.2494629691423094
721792.031749,4367262.103,4.5631939440851355,4.585444152298835
722062.395338,4367847.94509,9.60285479387202,9.804148846964146
722860.408348,4366330.6962,4.3258641861746465,3.959370185276679
723183.753112,4368257.42254,4.655621662019049,4.621091819973752
722866.540342,4368326.42852,3.8402641523823626,3.880786071262812
722828.840659,4367108.98042,3.104680323225763,3.0296747480748056
722597.224614,4366476.85441,2.9797965303874716,2.9934104412815836
722140.039995,4367447.35023,7.092270218489941,6.920849159310486
721931.408501,4367084.99949,7.615693097905346,7.5384907199903255
723362.309764,4367525.64298,3.005139999051839,3.0707404389364985
722852.46275,4366592.70429,3.513992192144539,3.1587328467247477
722425.801474,4368087.1413,8.876342538446456,8.567117982282811
722495.31044,4368233.59812,7.260537523902518,7.214671344732612
721961.91986,4367716.86756,6.926842877338712,6.938280085131095
722758.637354,4367833.2128,2.774729335863687,2.8582939808402035
723130.782872,4366855.00088,2.977998950732754,3.3364595983538616
722766.053567,4368233.87031,5.020652478859112,4.566726677271461
722557.58636,4367725.1402,4.381404684749809,4.870137489197268
722557.230267,4368187.43183,7.087913708696463,7.120504712295733
723223.148747,4367417.61669,2.7652057223050828,2.8015462739347017
723485.946728,4367687.58987,4.062393830644285,4.05048855157613
722194.254753,4367362.64194,6.589469588365402,6.621038369488518
722334.028738,4366653.8427,3.139598957224811,3.176966504871184
722914.124286,4366885.5987,2.208768354530233,2.261274143930893
722844.295527,4367132.11336,3.1328508682074565,3.145561923849187
723184.538589,4367332.81493,3.034711098069488,3.0492737573190047
721877.236622,4367108.06761,5.125149852546367,5.061599691428462
722681.531699,4367509.51817,3.054122650051973,3.0685770609590013
722317.832553,4367640.14991,6.776357856955656,6.788973683001982
723192.528943,4367032.30228,3.7700721773876555,3.6481779793796227
722039.549306,4367331.67618,7.486830585154993,7.472972786030237
722394.945544,4367971.53943,6.676926791769842,6.541120681045496
721590.687292,4367570.13986,2.4896397427759687,2.4812933961607455
722960.464229,4366985.82327,3.1854061727043352,3.2155047117927826
722481.263495,4366345.73261,1.1826022636662574,1.0733670450615298
723339.951627,4366539.27218,5.208541390505957,5.222023064025253
722750.748304,4368025.82748,4.726781964031613,4.768246598315064
722512.28813,4366245.57825,0.0,0.01706954699193508
722427.329104,4366037.41687,0.23203526547481373,0.23851911382951338
722867.666074,4366931.78657,2.3735178282974894,2.595922219433991
723487.000028,4366493.19445,4.964724957248602,4.972964486083157
722356.775261,4367285.74186,6.239477270980227,6.161010534974446
722619.19888,4368079.62799,5.877512245957921,5.84881523192546
722720.048991,4367717.5978,2.8534639018124914,2.473489705902084
723268.917274,4368172.76343,4.649199234034913,4.670253216370131
722674.323089,4366831.41388,5.481531897162196,6.903614593820182
723014.209736,4367486.74366,4.931323253496436,4.886360628461314
723277.104791,4367648.83481,4.76182947747086,4.741496293607645
722634.519538,4368272.25978,5.524583016195191,5.426804268531121
722983.118952,4367663.93236,1.7639765527967322,3.224907923870069
722665.491746,4368233.76807,5.711342405345244,5.692906886986433
721938.92365,4367408.63812,7.1753070494529245,7.1764472639419665
721984.795008,4368194.58773,2.2554919605367836,2.4330321420564056
722109.350689,4367085.16251,6.412908217725203,6.292663784656602
723199.369083,4368087.93601,5.184078918611905,5.251569119651768
722712.971675,4366877.6883,3.9555081478085,4.189725331433877
723270.479728,4366346.53727,5.571474742546119,5.386628643705196
721776.706925,4367038.62692,1.2673910855864527,1.3375827908961282
722990.753499,4367787.22236,4.078368341078289,4.084491157064713
723493.806,4367548.90388,3.178070624268517,3.241579233500746
723255.414164,4365860.99665,8.66912286491397,8.367618998581682
723340.017649,4366462.20869,5.223322131080444,5.241318262110303
722062.596124,4367562.85736,7.554150279849623,7.532543020770607
723448.259752,4366554.80266,3.9452778132599104,4.077284965115374
722990.498912,4368095.4186,4.817305343968552,4.815383688421943
722720.146229,4367594.31512,3.3672827622871973,3.3401425461061143
722441.406717,4367909.94578,6.4571207905789745,6.468736265182473
723371.351079,4366015.25903,1.1835995404688144,0.9261402026270836
723068.600552,4367201.69708,3.670221773127761,3.681472649333786
723563.459938,4367518.16005,3.0604642879392667,3.044692481012384
722597.001127,4366769.68903,3.536324498485209,3.639825976111132
722581.744271,4366484.54551,3.700234909389557,3.4552646296608422
722379.485551,4367956.11474,6.572913773948885,6.502601368619259
721907.831161,4367624.35707,6.872819693725179,6.820054450390919
722829.055436,4366839.27582,2.3332131878423525,2.205627419458692
722519.064904,4367517.06188,5.8221652589004265,6.037210485116951
722798.50286,4366338.33994,4.241310809679529,4.229093995918929
722272.265514,4366468.83489,1.981029727616417,1.9707929197613177
722534.254419,4367886.92234,5.163328174595591,5.101706059520946
721892.274932,4367747.62431,6.365887611934072,6.418379133803631
722789.210672,4368295.53064,4.869876614127424,4.812165751924405
722148.42074,4366538.07543,0.9879782471247647,1.000893650832993
722604.145487,4367540.2619,4.284361928712524,4.3445361063594055
722589.803174,4366060.69456,0.7555731745995268,0.7877601491486111
723168.635634,4367841.3461,5.223515642598118,5.228951508085398
722039.59229,4367270.03242,7.1044048910355055,7.115517865855851
722109.707904,4366576.57067,1.4417578509531723,1.360467889528518
722489.03539,4366299.50137,0.0,0.08709324927192935
722325.266631,4368048.51998,6.727659125438709,6.667746261436469
722340.892425,4367840.50373,5.386199967604212,4.5011593474767855
723369.291073,4368388.60208,6.784167566316981,6.412606816803932
722597.459062,4366168.5956,1.6865909891078008,1.6978934026631154
722039.929806,4366784.57086,1.5646440124683751,1.6128186120766355
721869.510406,4367092.6494,2.7646217253193446,3.3462659062715314
721908.203844,4367077.27283,6.417555187152565,6.2278884548003965
722480.313843,4367609.48677,5.085874708753838,5.12554981353864
723216.012686,4366708.67615,5.507059259475565,5.567822660458011
722333.259149,4367701.80581,5.854179296560658,5.72205751509922
722821.660333,4366407.72136,5.384166750167038,5.533943450685623
722387.313525,4367832.84371,5.925500794052154,5.911790669991294
723029.292664,4367956.77245,5.119599188178626,5.081871961794838
722365.033576,4366576.81055,2.794192631979621,2.8220274521750253
721645.074566,4367208.03529,0.18404131935178422,0.45468364015503737
723083.106976,4368357.47413,4.285039796096497,4.301574216525946
722643.125452,4367155.02728,4.823759703276679,4.7088070169345775
722922.530004,4366053.32107,3.3171640486395795,3.3556386252809225
722270.924232,4368310.42508,3.0597510267985832,3.400605664148355
721590.677359,4367585.55021,2.435041602973243,2.350752326611708
722318.55458,4366653.82794,3.14889982094498,3.175251770844185
721845.926991,4367647.41652,6.200072863032752,6.256237183494834
722929.072948,4367532.88687,3.327749090184778,3.388048628670783
722704.467665,4367856.27283,3.3903248673358313,3.4626208822901825
722651.450594,4366392.13798,3.021882784835332,3.0332567028199855
721745.317553,4367708.96741,5.54830337334254,4.8937147924742925
723454.545042,4368203.78617,5.021233398126876,4.974986258256589
722458.045605,4366353.41659,1.2078682123091349,1.2292818521984217
723231.493394,4366700.98652,5.430929212363024,5.727040365507051
723084.233613,4367009.07007,4.355780374320229,4.427892952666689
723152.856794,4368203.45691,4.458503058880206,4.467282541017417
722665.625029,4368064.26515,5.604811814220813,5.657839257582543
722318.610633,4366576.76637,2.935335239449849,2.898825916538501
721583.005492,4367485.37587,2.0257364665625377,2.132307958250573
723362.215871,4367633.51699,4.2284344071020135,4.33992265558907
722549.441151,4368256.76555,6.926745929222505,6.810171098536264
723563.701211,4367248.46774,2.701103397038476,2.831120210993027
723339.587131,4366963.10768,5.179528512586005,5.029891159211172
722611.684766,4367794.53959,1.8612739899964417,1.9517302729885357
723331.411363,4367471.67165,3.4517388059513565,3.4268339194079895
723362.990664,4366739.65881,6.68718944235717,6.580205908864399
722132.767389,4366792.36245,2.6168116265712267,2.609192519514654
722534.05324,4368148.88553,7.668909919409456,7.667540533423432
722867.276215,4367417.24258,2.959323165703646,3.324695379948941
722257.017451,4366152.85552,0.01471764585320885,0.024930886294997342
722334.499203,4366006.50138,0.0,0.005941481486972269
722612.593138,4366615.58217,2.4196962935077346,2.4722625896896426
723022.649023,4366631.41063,3.238968468051128,3.2745810326213314
722334.2924,4366291.64643,1.1557453271877307,1.0686971451925713
722798.508936,4366330.6335,4.121613356343703,4.180107055734086
721830.548326,4367508.70937,6.642944168749912,6.67722789723018
721807.478897,4367300.64409,4.789228477027721,5.073627990346523
723115.05862,4367155.51211,3.552363640996688,3.694319655857493
723346.45512,4367964.81816,3.5651111641340036,4.271040266520156
722588.696865,4367509.42537,4.704772048648813,4.689788736524373
722464.403635,4368187.33994,6.129880888038045,6.183700168219169
722643.053804,4367247.49456,6.035581532860641,6.16169687377714
723007.03628,4366800.92902,2.515067079255151,2.587694877593189
722783.197066,4366122.54027,2.6053065397089066,2.6054221003245694
722605.049983,4366361.26638,2.552125304318882,2.5356232787947
723455.274069,4367379.34201,2.453323824816309,2.6437283357952692
722334.309241,4366268.52689,0.9410996972539157,0.9403037392739253
721830.7139,4367262.13746,5.3950426360608645,5.355387398714996
722844.307806,4367116.70194,3.08789887361021,3.1059999044253637
721706.759295,4367524.00995,4.689313825405098,4.660588042019127
723123.110147,4366777.93245,2.991382407346635,3.0008501053097913
722201.423119,4368148.56266,5.447097619029448,5.486329349301657
723247.16322,4366469.81532,6.671246863247152,6.524167341650471
722612.439623,4366815.9404,2.6128906138711976,2.5541765314074945
722418.764473,4367154.80683,6.143015434210706,6.125897747753573
723053.108207,4367224.79773,3.636045638590158,3.6296634629252704
723037.863748,4366947.37448,3.6955233078847214,3.616444601514535
722991.152709,4367301.78866,3.56143213700975,3.575989054776366
722581.161813,4367247.43307,6.25784009056276,6.222942564707716
722411.348178,4366723.27165,4.713937492778085,4.761712417237103
722712.063524,4368033.49294,4.982668053042307,4.925915823045527
722193.58684,4368287.23774,3.1346194018987856,3.4996752471261487
722835.959409,4367879.52188,4.084596872830007,4.239919623447656
722967.425177,4367933.5928,3.658184433413155,3.5922500257344585
722581.896313,4366284.17887,2.1663883703731415,2.157162066294485
722874.757403,4367733.1661,4.604502305314839,4.729058023227233
723068.830184,4366924.28921,3.502567703021686,3.537622833428196
722712.294715,4367740.70524,2.1571650266744657,2.0764575256848494
722875.956795,4366238.23363,3.4291160399768055,3.4306578251046345
722209.068989,4368271.84334,3.4745231521195907,3.7438398135668582
723293.724805,4366308.02954,4.854353758806238,5.001803943828364
721783.976865,4367739.82199,7.757400466623972,6.107176094724008
722627.419821,4367455.52661,3.961962507116627,3.992712177837718
723393.140307,4367656.66656,4.311599732790446,4.35421317570565
723108.108092,4366207.64709,3.1006173507841397,3.2178725960506918
722179.199878,4366776.99369,2.988574566766653,2.97816358171437
722318.251056,4367069.94772,6.268747907780577,6.247841325053477
722488.891418,4366492.16111,1.9216907479880978,1.9512300957282482
723045.103776,4367548.41874,5.295321495955917,4.766049043433614
722549.405508,4368302.99279,6.176417137962874,6.151688539642671
722357.740341,4365967.98944,0.23357434086431023,0.07718455863805862
722734.994915,4368380.2247,0.0,0.7478569152784671
721792.129083,4367115.69732,1.795829202620653,1.8737883867691743
723493.785443,4367572.01982,3.90984289207057,3.5498522460196997
722217.696708,4367039.02946,5.976393938485213,5.74096463699227
721892.678483,4367154.31529,6.331840356836668,6.379571069107567
722820.270664,4368149.17472,4.742433698792999,4.65537724119894
721946.149531,4368148.32454,6.4079057718717385,8.699409827282857
722596.326032,4367648.12733,4.41093384986005,4.4277378476069105
722797.924664,4367070.42026,2.936745411354477,2.9535700432767906
722387.071228,4368156.44574,5.957450199634912,5.943122925410253
723370.434355,4367078.72889,3.006204889471157,3.1285034025767895
722657.853084,4368110.48575,5.922112226561785,5.902654035610524
723594.3011,4367633.77436,3.2497150897900076,3.294569885052305
723401.736116,4366670.34559,5.50247653741093,4.3944891325987
723052.993377,4367363.49759,3.5695003746809686,3.6046194873817345
722735.062383,4368295.47523,2.573089372662332,3.0873496794593365
723486.749771,4366778.32477,4.094246288110833,4.1071785297255685
722844.320157,4367101.29057,3.067531882553893,3.0570032078745504
722589.756505,4366122.34814,1.4314210465983888,1.4251965776267532
722721.260273,4366168.71819,2.559663982141043,2.551271661536499
722928.632467,4368072.23953,4.719101134110484,4.747784206080526
722580.454907,4368164.341,7.337894426342807,7.1657292742134056
723486.172058,4367433.3145,2.5243260090679125,2.016168044921962
722619.784801,4367324.52673,8.540808955392645,7.70879677888522
723137.39215,4368195.73567,4.417452841245648,4.422906274347141
723099.636644,4367093.84999,4.89675971120874,4.742600010208664
722093.63871,4367424.19101,7.774247125389117,7.688701000953405
722975.033907,4368087.69761,4.7964253357972915,4.801414549771744
722999.581914,4366454.14201,0.5699434041249504,0.6144281087058877
722217.580417,4367200.84826,6.308120384404062,6.409694843175107
722859.935374,4366924.07278,2.341429733048487,2.4253926785884397
722952.708647,4367008.93272,3.2399364103542365,3.227388150220055
722533.970232,4368256.75015,6.97941414749759,6.955544727235561
722249.23582,4366214.50091,0.9542828136633655,0.8526184064805913
722828.963468,4366954.86468,2.5270949934584612,2.5228053555516974
722743.433867,4367494.16994,3.2286088693475907,3.2393846101456707
722665.914833,4367694.42782,1.358524623111919,1.7480363626691158
722775.525709,4366037.75855,2.2078871654025414,2.179433057952941
722936.897044,4367425.01993,3.695878399596076,3.718218437549028
722511.146789,4367755.91455,5.17730178363116,4.999077278829398
722202.129466,4367170.01139,6.617965409665571,6.624681119550977
723138.545567,4366824.18504,2.8649914944875055,3.017435982106046
722094.125987,4366730.67861,1.9012656650050044,1.8401693565023562
723191.909012,4367764.32038,8.119850232227327,8.106944651729243
722480.050707,4367956.21296,6.541125563845063,6.398392599471386
723322.871866,4368396.2556,4.918252954686501,5.186359980061021
721598.403546,4367600.96725,2.443048478642338,2.522357644919201
722241.41025,4366337.7975,0.9218751166384069,0.9024549999438675
721969.794328,4367516.54063,7.264571642738126,7.296184396756783
722001.298204,4366707.47544,0.19416092818729186,0.5641739194072192
722395.703295,4366954.43525,5.069996761721295,5.044213309420108
722371.847465,4367825.12374,5.855922054363949,5.862077842712453
722101.293208,4367539.77761,8.473036836155709,8.470115922525597
722264.710842,4366214.51547,1.105078010311082,0.9894777767236458
722224.842963,4367855.80259,8.71062512237609,8.31310808438408
722209.827263,4367223.95772,6.090444164051833,6.0959884913982725
721730.165682,4367223.52074,0.0,0.33000910232364833
723486.512325,4367048.03307,7.741781047901318,7.64491696031732
722851.561691,4367717.73198,3.1884494587093983,3.5868902820229422
723533.573408,4366323.70366,6.144144956707494,6.094963088100535
722721.09877,4366376.79444,3.499179135531316,3.5016741760920556
722976.68154,4366068.79014,3.506311362223413,3.5534430482422836
721814.993156,4367631.97852,5.760266964418598,5.770768287418281
723177.26264,4366785.69586,3.093962747450269,3.3232783331917792
721598.645954,4367223.40605,1.2707634950574593,1.260213869293886
723462.629251,4367810.84622,5.784019637604686,5.70005991674374
723307.501638,4368280.67061,4.23511459396655,4.150441188778709
723540.347311,4367410.25837,3.0736248023573407,3.052713973918285
722944.034234,4368157.00774,4.945845465761033,4.924751301509358
723308.202397,4367471.64645,3.458774469241993,3.4476272132600374
723169.176095,4367201.80361,3.069732835620697,3.1202537300646958
723324.635263,4366354.30185,6.131139289975033,6.104097696573423
722333.105206,4367909.84063,5.018296870464069,5.23233132254586
722951.795168,4368126.19698,4.858936480870874,4.857110803189893
722883.73728,4366184.2953,3.2947347941826997,3.333522718677062
722790.316026,4366908.59006,2.084352374824126,2.107198384731068
722967.145666,4368272.60156,4.020472234108082,3.994961291420113
721838.403722,4367331.4935,6.400709297816913,6.159165806988633
722162.823,4368040.66029,5.67025987167195,5.649282521821279
722279.146459,4367647.81808,7.157654028578354,6.830923789978635
723161.530146,4367093.9156,5.170621596766626,5.053403020970902
722642.682597,4367725.22496,1.4323279154354338,1.7221503274309904
723115.839326,4366215.36181,3.2564922247707533,3.2812369622592956
723316.726666,4366554.65969,5.560921632324914,5.511697963691289
723392.592368,4368280.76409,4.734817500949347,4.736674423623214
723415.723977,4368365.53986,5.374162243174857,5.335770944580641
723222.866271,4367748.94348,7.26040825974757,6.8037577113486885
723594.536791,4367371.79143,3.002861525963542,2.930826592286155
722086.259625,4366915.61408,3.7156288852705464,3.7662533079917733
722302.940515,4366846.464,4.514204752934307,4.647445306423675
722272.193359,4366569.01621,2.0265722593500963,1.9717007637540733
723176.697975,4367456.09404,3.136642809109913,3.3650116045498275
723625.454725,4367402.6482,2.998953401207532,2.9707457485529005
723485.892038,4367749.23115,3.8996125575219804,4.018894514314627
722643.09562,4367193.55547,4.2216895881600065,4.418184573695473
722209.181062,4368117.75133,5.40514370645451,5.4062781579166215
722844.725535,4366592.69639,3.313388073399117,3.4264062260608315
723495.095027,4366084.75496,4.588785938475979,5.029576809176208
723363.229711,4366462.23385,4.869747734687227,5.171551900887186
722752.17451,4366214.98877,2.896001811373171,2.882343015184384
722047.538188,4366969.51925,4.387245808751436,4.416034886561689
722511.164384,4367732.79936,5.17875408180057,5.168718689139086
723262.153133,4367040.08263,2.4772440412746577,2.4906908396327476
722550.268748,4367178.05214,4.8837859758002695,4.899753572910278
722418.925025,4366939.04591,4.679599778046798,4.69947924395672
722388.176885,4366669.30671,2.4544985512958557,2.4234137659460697
722790.680678,4366446.22199,5.78989307764505,5.5324054988555575
722109.209366,4367285.50783,7.463110612722392,7.464819097058299
722403.285634,4367162.49752,6.190100672079307,6.18177176939253
722982.947684,4367871.96941,4.10615474838524,4.152051433511001
723586.412241,4367803.2793,3.6976854047620926,3.8181310207528187
723516.698679,4367903.36673,4.026571501704852,4.09035613568893
722566.182054,4366600.1241,2.2995854641764018,2.3696359989867855
723138.320089,4367093.89091,5.209509717523811,4.918150317023904
723207.610527,4367494.65406,3.3492746497012726,3.347608075035713
723516.609178,4368003.53084,3.8422004217033274,3.845911655222609
722845.067655,4366161.13607,3.0361374279934847,3.0287356609165803
722078.84513,4366453.24225,0.0,0.16103148783090845
721551.937948,4367677.97819,3.063333298164,2.860777980135806
722480.255461,4367686.53838,5.142770557382202,5.16099200198956
722317.371067,4368264.24261,5.944928888768755,5.857602969271665
723075.475096,4368234.19287,4.128874462476,4.133144977366842
722496.807362,4366253.26977,0.0,0.009341988888049465
722418.291837,4367786.64375,5.532296162155052,5.579761095012499
723137.281143,4368326.71387,3.8319700871547377,3.9549747015710635
723183.713615,4368303.65011,4.437493786553999,4.343655293482739
722202.052026,4367277.88917,6.515436621338013,6.6594052240771004
723393.48348,4367263.69087,3.320939639165297,3.3246722828296797
723170.079265,4366122.93897,3.4213063306154807,3.398570371559838
722967.221958,4368180.14603,4.915283726270209,4.8600337711967505
723208.599588,4366323.35172,7.350189909652561,7.131150581858943
723485.939873,4367695.29511,4.104347743219223,4.148726005020183
723038.085381,4366677.66381,3.2009548039135622,3.2011250628872365
722891.278022,4366430.91139,1.7214353731607055,1.9213340759647581
723253.532273,4368072.58489,5.2055079147269385,5.202557838949589
723168.275525,4368265.11051,4.585526250425806,4.485031181203456
722512.189905,4366376.58839,1.7459170807921007,1.7360949459020976
722628.209059,4366430.6469,1.7643152941313447,2.1672912056684184
722256.962307,4366229.92122,0.8332168337942619,0.9540085070956517
722466.080297,4365952.67946,0.2301702645607079,0.15664539453737136
722363.979566,4368002.32865,7.099241249703105,7.084074686403293
722883.706596,4366222.82835,3.4125606102750377,3.4165710456861316
722518.528823,4368218.21192,7.11163368112907,6.967672764605891
722990.85511,4367663.94047,2.906977530743807,2.9188790134468463
722039.672851,4367154.44904,6.595633488039646,6.649662892490618
722551.085788,4366099.19027,1.0581186703433927,1.0612811740625019
723176.945132,4367163.28346,2.995019500563478,3.0589064667466617
722318.076117,4367308.82123,5.9899809092001846,6.071654318794554
722356.80933,4367239.5087,6.306732333597383,6.281359011838078
723393.328891,4367440.91763,3.2344499933492177,3.228445896871246
722945.140532,4366800.86481,2.7307777919656595,2.69038197507729
722860.591705,4366099.49839,2.2606748376065267,2.4052971318702014
723006.168165,4367856.58381,4.6227362454571725,4.584942298066964
722867.151995,4367571.34936,4.336417296395852,4.249159579321476
722574.112138,4366345.82315,2.2996016221957714,2.3205665357575254
722557.940608,4367262.82121,6.223244232236331,6.155596007305871
722595.806132,4368318.44812,5.646830358873226,5.775391963906573
723145.57739,4367664.10393,4.1458496159666,4.164319621694199
722774.207374,4367709.94767,0.9883170846380651,1.0767380134872713
722202.799883,4366229.87059,0.13811570790891337,0.2756455819213638
722766.035108,4368256.98408,4.320474717285838,4.404567220133383
722983.32144,4367417.36278,3.951087005937545,3.9264285138009702
721961.620586,4368148.33869,8.861142458797886,9.652963120221477
722310.677362,4366846.47137,4.531534998136259,4.687170024791654
722108.656779,4368063.72356,4.942908938098224,4.90257502008143
723300.909583,4366955.35994,4.136652240513339,4.032041353277592
723192.033385,4367617.92223,4.1928379057189895,4.206102379294816
723354.974257,4367063.3005,2.9606979438515606,3.0203382117759197
722735.81906,4367340.05405,2.965203145894706,3.37884286720546
723083.462799,4367933.71496,4.806074751078118,4.9030979436010735
723207.262816,4367903.02754,6.3218035338057526,6.677223194477124
723324.575997,4366423.66001,5.609975455553216,5.728883014109649
723431.800657,4367679.82482,4.471282513341512,4.366377536351621
722217.989287,4366630.61461,2.841361737663041,2.7544045972585858
722356.03109,4368287.39363,6.38679993614407,6.259958725445751
723169.963743,4366261.6584,5.861634298925374,5.3900051550048165
723029.733259,4367425.11675,4.3055327812324125,4.1991383383486145
722341.602347,4366877.32452,4.706902214202198,4.7349886416892115
722775.495613,4366076.29228,2.286437837702347,2.3321607133220628
722504.677299,4366076.02503,0.6947465030450869,0.6987699264741084
722930.230703,4366099.5694,4.046515883611741,4.364354078310066
722140.629334,4366615.13015,1.7286254994222066,1.6721789878079556
722860.298086,4366469.41165,3.124572960999198,3.10409376327038
722380.235432,4366946.71452,5.153291351564672,5.228917270011781
722719.695444,4368164.48122,5.9034912633841055,5.919096417268673
722526.760008,4367571.00632,5.20199008308162,5.228605951913779
722998.711788,4367517.54882,5.790054273123985,5.463562114475949
722867.375374,4367293.955,5.590418481396417,5.418438925663483
722450.056179,4366692.48473,2.7666418624551246,3.086444392184613
723261.63248,4367648.81811,4.629610328554126,4.66371834319036
722162.967158,4367840.33419,12.647738134563319,11.714330721727428
722240.230435,4367971.39049,8.494401584908017,8.200692924191099
722720.297788,4367401.68206,4.145042869142427,4.210280426842073
722132.451448,4367239.29634,7.105178937106195,7.131183202591804
722379.422223,4368040.86761,6.898056211689917,6.856785227036758
722798.563451,4366261.27485,3.6997832542767384,3.6304275379591564
723362.604128,4367186.60069,2.8180514864358455,3.0200636199903155
722860.481732,4366238.21793,3.3815145149179138,3.362210533795247
722866.577882,4368280.20129,3.1558125678739923,3.574890619924151
722751.011488,4367694.51382,3.1544956892954783,2.7717585595476173
722790.035217,4367263.05378,4.243763750905529,4.414382912974939
722425.865421,4368002.3889,6.810211215820639,6.707735478887251
722116.869391,4367393.39114,7.784154299550338,7.7118430556627695
722891.358028,4366330.72774,3.8953529958447093,3.855308866904001
721606.144578,4367593.26877,2.615775782115297,2.53986884454948
723038.318919,4366392.53099,3.179700275936232,3.1592810967856426
722851.26305,4368087.56883,4.868295436517816,4.878796120121613
722373.159622,4366045.07185,0.0,0.0012504391938128784
722387.157887,4368040.87515,6.790815437142778,6.803587466609463
722728.366959,4366977.88038,2.1266419510157046,2.248088283928231
722836.219585,4367555.90702,4.2112653573789975,4.082238263275234
723121.914499,4368203.42373,4.318054092098573,4.389552464503236
722688.68007,4368256.90533,4.434201782465091,4.692625125246867
722744.574818,4366037.72756,2.0222832669946906,2.0173542743431305
722426.460805,4367208.75359,5.944734992536335,6.096915140728744
723408.070178,4368273.07656,4.743369709772117,4.734225157192463
722913.154736,4368079.9282,4.769542623430723,4.776368632572895
723192.717232,4366808.83047,3.811412854656094,3.821386274003727
723069.287449,4366369.44392,3.9327241863550144,3.917670203670418
723245.717065,4368165.03352,4.690120572229271,4.682462598980683
723230.917914,4367379.09773,2.9376523763702096,2.83001711724521
722248.044916,4367863.52961,7.8649636321289815,7.840519034082105
722549.749828,4367856.11789,4.759021829248251,4.920040427884822
722828.093234,4368041.31631,5.133831325524085,5.131364733080013
721985.389325,4367339.33194,6.95240255569082,6.998209264885719
722550.151149,4367332.16318,6.597150033571783,6.305478129667694
722202.734326,4366322.3485,0.6000824382876563,0.6158119343828611
723185.070907,4366700.93703,5.439771880819677,5.483225520736875
722595.878119,4368225.99352,6.379280301701877,6.413515651533322
723323.321189,4367880.03832,6.7443757506194135,6.695882810714859
721892.605353,4367262.19298,6.396158891791012,6.3517988246892925
723417.384306,4366469.9991,2.9249692929529925,3.5672752738389133
723501.261256,4367864.82445,4.42523023456824,4.484232070197568
723145.933941,4367240.30701,3.1855254342758634,3.1929831761942813
722789.599541,4367810.12933,3.107158847982429,3.2816050490577284
722218.022333,4366584.37765,1.6043516718150668,1.5645950126013894
722837.128931,4366415.44345,4.381791707785153,4.625075953207014
723455.632936,4366970.9404,3.916329567417433,3.6176709167027994
722574.26965,4366137.74628,1.4096018535513488,1.4156712970991605
723555.343624,4367941.93484,3.9769690752475237,3.983828585734583
722628.268026,4366353.58283,2.7144351095189054,2.784081941024302
723446.775204,4368242.30088,4.616314202187781,4.623103752682819
722256.890567,4366330.10558,1.0167747229996034,0.9877846392360474
723432.95942,4366354.41938,5.040048257536974,4.981306371353813
723276.819316,4367980.15198,5.049988132451682,4.442936189498981
722170.929824,4367524.43227,8.026873911064387,8.02370357070589
723455.524732,4367094.23371,2.26555128938039,2.605344187894041
721606.228902,4367462.28012,2.5760680265899207,2.5465750562124856
723114.302363,4368057.02562,4.883979872032689,4.745234851491816
722372.714105,4366653.87965,2.976601666772145,2.9770590976074476
723131.058722,4366523.63656,3.6725777662375516,3.635182924041681
722759.156145,4367178.26081,3.5314190007479542,3.3784682165963797
723355.928189,4365953.58744,0.0,0.008551639252588955
722426.207128,4367547.79213,7.0375045354149615,6.814431190350447
722278.886577,4368002.24672,7.711541699368366,6.7020355790525885
722186.40223,4367524.44678,7.983693527876446,8.094905732760637
722418.965134,4366885.10481,4.289428621928714,4.314005719581584
722132.237939,4367539.80646,8.607159938354666,8.582679371017765
722642.508333,4367948.66952,4.286104686515815,4.1873189776248605
722473.445737,4366453.61456,1.8734373237906432,1.88455402957456
723347.330599,4366955.41022,5.5423006691472345,5.572226400526819
722272.23776,4366507.36632,1.671029277597179,1.6436605127722785
723184.993193,4366793.4102,3.4483502384609865,3.62120031864411
722078.754039,4366584.24841,1.2298423492204733,1.2067969678448776
722046.684582,4368186.94042,1.3168321242074728,1.2771323009231053
722704.394696,4367948.73188,4.501134454124372,4.4974236184001395
722851.437438,4367871.83283,4.342064908879805,4.248331036675668
723106.547228,4368080.1318,4.661688613577083,4.6407094344077935
722543.307592,4366153.12936,1.2886585015078051,1.3106802862061517
723130.37692,4367340.46279,3.299155936053655,3.3062110778366374
723122.56947,4367425.21475,3.259945039623852,3.2210718165605092
722278.98273,4367871.26404,6.60834831042348,6.626422574325404
723425.268734,4366300.46523,5.53416818411329,5.407168839495975
723269.758258,4367194.20573,2.5828517017213612,2.5966701495288036
722619.222883,4368048.80899,5.6967874923271635,5.627924268208043
722574.310367,4366083.79959,1.1252319655763268,1.1241973637490323
721946.575229,4367531.92992,7.374781645701558,7.33671589734272
722356.002285,4368325.91615,2.9413248633437656,3.246669810000777
723161.043123,4367671.82563,4.334222498764997,4.308234607508455
722303.24245,4366430.33249,1.795416018982522,1.8032907430201321
722991.373514,4367032.0903,3.598674448079856,3.588822458556074
723316.449436,4366878.31731,6.007181890247189,5.958911280842012
721730.180842,4367200.40414,0.0,0.07097532644951458
723371.198936,4366192.51399,5.513513618783692,5.470261883321062
723091.810272,4367201.72159,3.57724545196482,3.5637100168679083
722310.990911,4366414.92711,1.6872300003023413,1.6895308056969738
722202.778039,4366260.69671,0.5550465277862539,0.5693155091548185
723215.575928,4367224.97011,2.8379893281920343,2.8553748418992377
722920.64418,4368380.41629,3.280147565125884,3.3253960847697277
723045.562503,4366993.61776,3.732571722722408,3.7711675426009386
722372.362094,4367131.64507,6.271265481084051,6.384482527615083
722642.652645,4367763.75035,1.2291227402864653,1.4076699772880765
722673.172675,4368303.11693,4.464602326476979,4.450741351147292
722271.184744,4367956.01041,7.832659134834868,7.356140626574695
722008.4967,4367485.75495,7.298392685564375,7.2769587097016375
722690.018107,4366546.30304,3.6390144822917025,3.9141941355038843
722790.346487,4366870.06042,1.941702839690433,2.4715723837343138
722418.758716,4367162.51244,6.153471596315704,6.139852224155329
722890.882769,4366924.10448,2.3333099436011895,2.3887327590894305
722767.020467,4367016.44852,2.51487029766213,2.5567911355408515
722225.935474,4366337.78305,0.8241935417639543,0.855784888619047
722719.780939,4368056.61515,5.126634466754513,5.406099340963442
722248.13483,4367740.24975,6.348815510327266,6.375311375857849
722929.198339,4367378.77932,3.92265504728536,3.857982100410621
723494.32393,4366963.2771,3.7688133907359185,4.779141159801567
722448.967584,4368141.09691,6.633359385546557,7.166231729369658
722727.876266,4367602.02815,3.327846038300988,3.3350400842286883
723346.803747,4367564.15267,2.872330120641296,3.1620555214274164
721590.845392,4367323.5705,1.6139106791303806,1.6333321017391307
721567.601931,4367377.4882,1.708177910626422,1.7480491337560358
722479.774769,4368318.33277,7.9392220419980335,7.615194639358256
722117.016568,4367185.34301,6.376537285556742,6.232272977213446
723315.123021,4368411.65608,4.833086342884886,4.989933841153097
721691.49338,4367208.07571,0.0,0.10035963145368668
723262.225392,4366955.31826,3.5805051400149925,3.5196322280562735
722511.6151,4367139.48598,4.753438464127023,4.805377226309456
722752.042269,4366384.53191,3.9012910679625463,3.8622479571753074
723091.688343,4367348.12738,3.4117857947748544,3.4081913641151464
723401.575586,4366855.29184,7.959424952214815,7.310774555031645
722866.859287,4367933.48822,4.082176632357491,3.962850103668425
723494.174273,4367132.80511,3.346596265633612,3.2136549055723176
722557.993563,4367193.47104,5.131507648453033,5.123955936110538
723216.019204,4366700.96997,5.888581258654673,5.689324492512282
723448.246354,4366570.21527,3.9539592862376285,3.9782545626415557
721938.865472,4367493.39657,7.273188483638372,7.2743790511323265
722642.898428,4367447.83669,3.84391086346788,3.8371751745762417
722626.922538,4368095.04526,6.010054170547272,6.019470804937334
722419.591443,4366037.40944,0.023464512823933945,0.07626103030822776
723161.186273,4367502.30971,3.2190594799009515,3.2380631126818744
722806.130942,4366477.06302,4.3236374572198,4.430286939050741
722874.419937,4368149.23066,4.821985014149397,4.840390365486063
722953.008558,4366639.04461,4.442270020136308,4.322388307961015
722796.983303,4368249.31114,4.599145152464765,4.6722197004179025
723378.764093,4366392.89281,5.307778559459352,5.343213237508954
722712.525134,4367447.90659,3.3737371215953242,3.4129380427564433
722797.057626,4368156.85556,4.967887312467821,4.951834166339568
722960.913993,4366430.98288,0.6326321912328973,0.5766734238600753
722891.542383,4366099.52986,3.6251697526963307,3.552656206174372
723331.357943,4367533.31454,3.4332794229673618,3.3734567849605726
722295.248408,4366784.80892,5.401367731214044,4.796970075720824
722497.071541,4365898.76132,0.20303707884925967,0.21406347093780828
723471.579336,4366431.52626,4.938326216033588,4.810615378039867
722449.444678,4367509.28833,8.182070917667026,8.03075229660105
722163.325854,4367339.49661,7.364938334188313,7.283647237181886
723340.235362,4366207.89388,5.741742949357129,5.736746408875014
722743.476501,4367440.23251,3.418175906720256,3.4817183589240366
722713.629906,4366029.98995,1.783188245468219,1.7628972069131663
723486.369606,4367209.85354,2.4433129700308074,2.735112154885307
723292.470721,4367772.13408,7.34076670664289,7.131526749013593
722549.879926,4367686.60697,4.809463318568491,4.768509036673286
722303.275841,4366384.09431,1.4118221385341847,1.4054959667567837
722851.3876,4367933.4723,4.431039427245874,4.499029240400045
723084.367743,4366847.24597,3.392616228368148,3.3694609756347345
722070.142092,4367832.54239,10.98559038161223,10.21620556403971
722187.117586,4366522.699,0.6086119489403651,0.7484323321244944
723300.929359,4366932.24222,4.869392642975869,4.890667027764413
723362.007542,4367872.37566,5.027913969706157,5.268601171684
722303.091639,4366638.40101,3.110502211490044,3.1990581471312236
722100.97604,4367986.66875,10.07987030280279,12.646783427986355
722929.598066,4366885.61468,2.3741406814726607,2.368573418202445
722510.864143,4368125.74846,7.256438772989436,7.372877122656793
723262.872582,4366192.39756,7.676494185929119,8.14375698443895
723322.865123,4368403.96012,4.862196168921047,5.123646125709616
722805.80199,4366893.19394,2.0431440394286096,2.079243192172436
722727.504432,4368072.03257,5.150709530898475,5.229833253510623
722109.621567,4366699.86869,1.7578093830471384,1.7871891718848953
723539.975438,4367826.34251,4.69279934101168,4.6142494512216725
722619.826496,4367270.58811,7.573352162295063,7.488647307446099
722303.141926,4366569.04547,2.549211090111391,2.496230568676172
722256.15122,4367354.99501,5.861860126481783,5.825688286503115
722851.019424,4368388.04844,3.697169117571803,3.4286413554545256
722055.172877,4367115.93514,5.988722122548448,5.947894493941564
723401.729418,4366678.05174,5.579671859657537,5.13158798727947
723322.959229,4368296.09668,4.467571554893269,4.507053475167945
722766.648773,4367486.48816,3.2027104496608727,3.2126017670343745
723100.332416,4366253.87861,3.8657268826182607,3.885720861180889
722403.479976,4366900.50166,4.523305564986105,4.439622639460665
722457.146095,4367555.5275,6.359820275661289,6.32085035916293
723091.153404,4367987.65747,4.600662082711648,4.742573814212086
723524.227658,4368134.52138,4.0629747499120485,3.9672888004579954
723423.609411,4368196.04721,4.448789011521909,4.419197747680804
723331.56459,4367294.44568,3.190430932013115,3.0937342016918183
721884.879342,4367246.77504,6.1830007614259435,6.184890240969955
723501.068839,4368080.56199,3.6152621938203597,3.6163706047107107
723090.881341,4368311.25517,4.32218515905039,4.321322712455732
722504.284952,4366600.06359,2.3672021586556067,2.3521040171139624
722774.690266,4367101.21963,2.9775440255445877,2.9936994180805447
722936.355543,4368087.65716,4.785452501787256,4.766763472568271
722905.45682,4368033.69144,5.019458324284849,5.023627904260547
723176.899624,4367217.22309,3.021359957494345,3.0420959719371408
723253.346325,4368288.31623,4.724781062633174,4.564731642388197
722000.562192,4367770.8382,7.614854419757182,7.639028468697227
722960.720692,4366669.87734,3.7328298663175525,3.6232111572244596
722790.004619,4367301.58149,4.195677869980335,4.317392195762606
722759.70125,4366484.72246,3.665961826735744,3.6771817245562186
722356.261052,4367979.20671,7.005426250392004,6.924894969627208
722696.500883,4368149.04833,5.944831940652542,5.8963835761068415
723277.237246,4367494.72906,3.662960666995464,3.6340482011632913
723323.408163,4367779.8728,6.925326331806578,6.806051865410082
722279.478117,4367193.20134,6.516533827796066,6.538882573767315
723446.761573,4368257.71017,4.680858564698538,4.672128856955299
722450.57064,4365998.90533,0.0,0.030198340533250708
723170.002295,4366215.41887,5.248913740756541,5.059054965727603
722572.975287,4367833.026,3.849106820839018,3.5809114030195683
722782.870685,4366538.68993,3.3020928484312093,3.197056999900073
722658.496884,4367286.03779,7.032954129389061,6.287949892367803
722520.083355,4366168.51998,0.5618559788057322,0.6605710861567773
722032.086141,4366938.68182,3.8827020361088573,4.187867702039033
722357.036385,4366931.28056,5.35738098591668,5.371337520542382
723470.889588,4367217.54211,2.6534407023348328,2.914755157588247
723130.77643,4366862.70683,2.9736778346959825,2.9312559097066297
722132.511465,4367154.53499,5.564729923604112,5.857508362529434
723547.911593,4367602.9013,1.757280015555454,2.3109525698066498
722758.851474,4367563.5333,3.1566418205108566,3.17733918727962
723160.886631,4367856.74784,5.299452178192988,5.73478425979305
723363.348937,4366323.51764,5.584512725317318,5.5558458475298185
721861.727078,4367161.99307,5.083551031682783,5.0842750017431735
723200.590433,4366647.01033,5.265437239134321,5.230015687551858
722116.978484,4367239.2819,7.256213330147772,7.0024890356286535
723370.800903,4366654.89953,7.634023986163889,7.517289558103768
722132.166614,4367639.97397,9.337060761270603,9.376237604289884
722480.865719,4366877.45892,3.3375277696205496,3.3367087942534384
723037.533303,4367348.07032,3.608549690917088,3.611871181852493
722627.066725,4367910.12957,3.4990498713763682,3.5625103089362784
722689.183455,4367617.39954,3.57879469825044,3.628096150050421
723130.195831,4367556.21405,3.7413497591015865,3.7108609607573397
723440.132294,4367001.74691,1.3476521034721296,1.9769263757073168
723339.547253,4367009.34295,3.6860350880828308,3.5081889662964443
722395.514673,4367208.72365,6.244221188523801,6.223392845234772
722789.894389,4367440.27959,3.3967792266439583,3.421058728973824
722488.758698,4366669.40395,2.449993349252713,2.4808946864531745
722727.632702,4367910.23095,3.997591324538387,4.0190480862861415
723138.190949,4367248.00443,3.2093100387859415,3.205911804568124
722976.394945,4366423.29244,0.6309701754371023,0.6481160689871465
721768.592182,4367608.82178,4.668788524230448,4.698857424125371
721613.860742,4367624.09609,2.3820442612322204,2.4718996646089826
722303.392794,4366222.25845,0.7344219425317277,0.8611214179695099
723230.957302,4367332.86468,2.9260988154497816,2.9205349884516956
723354.204411,4367949.4168,4.649586641785005,4.6055324048254676
722264.544884,4366445.70865,1.7455167850979887,1.740709530715324
723402.062925,4366292.7334,5.487534601357504,5.318513737473362
722163.28185,4367401.13989,6.7470864507258135,6.729234469233898
722859.117232,4367941.18517,4.360911699613894,4.48221910337525
723363.441556,4366215.62559,5.647959881370017,5.656783675721175
722835.878706,4367979.6856,5.061444552898522,4.996377046041817
723501.254373,4367872.52951,4.331866890369954,4.357346662699699
722341.968168,4366376.42457,1.4879232358620256,1.497015578803388
723448.621887,4366138.65135,2.3782328922350446,5.12294487536332
722588.969287,4367154.97344,4.213847178045198,4.306286818673832
722403.86127,4366384.19011,1.6707097719999071,1.6811823117963958
723107.616955,4366801.03431,3.1177086881282903,3.257801083970379
722759.326191,4366962.49987,2.286079668273018,2.294231520232036
723516.904947,4367672.21394,3.5667892898598237,4.119416013440082
723532.891883,4367094.3192,5.108078135654309,4.8376225552449155
722736.711433,4366199.56011,2.7900554095918517,2.7773322262024216
722310.581898,4366977.47115,6.209205991123288,6.219122821624641
722008.033991,4368148.38147,1.568590897235133,1.6233092165387697
722371.824505,4367855.94355,5.881513664040045,5.5822987488869
722835.965633,4367871.81687,4.273389479417232,4.263581770560797
723324.595731,4366400.54071,6.0895404691114505,6.107074381530973
722372.527007,4366908.17776,5.025041689406076,5.014592435239065
723347.966382,4366215.60885,5.769174264952726,5.694858046306937
721854.052766,4367069.5185,4.185834943181837,3.647689647294089
721884.738262,4367454.8211,7.401244634279298,7.379022656433744
722210.197213,4366707.6684,3.2381613365122095,3.288983609564045
722728.94399,4366238.08528,2.893904154215898,2.8639188105168483
723215.281283,4367571.71556,3.9479565820423197,3.9322348091918515
721559.772358,4367523.88201,2.421664878867432,2.631626439214927
722249.197292,4366268.44662,0.9183413193310952,0.9302217464998609
723114.974901,4367255.68542,3.3215528744717964,3.3238934551394093
722790.022948,4367278.4649,4.542346251952612,4.4139628467899605
722039.041415,4368055.95399,14.104150443475326,14.2604764039663
722287.695532,4366530.49965,1.81559584631449,1.8686961141579908
723253.988769,4367540.93604,3.86892193859096,3.90917857587884
722456.697289,4368148.80916,6.656660018905081,6.766021481942496
722828.631483,4367370.97032,3.4638411624581855,3.622296528690981
722705.582233,4366430.72377,3.5475227753369074,3.558866763668395
723106.683325,4367918.32978,5.524389504677516,5.500844974480337
722186.418811,4367501.33098,6.932297363019742,7.007805890378396
721822.982596,4367254.42507,5.130926729185269,5.111202304087758
722983.169683,4367602.2907,3.662540943206636,3.5876737888063395
722395.222154,4367601.69863,6.005309868288955,6.024333153838037
722728.360907,4366985.58619,2.175928141951111,2.3241460919986094
722202.591911,4366522.7134,0.5517224961946672,0.7015978897031935
723199.434877,4368010.88785,5.305390250310822,5.316050328928517
723548.193714,4367286.97849,3.3097090462748633,3.024101222033232
722820.808817,4367478.83808,3.2900874400405926,3.2390994438019756
723208.074057,4366947.55434,2.723958723077506,2.7164921634970782
722982.820532,4368026.0674,4.950299308385469,4.941359241696344
723307.96276,4367749.03555,7.2674439230382095,6.976428843390899
722990.766237,4367771.81221,3.9600262377956623,3.9613319750351113
723384.971998,4368149.77628,3.4966619469425875,3.6092599131959884
722704.14497,4368264.62559,3.8322282307498825,4.202499129434262
722889.947674,4368079.90413,4.7858722255760835,4.810784666762911
722644.025828,4365983.68016,0.9197451434423983,0.8229481843979788
723571.134004,4367587.51665,3.3249414419621695,3.3489490973499856
722597.540901,4366060.70216,1.0845819474571925,0.9978352060089394
723509.476914,4367325.46331,2.8508401472388845,2.8151007863927155
723045.835139,4366662.25957,3.240775473217145,3.2543315040180243
723323.0465,4368195.93657,3.7993751302267422,3.7923401813514066
723339.274415,4367325.27628,3.2064089048798428,3.321664837427508
723122.070571,4368018.50977,5.176011065655435,5.163349910978784
722318.901207,4366176.03362,0.21132231968237805,0.30057724547070774
723284.58839,4367941.63586,6.9422045371809675,7.020458308952579
722968.607674,4366484.93545,1.4947424009288637,1.412518958986339
722565.859584,4367023.95342,2.7290544622570847,3.3146448002880824
722959.935873,4367633.08736,3.5621100043937233,3.7247655773584882
723183.660978,4368365.28629,4.142977335666517,4.206129684808692
722078.614342,4366784.60639,1.9524979354874203,1.9586785496709151
723502.80576,4366115.59044,5.0284302568964465,5.290236675750286
722364.174659,4367740.36104,5.066866337826069,5.053762556522284
723640.822943,4367518.24699,3.134180442372617,3.0412678850821346
722156.310011,4366322.30532,0.2747110712275689,0.2793554876638277
722922.505358,4366084.148,3.6404990964998487,3.831913587177592
723200.128931,4367194.13092,2.7803542501775738,2.8233538347466527
721815.374802,4367061.77832,3.0310288008698874,2.456756316054937
722109.448328,4366946.45891,4.216428998711397,4.277918681120435
723385.343481,4367726.00471,5.4602967972795815,5.5885423252935045
722566.427227,4366276.45719,2.0106846944488836,2.027932914234939
723362.95741,4366778.1893,6.193941279397245,6.404033649491174
722185.957552,4368140.84334,4.997965080807086,4.991650713809334
722644.019927,4365991.38701,1.0901165499842553,0.8459689722582185
723353.975444,4368211.37976,3.336688706757641,3.2852213736413187
722472.50774,4367701.94102,5.15148396168391,5.1393355540524555
722666.149401,4367393.92218,4.881882022518043,4.760376259833203
723485.960432,4367672.17954,3.9825524403687513,4.042445143394652
723077.088197,4366292.38705,3.684841318223316,3.6331049806298426
723022.862973,4366369.39554,3.842103473587118,3.7603047650926866
722481.37259,4366199.3089,0.8683355194616776,0.8268958759957159
722349.834638,4366199.18279,3.6589265481598536,3.5346183704790093
721768.638314,4367539.47509,5.918820607187621,5.977090153684903
722751.084722,4367602.05165,3.245164683764107,3.2405032471386845
722279.830277,4366707.73396,4.195452042423929,4.111931552697763
722503.826093,4367208.82899,5.605941336717605,5.591267633788288
722503.510475,4367624.91992,5.0004503380718255,5.105474103866943
722000.995434,4367146.70799,7.18808650391423,7.151013189568705
722797.137993,4368056.69406,5.020136191668822,4.979098068696485
723516.333204,4368311.72005,5.113209460947973,5.034609242774779
722883.213918,4366839.33118,2.218530683589262,2.1396545545397663
722502.99872,4368295.24222,7.156395241926617,6.907502106329532
723463.592671,4366716.65027,4.027572144761444,4.070393983038436
722921.035325,4367902.72464,2.6404542713397134,2.7126387224799062
723510.259416,4366439.27527,4.49929513291962,4.610514443485167
722326.521431,4366337.87781,1.14252345076753,1.1720515342522657
721737.734466,4367477.80573,5.635341237672902,5.571722157216405
723440.723692,4366323.60175,4.997900833444361,5.028117833897662
723107.244854,4367247.97158,3.3811274918825696,3.3592530491813086
723223.076556,4367502.37604,3.496758895058797,3.4828062406660667
722897.601653,4368180.07338,4.8921769891441045,4.872031929253239
723485.885179,4367756.93633,4.238535477495659,4.175323063224756
722697.821081,4366461.5415,3.911940741585216,3.9806480546671525
723347.137566,4367178.87816,2.822508214420883,2.8185451562461536
722202.772558,4366268.40318,0.484770588798041,0.554654584201206
723525.059467,4367202.19078,4.661043446946594,4.068835511293213
722341.912022,4366453.48821,2.0504505419010366,2.0429624179049095
722287.248314,4367146.97496,6.783134991936401,6.709754885834445
722557.105214,4368349.22748,0.0,0.0718740825181551
722766.709852,4367409.43446,3.743576488056432,3.7812638456094283
722618.982376,4368356.99383,0.0,0.2805942962951622
722566.304797,4366438.29231,2.53952935879183,2.4866285781439843
722837.257042,4366253.60746,3.3406581935157744,3.503608116927008
722155.539974,4367408.83797,6.880338558737876,6.809789354556674
723139.058408,4366207.67958,3.21793322747951,3.107236850820931
723363.593485,4366038.37109,2.2609233633329997,1.6780559147104148
723053.686175,4366523.55539,4.726846211394339,4.033065211584908
721830.470503,4367624.28731,6.03867964071713,6.003550748567462
723090.965634,4368211.09545,4.163373372686222,4.169466493310774
722132.407668,4367300.94039,7.49070312379692,7.503619244324892
722108.711738,4367986.676,8.922621414205633,7.732740079767239
722967.627773,4367687.03174,3.388969517282633,3.3244181748922226
723400.619515,4367949.46774,4.0621680030878755,4.199874117997568
723092.283282,4366631.48342,3.400555201884421,3.353557208856684
722356.678419,4367416.73435,8.10974839240419,10.294019949251787
722487.950503,4367740.4816,5.2212889136432725,5.235165554557473
722263.324661,4368125.50764,5.647443594179728,5.648926988072699
722193.715437,4368110.03196,5.1038824366250175,5.129413303689739
721969.671795,4367693.75939,7.0791999196800095,7.03331527651055
723308.600149,4367009.30944,2.8769967105207495,2.915240444848954
723377.236374,4368149.76774,3.4702955217663094,3.5343042332394177
723424.382399,4367317.66377,3.1347096175069256,3.006742840237369
722008.827883,4367008.01269,4.929709375133345,4.852395843894754
723471.410782,4366624.18455,3.773847767913373,3.8333542169486923
722024.295936,4367015.7326,4.73601165552361,4.964246929939872
722705.42073,4366638.79303,2.5491143343525575,2.6079990181860278
722781.61725,4368118.31625,5.215383157564173,5.0714680051683825
722272.509148,4366129.75014,0.00032623655558567614,0.006922881443854192
723284.721406,4367787.53585,7.380235361953092,7.389407206966332
723448.695405,4366053.87708,4.792907504151974,5.071274932225544
723036.925861,4368080.05796,4.677760456842045,4.709147779560463
722952.143011,4367702.42589,3.595705219663563,3.5157965824044317
722843.713955,4367856.41488,4.195645553941599,4.217485445411441
723423.473067,4368350.13937,4.912831169758957,4.909965995140244
722844.467844,4366916.35106,2.2136671197594175,2.247270167436782
722743.8224,4367001.01347,2.3713557314201177,2.3802941257542303
722449.189149,4367848.31393,6.0532664850592015,6.042698108587424
721730.109923,4367308.28104,3.4842695155166266,3.579032801669699
723501.747302,4367317.74919,2.1011824908551566,2.2099636664827496
722263.859535,4367393.52944,5.2989358910026985,5.424638574570846
723447.408803,4367525.73648,3.148751321052691,3.170077235544306
722912.940324,4368341.88583,4.1379106424503265,4.055110707287024
722589.820724,4366037.57435,0.32314165656595223,0.40723610516842895
722218.231051,4366291.5371,0.6211271524599178,0.610476156957377
722186.584664,4367270.1691,6.708747317912403,6.564980125654135
723160.520314,4368288.21594,4.336191084124697,4.3616536012286184
722171.337029,4366954.22234,4.115965743859749,4.130229470133063
722519.299094,4367208.8442,5.592064291083498,5.5783542678178994
722928.701809,4367987.48657,5.0108741841380855,5.028567409242565
722240.87894,4367077.57994,6.349170602038621,6.417177365724567
723022.149317,4367240.17653,3.558818000304815,3.5651100076814797
722473.347921,4366584.6211,2.46124991038856,2.3932709142589315
722086.448162,4366645.90464,1.5227805078589494,1.4997361818520814
722689.171336,4367632.80995,3.6252343847738047,3.4698687867435978
722379.772872,4367570.86281,6.552098397855101,6.5973094078111
723361.670549,4368257.61612,4.676533986229047,4.6719457965984095
722735.794791,4367370.87595,4.471637605052866,4.3111479703422
722465.966166,4366106.81441,0.9509910981105173,0.9076223010676565
722317.770064,4367724.90615,5.525099688100228,5.64262312994297
722457.447377,4367154.84438,5.57076455912341,5.689639174556053
722874.919273,4367532.83093,3.4799126210084,3.461797050284089
722728.806207,4366415.33425,3.6826788366311964,3.715536417926992
722766.618213,4367525.01476,3.1380531733719166,3.181988287641956
721915.772648,4367323.85774,6.82228125628873,6.865767449228999
722426.690458,4366900.52404,4.262094254449327,4.232561159862639
723494.432525,4366839.98167,4.1282289111307655,4.185270094987912
721977.402495,4367701.47153,7.1481338774524765,7.120592009457806
723100.421317,4366145.98586,3.505568862761969,3.546827849701073
723021.754918,4367717.90901,3.539713065975582,3.4640642523844516
722690.404946,4366045.38036,1.6384118148564921,1.6481858423215474
723207.649823,4367448.42178,3.1266029083610225,3.1007229184342515
722766.850103,4367232.20791,4.446594598605799,4.2754774921605065
723440.636536,4366423.78599,4.891596069876341,4.928954233945317
723525.924038,4366223.50959,6.3883164816762035,6.427404917246662
723215.320657,4367525.48373,3.5945110650893,3.5837541045263173
722719.787058,4368048.9104,4.989671400294208,5.101345452154268
722140.520646,4366769.25169,2.5513862672901575,2.522380280380749
723447.909586,4366955.52005,3.9803899587766316,3.9853251626477895
722627.687952,4367108.7778,3.1039478263477362,3.2948379981454026
723432.172954,4367256.02765,4.226143046069697,5.174932179121258
723154.058118,4366777.96524,2.647686523865998,2.677083649489112
723046.024708,4366431.07114,3.0442572174407823,2.822756833825379
723401.071974,4367433.22073,3.21448656806236,3.2191884128165054
723424.02388,4367726.04727,4.77754584430972,4.770739056093354
722573.46668,4367193.48635,5.009518834084887,5.079313412980542
723392.903948,4367926.3444,5.11488758667379,4.8054623282891695
722828.705365,4367278.50434,5.633985887619701,5.126206099964193
723455.747692,4366839.93907,4.366623944175321,4.489018915751442
723517.684281,4366793.77102,4.083919390160779,4.214832662571329
723239.269602,4366654.75775,6.153439664991715,6.042134305278738
723377.694891,4367625.82868,3.8102833321593055,3.903008084117396
722435.09516,4365998.89051,0.0,0.006717881158701933
721884.847999,4367293.00796,6.621418609233415,6.52528359995222
722170.636479,4367932.80029,9.279100406937669,9.174103745835387
721946.569913,4367539.63512,7.398888641169507,7.3458245483421845
722759.131831,4367209.08327,3.824805929138647,3.950401877062736
722480.232033,4367717.35876,5.228485772412844,5.246366349751902
723176.247178,4367987.74828,5.32668998227091,5.311933466414598
723539.9064,4367903.39265,3.8973535125284,4.016834273744198
722805.348561,4367463.41151,3.278792215072685,3.2634674466816644
722572.856319,4367987.12419,5.32617369508062,5.167180630358278
723355.888716,4365999.82869,0.8131564603911916,0.9452115887604063
722527.606657,4366453.66718,2.340887477612781,2.421837695232364
722117.526072,4366460.98422,0.052992262304130934,0.08008629085898997
722472.12739,4368202.75683,6.207301653126313,5.764523331424598
722682.269057,4366561.70783,3.990781873518905,4.206154759361755
723516.374604,4368265.49246,4.740659009665717,4.752555832319033
722783.142778,4366191.90005,2.931004313187036,2.9260025455856855
722233.546249,4366515.03615,0.9907924354980712,0.9365576373259085
722139.946611,4367578.33984,8.962090069515833,8.852697883928133
723215.359935,4367479.25162,3.2886028258324465,3.2909512569891493
723362.624215,4367163.48356,2.88231846961411,2.9495699405343916
722301.979912,4368156.36337,5.774337906285125,5.778536212911
723177.449986,4366562.21713,5.800833210901603,5.752327360547175
722557.146899,4368295.29594,6.312993181387835,6.232855489969707
722148.246711,4366784.67083,2.7397654978818786,2.760038239980663
723230.806305,4367510.08969,3.6083881107234075,3.597778287777797
722519.643062,4366754.201,2.320052481066906,2.6195651111893365
722619.528406,4367655.85565,3.9468270595455275,4.024870485451609
722744.196596,4366523.23848,3.741898362330615,3.7232380305234667
722952.136687,4367710.13099,3.6721580424487232,4.054337734185754
722882.34971,4367910.38951,3.491562937687662,3.4533651583053913
722674.15566,4367047.17826,2.536673236511116,4.400221064744939
722147.95173,4367200.78302,6.128880244981453,6.246236889129086
723238.923278,4367063.17512,2.439898626652393,2.461164200174825
723486.9122,4366593.37648,4.034284647664715,4.094341836634806
722659.336014,4366199.48309,2.3489749510213427,2.3447882295992053
722588.058791,4368333.84938,4.9353893036560335,4.764492381386557
722604.139594,4367547.96722,4.292785258095097,4.352547540898246
722287.790078,4366399.49243,1.4492418031025918,1.4222679802813825
722456.843367,4367956.1902,6.683349219753978,6.667449560190603
723455.963321,4366593.3425,4.002883845310986,4.043311400588884
723015.050265,4366461.86443,0.5775822520493245,0.793754616877703
723169.020205,4367386.73685,3.104880567251504,3.151943055013539
722186.617794,4367223.93585,6.057300603894809,6.1662561828717415
723145.460357,4367802.79605,4.980054301052117,5.19473071239755
722650.993239,4366985.5087,6.5670076331550415,7.517499695165441
722937.826015,4366276.8297,3.817383242812667,3.7891491529573793
723556.122662,4367071.22771,4.316666426006636,4.562688210774485
722620.683468,4366153.20519,1.762233794993441,1.7389129540119477
722047.242574,4367393.32653,7.8316265604542865,7.803173056237393
721776.369364,4367547.18717,6.030611403045913,5.745417950056859
723539.692099,4368142.24347,3.8269357099772834,3.363848766140663
723502.298522,4366693.5744,4.014146754240155,3.9611174203901918
723323.588371,4367571.83267,3.252942077086697,3.259273765865928
723463.895768,4366369.86613,5.252141112767976,5.104797346000256
721915.840897,4367223.68639,6.34320021388205,6.373680500797253
723586.509412,4367695.40741,3.453513879793386,3.5355012450901184
722782.882758,4366523.27735,3.3873560236342866,3.351185108125146
722805.698049,4367024.19352,2.633757734098438,2.744071856260954
722248.336541,4367462.86292,6.134786001060552,6.101362917171034
723177.282089,4366762.57767,3.504052317229833,3.718089527331623
722481.18299,4366453.622,1.8655597122764969,1.88293094460286
723315.156612,4368373.13364,4.988251418163535,5.074855164987549
723199.690943,4367710.39282,6.317608219491206,5.992140037233862
723570.981781,4367757.03135,3.987425622067268,3.835542228980867
723348.117956,4366038.35445,4.282554923546507,4.276984320783964
722859.688398,4367232.30261,4.132715069793937,4.1516485944677015
722651.36174,4366507.73317,5.040790372283672,4.68204436096023
723092.181222,4366754.78167,3.60215957897169,3.871042765963282
722472.519361,4367686.53077,5.10039730573318,5.1360015014111395
723168.589929,4367895.28098,5.493472673475342,5.610960573061463
722333.994973,4366700.0793,3.4017816724974224,3.382573222586546
723137.795818,4367718.03175,4.41651683026653,4.474610642145153
722837.110644,4366438.5626,4.26599910912999,3.992309424585801
721753.491901,4367046.31212,1.4712094960419209,1.7003580167115981
722573.649219,4366954.60869,2.7076418165187905,3.485335258848529
722867.412562,4367247.72168,4.591399690466167,4.342113221357714
722627.13273,4367825.3751,1.8671701282068687,2.0151313489668152
721977.642322,4367354.73572,6.995744519072443,7.07095390532425
723262.146622,4367047.78849,2.4973271128477914,2.4859795131989597
722767.673673,4366184.17788,2.824231544129458,2.82521679474903
722364.602788,4367162.46023,6.201234701568279,6.308849403460778
722549.631288,4368010.21559,5.781599012417425,5.467589375001732
722845.122476,4366091.77597,2.571875789993353,2.5449810168194715
723408.848783,4367386.99643,3.126560974453615,3.1576926346022947
722434.936007,4366214.67727,2.7181980044579737,2.6358018908994363
722116.863916,4367401.09649,7.732293212814178,7.633651856975286
721915.620025,4367547.3122,7.10688937887075,7.146568806310437
722210.362028,4366476.48306,1.1599988296077381,1.1467425522834123
723130.234692,4367509.98216,3.5252874171124464,3.626844384058109
722976.669146,4366084.20364,3.523060688157601,3.650909129767845
722937.422257,4366777.73871,2.042621212087622,2.410907596682912
723215.569453,4367232.67571,2.8944462172942287,2.9201693694060076
722387.863853,4367093.1316,6.1719959960919155,6.137145198844194
722891.554687,4366084.11641,3.98080968256546,3.7184742413090515
722024.567685,4366622.72956,1.0403980358520586,1.047316975341997
723555.336762,4367949.63975,4.000173145204586,3.9843827792535946
723293.744423,4366284.90991,4.992995335707106,4.8517869666369
722256.669168,4366638.35709,3.2421631393090786,3.287901876333088
722696.913496,4367625.11253,3.4180147112413173,3.4991898163668385
723470.876052,4367232.95342,2.868199246046851,2.993257827394056
722836.225784,4367548.20177,3.955443515731026,3.9020985230465777
721993.088359,4367393.2768,7.247887333596157,7.3183521936856994
721737.952811,4367146.47192,2.4524170521579522,2.1511888236506747
723255.063423,4366277.16198,3.779527696436065,4.665313939908692
722976.557045,4366222.92359,4.124033596816219,3.9598089101268497
722519.322537,4367178.02173,5.159358687837454,5.145411544868174
722403.639679,4366684.73384,2.1177477307829697,2.354618472063959
722882.480966,4367748.58432,5.412017789551462,4.92639419207712
722171.670448,4366484.15323,1.0469170272376596,1.0760288864912586
723547.497025,4368065.20429,3.479654477413255,3.4942347654466004
722388.193963,4366646.18834,2.6412223543318265,2.654829998847863
721977.711473,4367254.56471,6.643976743130491,6.6530809652938165
722332.950796,4368117.86992,6.171963680053183,6.135887539406645
722387.858131,4367100.83727,6.192843688224443,6.199494321302121
722380.660583,4366368.75509,1.5510218403540654,1.549149242670213
722913.844159,4367232.3583,3.2765331700791043,3.333634022424083
722179.051808,4366985.05277,4.794553313839056,4.957607246613337
722270.986584,4368225.67521,5.068802607147032,5.201868294703643
721776.400168,4367500.95579,6.1262341769525275,6.174924846387255
723037.463191,4367432.83027,4.330930879390833,4.213502665989388
721876.923515,4367570.39289,6.614964634640036,6.631219785248744
722814.050553,4366245.87739,3.3442079564850826,3.394258196678494
722789.321972,4368156.84761,5.299742637826869,5.1774359906011895
722689.569024,4367124.25099,6.717751181847991,6.549666947636421
721675.844816,4367477.75133,4.294431067782175,4.179726984878941
722070.337681,4367555.15936,7.6882087499711105,7.729185290115041
722093.37157,4367801.74414,15.020810270826571,15.348375965973167
723030.732416,4366207.56637,3.9255919596629143,3.940913325251997
722759.646943,4366554.07903,3.4734905777390113,3.461377278021206
722959.58159,4368064.56707,4.740852521183391,4.772757923093398
722874.738647,4367756.28144,5.119599188178626,4.5350924228921
723500.834605,4368342.52099,4.061264308147493,4.16722620046809
723316.091568,4367294.42885,2.9076746338651236,2.905356751752294
722542.883186,4366715.69337,5.429121822482259,5.424704976720863
723114.942695,4367294.21328,3.2980587295955988,3.3121343280494187
722457.568673,4366993.02421,4.625898985391137,4.576797411368444
723162.104174,4366408.07374,4.53824750103953,6.23539114486629
723485.679655,4367988.08656,3.9968488250769387,4.012128862299646
723485.418665,4368280.86706,4.808882399300727,4.824802955030331
723076.522392,4366978.2385,3.6627348394390546,3.751809676407243
722458.102832,4366276.35189,0.3176021248811952,0.19381411411564878
722998.34303,4367964.44477,5.0808403315763835,5.016819759852559
721784.105476,4367547.19406,6.085377470835643,6.090036613791758
723246.745215,4366963.00755,3.183931176364861,3.0636612290142287
723013.500973,4368341.9913,4.144687777431073,4.144246727364958
722951.642889,4368311.10812,4.073430912017048,4.08107581111968
722526.936053,4367339.84579,6.2732983138064755,6.603961286787485
722882.686695,4367494.31224,3.2391296635300635,3.2379774478645
721931.303305,4367239.11143,6.4733865300763584,6.454418199490007
723292.290967,4367980.16883,6.037323905949184,6.167657518263338
722131.962998,4367925.05906,16.592660856111877,15.835253979835866
723324.20615,4366855.20775,5.5691833815138025,5.653445680523151
722380.796005,4366183.79907,3.5094417861186415,3.493693300215006
722403.798888,4366468.96001,1.6313861541492736,1.7152016227534423
723138.532669,4366839.59707,2.8548902317364884,2.9685658824828227
722070.84527,4366830.83505,2.3438532435963504,2.352465669894862
722156.092622,4366630.55686,1.8214790965808973,1.8263318222268932
722651.740004,4366014.51495,1.5088194982313392,1.4732217819191498
722140.558742,4366715.30948,2.2082326392452236,2.199306542702714
722588.933795,4367201.2072,5.291222745042835,5.210704251811527
721900.404582,4367169.73349,6.678895761844287,6.587084069937663
722085.853488,4367493.53164,7.724611998178302,7.552125007541401
723331.803844,4367017.04036,3.244583764496343,3.441815405291533
722573.046594,4367740.56569,3.637497936759566,3.4895025332287473
722379.623616,4367771.19619,5.413566651122334,5.429144733784311
722473.157692,4366838.92169,3.367250446248462,3.1999770198378026
723185.135507,4366623.87524,4.875137203576034,4.986773371036124
723401.421473,4367032.52785,5.60700622713692,5.4454899588107875
723307.642216,4368118.87245,4.063716864658748,3.865822484232863
722209.766272,4367308.71838,7.016721475359908,6.986822885605701
722828.099462,4368033.61146,5.141544086769204,5.137752288980631
722697.611784,4366731.25877,2.0058890327718575,2.0865916031610983
722085.924158,4367393.36239,8.03197292031931,7.996978980716841
722256.06161,4367478.28094,6.363144211074191,6.3931932966208
723030.32932,4366700.77414,3.142516249150276,2.957010461466595
723115.084333,4367124.68926,4.203552596133882,4.09156248418181
723029.010459,4368295.7804,4.101023807806325,4.108152215050421
722086.059647,4367200.72542,7.184440177543458,6.939450760564331
723129.571808,4368295.88741,4.158661771181387,4.194335609461692
723455.158677,4367510.33431,3.1087240599300427,3.111183420121597
723370.005714,4367571.88335,2.5836713364895534,2.5057048154460864
722333.633867,4367193.25297,6.334228281270449,6.370594629947423
723339.234388,4367371.50934,3.0414364889167786,3.064563738648491
722341.608008,4366869.61864,4.656170265248077,4.725613476086402
722225.74293,4366607.50344,2.0955250681451583,2.261186907746118
722961.137911,4366153.548,4.4924533658614,4.280095016675317
722248.314171,4367493.6842,6.6382329519598215,6.613752102242299
722310.951779,4366468.87147,2.127042054352441,2.152979473727199
723045.288878,4367324.96195,3.55429991031765,3.54247553599132
722588.845094,4367316.79046,7.389013013617526,7.173702770492188
722248.442737,4367316.46039,6.5727198777164695,6.584670975156841
721768.510102,4367732.1031,6.44466411179029,6.133868456389292
723485.864679,4367780.05165,5.544430449985867,5.528581872846531
722217.257862,4367647.7592,10.038207234576483,13.984052921427056
722139.698837,4367925.06634,11.085246889639704,10.751115929617741
722287.923343,4366214.53729,0.932683100379413,0.8892079839057347
722867.493006,4367147.54849,3.3347201213979405,3.245486509191303
722456.749899,4368079.4669,8.571983930189965,8.782670651482325
722348.278367,4368310.4997,6.175675023216175,6.0284158059778035
723539.989271,4367810.93236,5.059443651500086,4.896714638798427
723500.786271,4368396.45258,3.4752975829050285,3.523748801649424
721745.735031,4367077.12807,2.2180142040415993,2.234180013306406
723239.158639,4366785.76191,5.289383423838082,5.265098406622319
722441.156083,4368241.24941,6.6033462492847645,6.188650799151656
723193.08599,4366369.57426,5.035562483588547,6.096715938510528
722743.531226,4367370.88372,4.40651232327435,4.300800208926723
722301.905837,4368256.52314,5.669388492770306,5.626736165966192
722318.013881,4367393.58106,5.022330604584929,5.256932804188815
723254.18646,4367309.77303,2.892655177790205,2.8764526838583553
723223.730238,4366731.80271,5.411727329917581,5.334745963699744
722867.1893,4367525.1176,3.364829821061197,3.3896063836924624
723525.428094,4366786.07356,4.078077881444409,4.248862828062608
722473.00744,4367039.27395,4.747242248414044,4.621884062282527
721675.764352,4367601.03468,3.883605731049238,3.904426435057559
722874.532651,4368010.54493,5.101720339747646,5.082943912571349
722906.746513,4366438.63361,1.1506721899995314,1.2189900761560235
722209.332158,4367909.72227,6.015830662471425,6.435841336933207
722094.082873,4366792.32664,2.2171008912325454,2.2143828257623137
722899.150919,4366261.37696,3.566111807190596,3.5599778914142797
722704.491946,4367825.45285,2.807137129067333,2.8897186356525113
722883.79246,4366114.93538,3.141586970679228,3.2570736326262257
723462.054283,4368458.0451,4.955366001601659,4.458467940194519
722310.929441,4366499.6966,2.420348192646294,2.24729388490858
722473.16348,4366831.21576,2.998472507773952,2.8659065315880436
722921.393109,4367463.53083,3.5039230530748875,3.411330636449537
722356.558676,4367578.54562,6.8778540709026315,7.096212302786074
722752.07839,4366338.2932,3.607549047860499,3.5958385317870762
722317.462453,4368140.96897,6.005116356771282,5.884927121035659
722774.378958,4367494.20142,3.1730587529037564,3.177044148001389
723408.983485,4367232.88527,3.7040432006687554,3.404980411536742
722774.909155,4366823.80893,4.338288933639343,5.565559218174904
723348.216677,4365922.75153,0.0,0.1803492646320582
722689.189437,4367609.69429,3.5458769656498257,3.6469588402755635
722309.846488,4367979.16199,6.822345888366204,7.185908006647205
721776.24603,4367732.11,6.45595895204345,6.155774316435639
722874.55765,4367979.72551,4.980441324087464,4.883215383045736
723176.181708,4368064.79665,3.9636087015184547,4.193029880685973
722883.675899,4366261.36121,3.522931424002656,3.5201903029623596
722906.808247,4366361.56943,3.070591326578322,3.2652283424387543
722194.525287,4366985.0673,4.772769610727414,4.8176569263119875
723005.752717,4368357.39215,4.155273203691016,4.160998782465557
722712.905463,4366962.45317,2.0209536928295337,2.1306447336810366
722588.500719,4367763.69629,2.7113822056451706,2.6938632972931367
722388.601167,4366091.32678,0.4599209976899601,0.4608601542411158
723640.976318,4367348.72709,2.8625420156942254,2.8687178122873127
722835.79791,4368079.84811,4.960819717853194,4.964577132915416
723285.449094,4366939.93146,4.20997463940327,4.03855609972066
722472.074565,4368272.09801,7.786736504931286,7.801616561925935
721644.839999,4367570.18694,3.392971320079502,3.486969963359736
723053.919963,4366238.41692,4.127035141271248,4.12153462677904
722982.610297,4368280.32238,4.01647043131121,4.020321796792323
723084.552546,4366623.76911,3.4045246886425544,3.35956265645285
723525.380433,4366840.01588,4.100991491767589,4.218837064116318
722960.595671,4366823.99887,2.6643873757420806,2.710311004365139
722255.662449,4368025.33882,5.608394277943606,5.98732521253057
722156.212245,4366461.02003,1.0790536927234542,1.0333285916251123
723154.10963,4366716.3165,4.891273294203722,4.927652574682199
722991.019849,4367463.60324,4.319926114056809,4.426784300175499
723169.841597,4366408.08186,3.839392773480718,3.9468372279410024
722109.680919,4366615.10152,1.5627302489601043,1.5018248288938039
722751.310209,4367316.95327,4.0686869944734765,4.019612563230308
722975.88749,4367047.48579,3.520059143702576,3.5536901670669097
722256.324358,4367116.12296,6.547612623906674,6.532415844341198
722836.528144,4367170.63381,3.4035567463394494,3.432549553306346
721853.751647,4367516.43546,6.73104769292908,6.765954354605218
722116.85304,4367416.50725,7.647642888202852,7.5710169491675945
722711.978156,4368141.3594,5.886516109893509,5.845538703756657
723517.370675,4367148.24227,1.65390889428964,1.7505794972859838
722489.09865,4366214.7295,0.40097899559105893,0.5267774318164364
722851.375195,4367948.88204,4.611569899929465,4.611342946313002
721590.612972,4367685.71664,6.397481925805476,5.694283898018732
722419.608405,4366014.28919,0.0,0.0005918692728606615
722589.773991,4366099.22811,1.262960133489456,1.3093434008257623
722681.477442,4367578.86562,3.4636472662257636,3.546912304205871
723038.268508,4366454.18221,4.000495536162457,4.53888449238548
722975.540956,4367471.29248,4.639646766870296,4.24946167638409
722388.097352,4366777.19163,4.149851418763469,4.058202955553203
722156.043608,4366699.91175,2.2732998290969673,2.254512525265329
722859.849046,4367031.95458,2.9631474226448407,2.9739550035895133
723293.09356,4367047.82183,2.5963801957948114,2.5940505100925377
722504.659992,4366099.14518,0.7600622186233033,0.8092881418776825
722774.440043,4367417.14771,3.6030955899508084,3.5603189475775534
722603.637676,4368195.18279,6.512080369886376,6.333434259271244
723378.558038,4366631.78926,8.020161408161114,7.958461792685444
722821.544552,4366554.14163,2.509077263003862,2.5596627056575083
723424.281074,4367433.2462,3.1488869330009606,3.114476084381011
723315.852175,4367571.82424,3.3196166051508342,3.4558275481255802
723617.627917,4367502.81009,3.1157206746738733,3.070730656794626
722711.935474,4368195.29199,6.162217701370893,6.12739374182391
722457.551316,4367016.14157,4.866875454387143,4.840637341581544
722224.534265,4368279.56268,3.809250373063978,3.9235549012337145
722843.570944,4368033.62743,5.125117536507632,5.117019651179158
722767.468688,4366446.19855,4.9900907393682905,4.786557059374682
722828.9144,4367016.51136,2.7970552944110323,2.884825474418763
722767.141923,4366862.33096,2.92273602384745,2.62924327543377
722109.583693,4366753.81099,2.0356826892705686,2.1759688451560457
722233.142328,4367077.57262,6.359368620548474,6.435400807001427
722557.378904,4367994.81364,5.561954206705493,5.5119850416825535
723386.488217,4366408.31406,5.245977213093733,5.198826532938421
722139.930153,4367601.4554,8.64640315082321,8.728271239159819
722032.155538,4366838.50544,2.1611668294713406,2.2074029861203153
721730.003384,4367470.09364,5.586578258793228,5.502250604442682
722960.689457,4366708.40802,2.968582095516404,2.7943481683046243
722937.701997,4366430.95901,0.6684381697955855,0.702879058962723
723223.769308,4366685.56592,5.793991443843385,5.815222591166707
723440.556095,4366516.26257,4.479673526685349,4.735657515211823
723416.206501,4367818.49999,4.931677960493042,4.873038857009924
721807.236456,4367662.79207,5.739677415881222,5.733033164451722
723207.190424,4367987.78161,5.326883493788585,5.344283735530427
722905.500768,4367979.75756,5.042630078203173,4.961829436715403
721846.077814,4367423.96505,7.273350063832053,7.226844060950056
723432.81212,4366523.96047,4.202390757598354,4.244319411341877
722789.433099,4368018.16212,4.995899932045925,4.94998339217678
723293.034139,4367117.17374,2.1652105661756207,2.411095821642896
723247.299946,4366307.97985,3.465519288184003,3.7766123011542945
722442.256053,4366777.24381,3.322456569412179,3.408410153315252
722348.73695,4367694.1156,5.676940443251231,5.680837545160311
721799.752767,4367285.22632,4.53308385970713,4.586111193040389
722805.096129,4367779.325,0.35982226006096585,0.4130887454497139
722798.472544,4366376.8722,5.239167762074252,4.858209807804698
722186.046792,4368017.56791,6.2051718722876785,6.372836255826675
722636.034889,4366315.05818,2.6478155956635705,2.640415842183649
723324.707596,4366269.53001,6.114228768561911,5.925851251489687
722380.863561,4366091.31946,0.3710917091408323,0.29409531370476416
723502.189889,4366816.87213,4.150690481626378,4.196831471388421
723463.410339,4366924.71337,3.987909593218822,4.026373894513995
722348.639758,4367825.10125,5.903749406979251,5.884020192952583
723447.557971,4367356.21704,2.085978948773864,2.230041759690769
723363.010656,4366716.54045,6.971604438136262,6.904985221280707
722999.248929,4366862.56894,3.319326145516951,3.434688865837541
722628.438711,4366130.09289,1.708971769506573,1.711568074490637
722085.657499,4367770.91698,11.530828895463264,11.534066733254658
723021.236458,4368341.99949,4.157790392279742,4.157911502790349
722310.817539,4366653.82065,3.133167103729378,3.1553079244602382
723533.614149,4366277.46433,5.949414662717181,6.063733295298946
722187.073773,4366584.34872,1.4500356619827457,1.3313310494960866
723214.675411,4368280.56976,4.679890237680682,4.643290258278108
722651.704616,4366060.75553,1.4613051110626123,1.4596836328520586
723524.165486,4368203.86382,3.3834188529148888,3.490147958772282
722990.810649,4367717.87649,3.652214045256582,3.7604779213530826
722820.444315,4367933.4404,4.8287940804541325,4.803721984955638
722433.81593,4367717.31341,5.076612701223105,5.0796696572972655
723400.916938,4367610.44367,3.24648771777857,3.314800043845176
723005.727094,4368388.21005,4.194064376331991,3.9805924897392
722303.342723,4366291.61705,1.0755134514441302,0.9901134232991868
722704.224315,4368164.46556,5.960387112012469,5.9879710577979
723578.821773,4367641.46225,3.4474469282353493,3.5795139090047035
722874.707458,4367794.80668,4.92467499795589,4.82548811295112
722009.05637,4366676.6582,1.0615298398251414,0.9803550548544345
722333.059458,4367971.47952,6.861362888563588,6.779879258753794
721993.226963,4367192.93445,6.879693007392638,6.86825401144609
721954.480921,4367285.36553,6.70071139627992,6.914891058942893
723377.134875,4368265.33776,4.691217778687324,4.699258526181596
722944.809117,4367209.27347,3.203762452136172,3.243416825412692
722534.813223,4367154.92006,4.687764579119481,4.589005666380077
722225.792509,4366538.1476,0.42735830871135905,0.6418284155234567
722101.162155,4367724.70116,11.02944786275465,10.556541959848236
723510.442083,4366231.19912,3.9035820442801175,4.075785490915443
721621.850328,4367231.13165,1.4207615627496746,1.1963298177697481
723028.971867,4368342.00768,4.1750560054042225,4.173849136776985
722272.309937,4366407.18422,1.4379335940119773,1.4461835640047458
722109.394165,4367023.51678,6.222630996929829,6.170033800074752
721544.152756,4367755.02179,4.601371881419611,4.349955020160801
722404.166856,4365968.03368,0.0,0.0014095696201661216
723301.258763,4366546.93672,5.432510389972632,5.397027921887715
723301.192988,4366623.99935,7.033631996773037,7.024112079553743
721931.007679,4367670.60883,6.862524727099119,6.84883628248367
723122.297758,4367748.83576,4.453662193220426,4.339521480437048
722441.720089,4367493.87023,9.203099239265326,8.972489332309786
722410.498104,4367863.68602,6.1437256176334145,6.163218827629189
722456.808323,4368002.41917,6.893021834512465,6.815046174570196
722333.554579,4367301.13055,6.066369099907871,6.085908604937422
722442.593651,4366322.57589,0.913816689193236,0.704332322718061
722062.747587,4367347.10845,7.778861394062994,7.487186964891353
722720.696442,4366893.10795,1.5822194171427675,1.7273484028491648
723161.225296,4367456.0775,3.1314985958722326,3.153224969176995
723448.111808,4366724.33944,4.193999744254517,4.111684541977944
721629.49731,4367369.83634,3.110415073599879,2.7294931374790545
723517.206588,4367333.17744,2.8571492767300692,2.862822213254592
722480.836788,4366915.98842,3.453868971504741,3.4276722582377372
721815.199823,4367323.76732,5.552046647829522,5.4582620348279836
721683.444863,4367685.79766,5.816646525856676,5.685649502584587
723308.890653,4366670.24489,6.566879138429593,6.714285718343472
722332.830518,4368279.6666,6.1859376738035,6.161408003015177
722527.999875,4365929.6188,0.5774305301710323,0.5186014224462833
721869.35958,4367316.11044,6.672828810286253,6.56818392696247
722626.862365,4368172.09212,6.2958568324183,6.263534741349356
723193.014937,4366454.34491,3.7949539883557897,3.812916794624832
723308.275415,4367386.88671,2.9946934548155117,3.012468095178291
723184.921901,4366878.17626,2.291724010681625,2.545378809559441
721846.274757,4367131.15679,4.697801402150397,4.640922423648391
722209.292998,4367963.65629,7.332020601587698,8.092033405525319
722558.765373,4366176.26435,1.4881879196078678,1.4818926083009596
721969.714505,4367632.11852,7.454977742973696,7.3207986243839756
722651.343985,4366530.852,5.018555014059214,4.610405631535594
722427.419814,4365914.10807,0.06181290584152599,0.0526278778723101
721915.175373,4368194.52387,10.55536926620143,10.919610173642903
721923.645599,4367123.52076,7.389400806082365,7.456723290343569
722148.328376,4366669.08025,2.054936315849463,2.100277058542985
722109.480861,4366900.22385,3.6620892880938176,3.6571262962764983
722573.848884,4366692.60548,3.2040948456774623,4.374178314512006
721946.670527,4367393.23442,7.1071155911419055,7.073709849423764
722527.595099,4366469.07986,2.29069124394367,2.482703855639639
722434.410068,4366923.64916,4.345195332775034,4.251624320325817
721807.52518,4367231.29472,4.508750651968027,4.413019533155534
722495.333998,4368202.77968,7.257019692257201,7.076396497164188
723532.170517,4367903.38405,3.9287223835581417,4.019011014403682
722897.846508,4367879.58574,3.4712315327454277,3.4727518334782146
722155.473989,4367501.30192,7.220714161595707,7.260221713875143
722349.186353,4367085.38867,6.369179231308236,6.340577301833733
722504.406407,4366438.23189,1.9134226510058838,1.8982938409183217
722054.441873,4368156.12914,1.0048985787639353,1.1007155682162022
722704.655671,4367617.4151,3.216632699277738,3.4680068787436906
722365.450026,4366006.53074,0.0,0.0145037147674268
722882.537126,4367679.23817,5.108303963210719,4.842793956850826
721969.921905,4367331.61238,6.740309315745068,6.800442402009859
721745.745124,4367061.7167,1.994258144187312,1.9924788111683174
722991.316792,4367101.44225,3.6770958562247134,3.594951224925489
722859.929196,4366931.77864,2.3790009752271577,2.586703976283432
723392.80245,4368041.91781,3.3522438781175654,3.427147284957909
722665.812292,4367825.41391,0.7982370301504602,1.7593899512204978
723060.203813,4367995.32951,5.213543451644673,5.1664043398617805
723471.350037,4366693.54033,4.000818311835072,3.9591636219265243
722101.325941,4367493.54606,7.564961533665974,7.763191409972855
722456.6271,4368241.26456,5.951189351844461,6.509490891857842
723277.672773,4366986.15842,2.5794921801943764,2.701947196894063
722852.303094,4366793.06354,2.2155326015669563,2.2372047866455014
723207.052056,4368149.58226,4.643713201744642,4.638355804215988
722085.488109,4368009.76862,7.224198907772795,7.868243430757807
721598.408523,4367593.26205,2.497378664623871,2.5363597136128866
722821.091728,4367124.38394,3.091255125061847,3.182517651286494
722349.632418,4366476.61452,2.196178949153878,2.1709687199019374
722697.551864,4366808.31917,7.613337874225048,6.864422933897176
722410.763541,4367509.25069,10.10104115532268,9.952589393925976
723340.057297,4366415.97026,5.972908807593378,5.917914054586075
722542.408877,4367339.86098,6.47606491414402,6.3697487284913406
722487.692581,4368079.49732,7.809359270905838,7.774439655114744
722796.958536,4368280.12948,4.800200926323006,4.786328435711505
722991.0515,4367425.07626,3.9474726108907654,3.9838839881205743
723222.7807,4367849.10923,7.884488674961788,7.8041974223441235
721814.920634,4367739.84963,6.946528730935711,6.661164093734008
723362.564098,4367232.83458,4.269291113218898,3.80301599095511
723355.014171,4367017.06561,3.81860932871092,3.8018129479313427
723386.034926,4366932.33459,5.3838116584556825,5.785151350667272
722620.712824,4366114.67189,1.5866117054077071,1.5655662217097746
723130.092208,4367679.49779,4.135232258382663,4.1005640998444175
722163.797008,4366676.80074,2.2117727843458597,2.259766889259909
722983.643113,4367024.37647,3.4972105501716158,3.4931563569205117
723029.803281,4367340.35672,3.622136276917315,3.6247127423542365
722681.029649,4368149.03272,6.034968297554141,6.010200950379932
721644.93497,4367423.78722,3.510635940692904,3.454899692714396
722968.382729,4366762.35863,2.7832426884970234,2.850085464246121
722139.726429,4367886.54193,10.695139980884345,12.258648957124183
722913.431296,4367740.91127,4.896243039303702,5.108532175229116
722551.074233,4366114.60365,1.1741856667917547,1.1615622734063775
723107.450343,4367001.3887,4.008079802682121,4.18535637573361
722728.37301,4366970.17457,2.175214880810428,2.1126721806638735
722603.948842,4367794.53185,1.9955200085570237,2.1984235015582225
722689.575047,4367116.54533,6.616932835284989,6.622237148141662
722140.764891,4366422.47403,0.0,0.019967042639399513
723122.763009,4367194.04859,3.364894453138671,3.366633708883621
723424.159359,4367571.94276,2.821252890201866,2.821359208430462
723440.917594,4366100.10923,5.583447834898,5.708591130143923
722287.209065,4367200.91427,6.405227387804075,6.432717468577259
722008.384105,4367647.56429,7.549342114943321,7.497985098395958
723161.930496,4366616.14447,3.8926742270623023,3.907743094264267
723409.886961,4366192.55594,5.294804824050878,5.275342169639126
721977.748601,4367200.62591,6.696193306292757,6.676923653266969
723036.816686,4368211.03798,3.858368828369751,3.866202946342923
722186.562595,4367300.99105,7.188021871836757,7.216448456023942
722031.721541,4367462.66038,7.409118975718097,7.351327178765491
722303.069282,4366669.22554,3.1976372162939852,3.3307371030680106
723494.194661,4367109.68787,5.559372770754041,5.519506040323265
722945.45176,4366415.55417,0.5519516419157676,0.5584685731538974
722511.346256,4367493.93836,6.512532024999194,6.571350090088276
722357.566503,4366206.8967,3.725052472994963,3.38801444262983
722812.609424,4368056.70997,5.154808281811557,5.1374740294208046
722558.898893,4365999.01025,1.3191105011170854,1.2555210905351153
721838.465868,4367239.02789,5.304712767641598,5.239784817598174
722395.204931,4367624.81418,5.846885874389622,5.9410398397087585
722357.717878,4365998.81663,0.0,0.007749900755446429
723077.012189,4366384.86495,3.9307875323193042,3.898460652321218
723261.949249,4367278.95917,2.8555001969676406,2.8540595995125373
722217.635852,4367123.79213,6.690836538157433,6.682131552953233
722960.733137,4366654.46499,3.9090038292076614,3.8686800145695517
723208.728822,4366169.22,6.498461467847416,6.5973965560885555
723594.557527,4367348.67488,2.8697063660676885,2.8702837378807726
722038.916357,4368233.16065,1.6522469265831892,1.5486181308818572
722944.078511,4368103.07469,4.820403451825044,4.826912169018601
722309.738253,4368125.55222,5.925823569724776,5.9366256157783655
723214.715082,4368234.34204,4.679148122933983,4.689954845580047
723231.389048,4366824.28383,4.827729190034812,4.773837848934467
721621.696362,4367469.99883,2.844401753592754,2.7719896944363
722364.088659,4367855.93604,5.454068265527864,5.476868101850669
722674.656766,4366399.86737,3.243292661805871,3.246943649765236
722542.126144,4367709.71463,4.970210989538875,4.931432449391321
723377.728516,4367587.30236,2.8720171551947242,2.916823575270615
722875.772611,4366469.42738,2.44090234742696,2.3780336813607557
722263.20582,4368287.30414,3.839199261963047,3.966235945839548
721823.065085,4367131.1361,3.843039484566236,3.486407602154293
722396.140921,4366361.06347,1.5261432032825963,1.5158786679777188
722434.69076,4366546.05256,2.389115125922194,2.378495263075821
722271.640773,4367331.89334,6.2100773700249325,6.218842112970755
722357.177861,4366738.63176,4.8837859758002695,4.75698724530429
722620.495322,4366399.81375,2.7768204528702625,2.6570608546377956
722496.45527,4366723.35412,2.808976642629458,2.872481099250695
722828.124281,4368002.79223,5.132507906794877,5.109522137834913
722449.762747,4367085.48578,5.273989447957093,5.303555260994099
722634.868628,4367825.38278,1.664000346814613,1.9137005115684318
722139.582787,4368086.8668,4.64777925190424,4.641591787682335
722202.289562,4366946.54551,3.7297963905385343,3.7123901093041276
723223.194674,4367363.67842,2.890621960353034,2.919376216477399
723370.467752,4367040.19988,3.5339685053754186,3.6280057617053565
723160.579294,4368218.87447,4.497164967366237,4.5006181469289155
722673.330388,4368102.79669,5.900199259295197,5.9230902891709984
722256.363426,4367062.18316,6.23173180898163,6.18489571430668
723424.240496,4367479.47866,3.17639576861805,3.1826679476042923
723555.785691,4367448.80285,3.095937872960667,3.09858359974762
722681.405056,4367671.328,2.481810605319924,2.516716066301319
723400.748066,4367803.07277,5.160230066739102,5.213437771273144
722605.020619,4366399.79846,2.5546521107762796,2.550355951954565
722928.373193,4368388.1289,2.8093477000028093,2.7320285992488347
722574.287093,4366114.6263,1.3136694804521971,1.3023733779499493
722774.54997,4367278.44915,4.44701393767988,4.419661417819868
723153.000587,4368033.95251,4.65271706568023,4.728208957973265
722820.183683,4368257.03962,4.407835357288812,4.556382921121205
723332.714685,4365953.56249,3.2331592753734903,2.3151799529506523
722233.275433,4366892.63357,5.316975934912613,5.172012816083985
722349.845806,4366183.7696,3.5916391695039653,3.579515144708451
723207.479452,4367648.75972,4.6214451427667,4.541075688413051
723324.338427,4366701.08624,6.423396695868938,6.448680614537637
722612.042448,4367332.22447,8.71446534497928,7.8296672744194336
722929.32971,4367216.96309,3.1865324251257774,3.2244273693701846
722804.935529,4367979.65382,5.1150487821527255,5.118274960779014
722503.843551,4367185.71219,5.428508971890505,5.353904744243804
722426.114682,4367671.07522,5.136542025630485,5.10457806936657
722820.289261,4368126.06063,4.681374851888828,4.752332227644424
722898.576123,4366978.05351,2.8951046565834857,2.9888402438459654
723230.747147,4367579.43748,4.129616961937448,4.104613416451397
723075.352097,4368380.57934,4.324347255927761,4.279654948401239
723471.343269,4366701.24646,4.0109840143061914,4.012028324025404
723455.457046,4367171.29099,2.3055495045396497,2.6332468002138443
722302.416945,4367563.08318,12.650900489782538,12.479590617781469
722512.265054,4366276.40439,0.0,0.0605370204406764
723408.443475,4367849.31158,5.004258244636278,4.779343201214616
723199.651584,4367756.62355,7.546114358217138,6.023261953327441
722311.19152,4366137.49329,0.08224282781479482,0.07428473832468516
723138.706144,4366631.53232,3.4936284711635723,3.2464321253435076
721745.740041,4367069.42235,2.1067041092595127,2.070101534186525
723447.007374,4367980.33873,4.2216249560825325,4.2148392358074975
721946.691671,4367362.41291,6.924196809309789,7.010083339356087
722326.05541,4366977.48594,6.086506993332432,6.081643854227672
723323.327893,4367872.33335,6.705584962693185,6.701541523758145
722271.292029,4367809.61698,6.661823660237484,6.522725923983549
722240.929026,4367008.22833,5.0154245901639865,4.931308495838728
723169.253889,4367109.33528,4.495228698045274,4.442231805266365
723369.655865,4367972.54845,3.52338346383022,3.3268453967832587
722526.806991,4367509.36417,5.805254737487304,5.70616436183159
723409.459881,4366685.76634,4.129971668934057,4.392453486842045
722325.18662,4368156.38578,6.014507628456966,6.064645930240617
723045.244204,4367378.90041,3.8185773973869295,3.8682213199462776
722526.252519,4368233.62874,6.958276380445928,6.9563793681871795
723309.30471,4366184.74067,5.7701102759318434,5.68461756836933
722155.485031,4367485.89133,6.888245216215411,6.862941330081917
722937.01616,4367278.61578,3.799762537976832,3.733279617861799
722774.066184,4367887.16342,4.401542578174369,4.385475271465697
723206.873873,4368357.60683,4.45475939967848,4.40337930486286
722155.109506,4368009.83388,6.441436739778853,6.4870429845064805
722874.351062,4368233.98182,5.01590856131554,4.805039442914536
722728.619997,4366654.2286,2.483669354619396,2.4960240399503273
722875.105671,4367301.66855,5.579865371175208,5.427466242579465
722991.744361,4366577.43491,6.5814013506941835,6.706551121266394
723454.784146,4367934.11773,4.3495518425685145,4.35722671094994
722750.699256,4368087.46569,5.011777879078468,5.110005892007357
722821.189903,4367001.09181,2.6378951488435773,2.6404532414583284
722952.971115,4366685.28164,3.448511818654667,3.554867084881642
722162.750826,4368140.82134,4.20503682562728,4.3379161881376636
722898.891938,4366585.04547,4.2599964049346815,4.125163475558869
723479.066863,4366716.66731,4.034026504069571,4.0507840729019
723261.155016,4368203.57378,4.684085551995228,4.685504630815681
722643.196948,4367062.55884,9.188996366074814,8.623932153662123
723292.150837,4368141.96984,4.41900170281652,4.465978318784634
722828.043566,4368102.95436,4.9315167650141065,4.791129701528249
721722.170633,4367616.48576,4.474639149507895,4.316928722212749
721745.470723,4367477.81259,5.603069056417522,5.620217515437841
721722.469659,4367161.86949,2.248137176363624,1.9072226599428181
722743.506917,4367401.70549,4.007401935298147,4.095036982712189
722742.779492,4368318.59671,2.367595914199021,2.8548807854505975
723354.432763,4367687.445,5.1150487821527255,5.231650888345082
722636.117484,4366207.16673,2.1966727305314766,2.2072439381190874
721768.597328,4367601.11658,4.67721185361302,4.678912349731922
723053.679832,4366531.26166,3.5730824536890124,3.990813099179871
722968.445301,4366685.29759,3.462066088616156,3.2927028932393836
721583.049891,4367416.02821,2.1316699803998347,2.0784125711052126
722558.386496,4366677.17808,2.202494618795758,2.2338011914276805
722558.869884,4366037.5441,0.0,0.045409916845533846
722418.447904,4367578.6055,5.854340492039596,5.90022014391996
723068.382996,4367463.68444,3.6505359195307645,3.6026722568884573
722511.650109,4367093.25182,4.445238863837853,4.393862111423967
722078.807668,4366507.18624,0.8676997783424875,0.8695650341301155
722898.127966,4367532.85485,3.248876026927099,3.3439955558580516
723517.35698,4367163.65372,1.7263664544286257,1.853276728733587
721992.541306,4368179.18567,1.9734748917748892,2.0481198551349356
722248.749103,4366892.64819,5.4052406545707194,5.366062965179001
723455.063511,4367618.20862,3.7744933192586108,3.7937014056140472
723208.780426,4366107.56644,5.063961741487248,5.024408458935323
722713.20575,4366577.15121,3.061035396980986,3.1280096305285188
722433.728918,4367832.88883,5.9517383397882355,5.93716113947544
722690.393045,4366060.79386,1.7172431365641339,1.6889446525774363
723323.348006,4367849.21834,6.599473710642838,6.5842320033198005
722636.293912,4365975.96574,0.8840811246213016,0.7451296695616114
723494.602027,4366647.32873,3.708109250828356,3.719101214394448
722588.530481,4367725.17092,3.2346115735429017,3.304404583956529
723425.014528,4366593.30864,4.010661238633573,4.1165069390215905
722635.999547,4366361.29691,2.783855923803525,2.8372417231811915
722712.020892,4368087.42635,5.5947107438271715,5.7735344372306034
723394.551115,4366030.69777,0.31000622074043876,0.5823065413623563
722510.934957,4368033.29166,6.571525723142203,5.944517822215861
722286.89383,4367632.41516,7.415831478621368,7.601714916919713
722310.615641,4366931.2362,5.909719795135824,5.824539602134205
721946.522193,4367608.98192,7.3915952189984715,7.286406131274078
722673.451511,4367948.70064,4.650296825207714,4.666894845140246
722287.466743,4366846.44935,4.456147065770415,4.553498667728775
723455.056693,4367625.91384,3.825870819557965,3.936545166295994
722101.808921,4366807.74575,2.4857252702266344,2.4757073251483472
722449.328691,4367663.39272,5.0967505946476654,5.061952945742202
722132.193992,4367601.44815,8.505986884795059,8.550590250119265
722100.882675,4368117.64921,3.0412849113065152,2.9183558331300894
723531.873398,4368234.69123,4.564549294138336,4.3478277634356255
722380.456834,4366646.1809,2.8323061295939977,2.7780971845413576
721621.800723,4367308.18639,1.7574800672238222,1.7822268656292684
722766.213628,4368033.54806,4.7264591883589935,4.872303648662394
721846.140054,4367331.50045,6.555583144032188,6.36815248304779
723084.838365,4366276.98205,3.5948015247231804,3.731260804914182
722828.365967,4367702.2979,3.2336109304863094,2.9569619341856144
722294.4828,4367832.75415,5.282799800375007,5.543006133658862
722580.74688,4367786.80369,2.8860619364584617,3.5584057599872394
721938.907748,4367431.75414,7.238173286237857,7.261083384884847
723036.906629,4368103.17224,4.439204228318554,4.537455961219874
723268.890658,4368203.58212,4.681310219811354,4.6605184482755755
723439.672476,4367525.72793,3.1921606095150143,3.221096100909492
723013.693197,4368110.8525,4.742821106543091,4.731022212259163
722272.165573,4366607.54708,2.7294739936885373,2.735146690728128
722364.249066,4367640.19461,6.133946938197643,6.1508022761274885
722140.264438,4367131.42525,6.100609866522949,5.990211279468312
722604.602262,4366946.93344,2.938046131913624,3.0501232767287285
722326.409449,4366492.00499,2.2718927349103137,2.241450490128155
723570.988725,4367749.32618,3.9529263271423,3.8042317137922192
722008.987418,4366776.83663,0.7125413874825638,1.1114877490563688
723471.282474,4366770.60164,4.0928586220188965,4.111936314696904
723463.356257,4366986.36064,5.288576292299161,4.857156737553615
721992.895935,4367670.66537,7.348673364120425,7.328483821202254
723539.685161,4368149.94818,3.5438760642513896,3.2075196952309
723524.586069,4367733.864,4.09282630598016,4.164337176997507
722813.770801,4366600.37116,2.7475786696759266,2.735533216327309
722054.436404,4368163.83381,1.0247879464620198,1.1240926652657055
722240.15168,4368079.25727,5.538105354832689,5.359627516139533
722263.786647,4367493.69894,6.603862536475054,6.64451617245167
723332.062302,4366716.50693,6.434594972720635,6.538690628808087
723517.616188,4366870.83138,4.050517686408614,4.051186452980544
722828.693097,4367293.91536,4.9109591478007175,4.874060345450361
723207.183826,4367995.48646,5.321171249227156,5.364660674540667
722713.223775,4366554.0325,3.276403905924156,3.330514894138526
722527.070725,4367162.61805,4.882043602711724,4.87883251875324
722512.466726,4366006.67191,0.3348726190740258,0.4157131408859549
723114.910478,4367332.74087,3.3597631278450075,3.353080612686817
722929.185778,4367394.19024,3.8985153510639274,3.8572607425633874
722402.883384,4367701.8731,4.911281923473337,4.942763095045966
722224.814959,4367894.32718,6.763513000987385,6.627508704461202
721985.362689,4367377.859,7.158267263884853,7.216398893223081
722945.668879,4366145.82542,4.592142189927614,4.525448107582329
721784.397588,4367107.98483,2.0207859571999007,1.9734373297658716
721776.51285,4367331.43838,3.8148660542239408,3.9792457944212973
722573.702119,4366885.25579,2.021673301763539,1.9812014531226942
722009.141163,4366553.35993,0.746249708887982,0.7510027120954588
722727.541117,4368025.80382,4.6644643304757025,4.846439879463478
723030.424013,4366585.1814,13.07873329604481,12.846174286453728
721753.068911,4367685.85912,4.78725989166802,4.801197807254123
722356.29541,4367932.97764,6.0654330889287555,6.091425202044917
722690.250467,4366245.75322,2.6962917696994566,2.714495448949228
721544.182266,4367708.79174,3.968384935100764,3.7564874839916302
722573.784334,4366777.37217,3.9672554126039716,3.852572947976494
722457.976908,4366445.89325,1.8759352766420285,1.8882582422420704
722697.65965,4366669.60993,2.3647269039742884,2.5027350634330374
722426.420482,4367262.69254,5.987689548167865,6.0243108750070355
722396.344509,4366083.62753,0.24139775568849503,0.45875439722742967
722094.335813,4366430.13756,0.0,0.01009205849878749
722224.898931,4367778.75282,7.606721550008492,7.484104241777578
722574.123848,4366330.41023,2.265192927593689,2.2644326677759556
722341.545854,4366954.38323,5.702532052927326,5.709719662384937
723006.543216,4367401.97619,4.021859900200016,3.9984118487670717
722070.489347,4367339.41014,7.73968358310142,7.5743142846335
723176.782595,4367355.92324,3.135781048076941,3.206644528427843
722937.745459,4366377.01408,1.0614556860576834,0.9429270161279939
723579.084574,4367348.6576,2.8746118638049434,2.8835731817519608
722844.233872,4367209.16992,3.5372605094643275,3.6973274907833664
722125.209235,4366538.05396,1.208342661770702,1.1821035462061011
722667.174074,4366068.47757,1.6146820321978406,1.5899837307410394
723299.979993,4368034.11126,4.467313411298123,4.555962974774886
722055.41433,4366769.17309,1.6548899168941402,1.6225309569759905
723223.554297,4366939.86496,2.8368565356198983,2.7701091814388867
723176.234119,4368003.15803,5.2941273413816505,5.294603994489312
722047.639945,4366823.10777,2.134926206017285,2.0980590472242944
723509.093331,4367756.96212,3.7905328464848345,4.1379496117459045
722465.771535,4366368.83687,1.3777265055573613,1.4458932517647094
722820.462867,4367910.32567,4.674145677080518,4.641953737318754
722255.724492,4367940.58588,8.11704258400472,7.480208779522712
722054.968107,4367408.74445,7.838823803938605,7.853287490318173
722597.388785,4366261.07455,2.1460860113942957,2.1619601155112305
721660.297208,4367593.31598,3.6940710097153135,3.6537249781852874
722867.269992,4367424.94803,3.2001384392207175,3.4317302774770098
722790.577525,4366577.22903,3.077219961666779,2.9870198044409957
722912.927737,4368357.29485,3.793630954341324,3.9618991707584263
723384.789053,4368357.8011,5.663676248208877,5.557483141171242
722968.775931,4366276.86153,3.9000322813108093,3.8464199037982603
723556.108901,4367086.63932,4.151336032971615,4.607283123915703
722062.742169,4367354.81384,7.859896938912791,7.51436119024077
722024.022875,4367408.71594,7.542306451652684,7.556457929704309
723307.956077,4367756.74071,7.236398212395831,6.846482499175371
722743.049279,4367979.59063,5.2540127500114675,5.178142472298588
721900.173975,4367508.77203,7.210128350621018,7.240339020208448
722387.526191,4367547.75459,7.232751116595567,7.595733570548294
723115.430719,4366708.56947,3.3758992184726955,3.3578918041440335
722721.278159,4366145.59828,2.442390039353081,2.4180913986186936
722659.229428,4366338.20061,2.891570859276171,2.8944392293355596
723394.005632,4366662.63091,7.43303284438312,7.1218982852978705
723130.402821,4367309.64074,3.2337401946412543,3.287471026978487
721946.902806,4367054.19074,7.038698689989225,6.847737000104852
723355.816177,4366084.60339,4.502877211927664,4.43441393956767
723524.551664,4367772.38965,4.745435243248027,4.546746455338738
722396.468528,4365914.0785,0.0,0.0025691413006896672
722512.368863,4366137.68596,1.074838950314192,1.0289579314461719
721644.779956,4367662.64849,5.220224023223954,5.236050043768244
722674.73395,4366299.68359,2.847257875873468,2.8459219631481396
722527.345136,4366800.44467,2.3870399745776147,2.432301325612396
723324.10024,4366978.50266,4.165083814450778,4.117832351679258
723153.150731,4367856.73955,5.299452178192988,5.581424863183975
723246.515642,4367232.70891,2.7544333246781654,2.7476754362067806
722758.8331,4367586.64904,3.1984860893829414,3.2767302479024836
722650.418671,4367725.23273,1.3013317746989777,1.0907054595849481
722990.823376,4367702.46628,3.5721145113859043,3.490045022186316
721668.183897,4367362.16461,4.081660345167198,4.158566596984876
722844.909055,4366361.50634,4.901213169118431,4.7516574083554355
722712.331168,4367694.47462,3.506182098068469,3.3605744750881326
722719.524136,4368380.20898,0.0,1.5426596493326177
721776.446299,4367431.60822,6.034064602613759,5.958994584664977
722999.675892,4366338.54559,3.717016551362483,3.7003710164657044
723169.719257,4366554.50259,6.648721045388811,6.017768352928658
722905.864249,4367532.86286,3.2505864686916546,3.334141117624903
722952.438934,4367340.27598,3.7386713750339258,3.721657707750038
723030.095274,4366985.89573,3.5885087456087374,3.6307182672780773
723378.298011,4366932.32614,5.25272203203574,5.801095013903433
722858.986179,4368102.98634,4.836313714896323,4.814400886896457
722582.007222,4366137.75387,1.4575453900202036,1.4595200918634845
723517.731944,4366739.82839,4.057262505350621,4.059255768622484
722713.582274,4366091.64376,2.0576277802185188,1.99842279481296
723021.850479,4367602.33121,3.962156403349047,4.144970051873989
723083.874883,4367440.58464,2.949476776472426,2.9770727236748074
722394.876239,4368063.99687,6.698226908444678,6.919802777517596
723052.532252,4367918.27234,4.673564757812754,4.7779532556877955
722582.024687,4366114.63389,1.3606642141765994,1.3349341248885098
723084.323035,4366901.18766,3.452319725219123,3.435539405510777
723532.315293,4367741.57777,3.819965063478867,3.9371528674808594
722665.394734,4368357.04063,5.028268676702763,3.8357556896893747
722798.460383,4366392.28507,5.584867817028672,5.443084937268958
722605.377965,4365929.69433,0.5626563297472396,0.855839341649262
722728.746202,4366492.39769,3.7366058415580157,3.7508766712044297
723447.537672,4367379.33346,2.680181454959809,2.9584800840143246
723006.948031,4366908.81266,2.3357369165817756,2.7548049748969485
723222.410973,4368280.57807,4.6518780028173214,4.655176427410642
722858.848695,4368272.48872,3.3786422346178338,3.766400787620566
722651.260936,4366638.73909,2.6040577556405897,2.6285520855704645
722240.055856,4368210.23643,5.2288404794094525,5.207078627325993
723192.645844,4366893.59638,2.392771454876384,2.4351031881099297
722403.348545,4367077.73512,5.93986181083782,5.951474367764693
723424.510554,4367171.25697,5.3406639760212276,5.497936272994721
722789.765515,4367602.09101,3.9533137348923932,4.28570223141781
722868.188677,4366276.75851,3.5559780360434705,3.56893275423258
723533.627674,4366262.05114,6.020736160208677,5.969700759034223
722411.825413,4366075.93561,0.3346079834175275,0.38333595152401906
722185.979856,4368110.02462,4.8521593458901275,4.990930434702247
722750.564081,4368256.96824,3.6530531081194906,3.7973415038377936
722774.7024,4367085.80823,2.916107388758996,3.045373252607978
723123.659661,4366115.18333,3.3057072434779884,3.3209353538277235
723038.545425,4366115.09455,3.880830398865367,3.8747747894675144
722310.823156,4366646.11447,3.1030054675752936,3.1440960137026184
721993.083007,4367400.98214,7.250791160505483,7.261865870058243
723207.715249,4367371.36732,2.957273790247105,2.9507196382419303
722241.294495,4366499.63089,1.2975172318051396,1.2142975486159817
722373.215791,4365968.00418,0.0,0.0010658747871371227
721900.058245,4367678.2858,6.51659845987354,6.4762327005560225
723152.981019,4368057.06695,3.718017194419072,4.098433775788581
723502.772032,4366154.12404,5.93899081665092,5.570272165796592
723354.934247,4367109.53511,2.8837061357060434,2.9351569845649053
722736.097722,4366985.59399,2.183247340010185,2.273302418996635
722496.628708,4366492.16864,1.8930847059129554,1.9102237513481524
723525.835955,4366323.69511,6.390995250458613,6.181632287983259
723509.483764,4367317.75779,2.8360851825524356,2.746380931964693
722635.46029,4367062.5512,9.186737321081228,8.955867140749678
723208.767568,4366122.97982,4.9976423051344705,5.153701603676441
723501.425859,4367679.90194,3.9165557796885873,3.9581349423980354
721606.154541,4367577.85851,2.6980828092034796,2.66434167355372
722450.119316,4366607.71714,2.5193947354426163,2.460066261219896
722255.971941,4367601.56494,11.80778888887764,10.756545749697494
722782.304798,4367255.34036,4.319441758190509,4.354900033873264
722334.06812,4366599.8996,2.9451298845476166,2.9493045473745565
722504.360126,4366499.88245,1.8919422954721443,1.9484643417874372
722698.00585,4366222.64126,2.702384689502904,2.6971251595587193
722673.891757,4367386.22448,4.989413256699063,5.006025179453127
722001.085883,4367015.7114,5.013810711800894,5.1405218796816134
721869.349132,4367331.52125,6.9569852777554555,6.84323967855854
722867.579631,4367039.66828,3.009348201310404,2.9594307150194252
723308.916996,4366639.42016,7.308655336151703,7.321995195351593
722396.197539,4366283.99888,1.1468995810131004,1.068411269434899
723006.123503,4367910.51851,4.899050687526311,4.855003989052246
722186.052301,4368009.86315,6.374278240563162,6.636750512159418
723332.662185,4366015.21733,4.023279882330691,4.093732066838738
722982.966707,4367848.85446,4.480512589548257,4.453223643415467
723446.645199,4368388.6877,5.006646553784805,4.803203566445609
723247.058963,4366593.11629,6.1692529799467835,6.227634622318688
722936.133975,4368357.31905,3.757937889556839,3.8257740799571702
722224.742118,4367994.49024,6.706036617806003,6.735168874250769
722031.468118,4367824.80161,8.822706377868263,9.016872161444189
722125.095604,4366699.88304,1.9883910519402734,1.9520513882322907
722596.818272,4367008.57238,8.14050402812743,7.914678122144895
723563.528941,4367441.10603,3.0951020801731057,3.0976818768550274
722170.464123,4368171.64725,4.347583257208814,4.3868683327972535
722201.601894,4367902.01007,6.375246567581018,6.594301498635326
721799.644735,4367447.03949,6.681928852908561,6.678573946804375
722380.914199,4366021.95896,0.0,9.848711044827124e-06
723006.403596,4367571.49397,5.742065725029748,5.672397561476355
723153.013679,4368018.5429,5.12108380238677,5.184501512372736
721629.547035,4367292.78221,1.6264323747112868,1.7066633336796542
721946.739237,4367293.06393,6.683413851831452,6.699312359558908
722604.732233,4366777.40269,3.2575247991513328,3.353610024420703
723169.091637,4367301.97637,3.090754995890924,3.0712800375321607
722286.820352,4367732.58155,5.7698840636606885,5.826604380030377
722357.183527,4366730.92574,4.838960167639994,4.767363647963253
722178.914315,4367177.6952,6.491458890025009,6.432223238622253
723284.708082,4367802.94601,7.306525555313067,7.262168506683255
722109.122165,4367408.79469,7.787962206114792,7.699923520989643
723137.70485,4367825.90297,5.391202028742929,5.489961624351
721985.33077,4367424.09118,7.206482024250245,7.216010069722761
723169.24089,4367124.74675,3.995203015389858,3.819198585901407
723177.746277,4366207.72039,5.337081512298438,5.277792749486007
723208.061081,4366962.96614,2.7323558918572926,2.733354354350684
722604.967743,4366469.15575,2.619438651220184,2.7973654687521265
722023.985325,4367462.65332,7.367068115026949,7.334213581826069
722340.646286,4368171.80999,6.155149722041521,6.10182886751441
722395.680408,4366985.25849,5.368579262768377,5.298867554122208
723037.730516,4367109.19645,4.103895703391659,4.0359087994504215
722178.743424,4367416.56513,6.202331908026333,6.322896723841851
722967.037437,4368403.57827,1.5384583070444369,1.693727879312062
723308.189073,4367487.05716,3.593091082958628,3.5759877334735664
723145.414753,4367856.73127,5.457908872845802,5.502839094896672
722333.696119,4367108.49096,6.57330079698423,6.530279830354229
722611.529127,4367994.8676,5.118985952872124,5.093052835762407
722016.222201,4367501.17265,7.358290463362515,7.358746812764688
723524.997801,4367271.54148,3.1284391518478003,3.047048834599895
723532.83029,4367163.67094,1.617428318418326,1.6950925635068068
722511.357925,4367478.5277,6.760060570849031,7.007134819365181
722845.012789,4366230.49563,3.286311464800127,3.290943265694457
722743.543336,4367355.47286,4.229950952634151,4.164297329782896
722665.854552,4367771.47872,0.6107903481051344,0.91099656072806
723060.653047,4367455.97092,3.9462784563165023,3.688054057080378
722891.524,4366122.64995,3.704624119936519,3.6164059265257427
723176.893186,4367224.92877,3.0211793339206903,3.0574570897163165
722984.269698,4366253.75788,3.8845740580670935,3.8820438518854847
723440.253575,4366863.04015,4.325734922019698,4.437945303169504
723238.824982,4367178.76102,2.605613157362156,2.6117875924497356
723455.341899,4367302.28677,0.0,0.007817033967932879
723060.087883,4368134.01574,4.2374059549988665,4.233654296038699
723315.485,4367995.60388,6.109452534979601,5.577801558143647
722495.651367,4367786.71948,5.310876667315841,5.250285315769476
722719.927271,4367871.69839,3.8135426354947297,3.87404806061767
722271.937272,4366923.49363,6.070177006472324,6.127515671007497
723253.757523,4367810.61753,7.587261908682652,7.2633803319752435
722697.940308,4366307.41312,3.0225089080858507,3.033099592242236
722109.241965,4367239.27469,7.266798371692972,6.976480113555765
722566.62503,4366014.4314,0.0,0.1995921017656539
723433.039637,4366261.94083,5.570054760415446,5.51659701207055
723424.395929,4367302.25272,3.1931708704402784,3.1203545797654884
722287.505897,4366792.5076,4.777803987904865,4.550643793847406
721706.809894,4367446.95728,5.0176190030800925,4.95026794759343
723162.258252,4366223.11734,4.984152667250453,4.617268690246772
723602.460103,4367163.74864,2.6974534158776113,2.7074373914131664
722797.741047,4367301.58938,4.117385725990422,4.557448273967639
723393.892129,4366793.63512,7.421059752031239,7.334095223564816
723052.667061,4367756.46714,3.7579055735181037,3.652208545759277
723053.197484,4367116.9184,4.105896604790095,4.102326816648801
723022.168403,4367217.05964,3.6109376153508688,3.6275100221297154
723015.251065,4366215.25695,3.8383925151388745,3.9180833403733555
723038.09798,4366662.25147,3.226317508315274,3.250809047332029
722233.760798,4366214.48646,0.6750797890067463,0.5640709104467984
723192.665362,4366870.4785,2.6070169814734623,2.7381197322446345
722241.073239,4366807.87569,3.840651560132455,3.9988846881974314
722186.744517,4367046.70612,6.043261978067021,6.071857935229805
722402.692875,4367956.13727,6.668342266908334,6.461181564375834
723238.6412,4367394.51694,2.71482559498697,2.7487799430118636
722078.258276,4367293.18459,7.404278494773064,7.319633274556976
723277.83716,4366793.50945,5.193664086530005,5.199447454076113
722195.056957,4366237.56995,0.13063081801729942,0.2610848458548652
723270.093537,4366801.20721,5.204894679420439,5.208212622516472
722341.012304,4367678.69789,5.946413118262152,5.969856957838076
723378.976352,4366146.28234,5.1824331089248235,5.178499833826929
721962.190884,4367323.89983,6.659823143553793,6.720375564276089
722365.005326,4366615.34149,2.966132616723127,2.9625514818050758
722783.281437,4366014.64602,2.1778901871601146,2.1971150239956345
722582.112097,4365999.03298,0.09509523380997573,0.4390480474954464
722318.386173,4366885.00835,4.85564486149671,4.990733533078236
722479.821798,4368256.69653,7.6715890729066105,7.025623549928891
721984.768075,4368233.11057,2.64357507736627,3.4175498323285174
722240.146033,4368086.96203,5.620722077292093,5.735397445856058
722116.792915,4367501.26575,7.766727490946926,7.946044781064874
722086.027127,4367246.95869,7.395306177446715,7.270115913146766
723253.299813,4368342.24808,4.8481898591319945,4.784958446492757
722712.941594,4366916.21788,1.868341584611068,2.2473551503472993
722928.588236,4368126.17278,4.887336123484324,4.884887905016566
722124.676764,4367293.22764,7.477826721219405,7.4090078200862735
723037.105391,4367864.32131,4.867101281943553,4.872380813976859
722752.204537,4366176.45581,2.71418985386778,2.7558514132428447
722689.346376,4367409.35629,4.16505149841204,4.227336035727692
722039.193116,4367840.21862,8.761292054537991,8.913298788711078
723044.777196,4367941.37899,4.9529453764143945,4.844361615007165
722751.758838,4366746.72525,3.7932758626299696,3.58769866369242
722805.783618,4366916.31167,2.1610506456177876,2.1923578891922353
723100.357817,4366223.05221,3.442121706709269,3.528413121711884
722905.563569,4367902.70862,2.9279448691626038,3.1117710064959194
722016.8836,4366545.66074,0.7501062337785686,0.7690240352568107
722371.473119,4368325.93122,3.4304071426672813,4.366041582034908
723346.071308,4368403.98556,5.935343720850653,5.709268520481584
722457.325844,4367316.66121,5.858987846181703,5.885238989275795
721892.285486,4367732.21424,6.361691912904783,6.371740573608465
722905.594951,4367864.18383,4.106929563885423,3.9010948057344237
722619.456617,4367748.317,1.9053094017092838,1.9076409209980836
722294.894946,4367270.27159,6.316866104744507,6.4147973187099225
723471.66682,4366331.3421,4.337320606621489,4.4261105588571645
722309.829439,4368002.27641,7.301652758329296,6.778959284608956
723215.589033,4367209.55883,2.8027481108777406,2.842707251521947
723254.344247,4367124.83783,2.383551381253058,2.312656902126696
723239.080289,4366878.23405,4.27600361612217,4.058534801741587
723177.598234,4366384.97076,5.707728010298465,6.22708830660358
723410.039986,4366015.30092,3.359698495767536,3.216486164460287
723393.382674,4367379.27398,3.1082368187031415,3.1198031844691974
723053.93253,4366223.00379,4.061845227415256,4.080585255190531
722712.349349,4367671.3592,3.447737387869233,3.484157203432289
722132.88683,4366622.82916,1.834591329298242,1.738891759210934
722766.789145,4367309.26343,4.4856762308806575,4.288069687103509
722248.453935,4367301.0495,6.6838008748667965,6.686508392612785
723037.520609,4367363.48131,3.6489543572064087,3.6423511344505672
722039.44162,4367485.78342,7.398662428898351,7.396421803277403
722643.701414,4366407.54311,2.82466723358028,2.9075386033472115
722294.255699,4368140.94666,5.710890750232425,5.724352592475971
721737.881836,4367254.34957,2.701287483044851,2.5514551326725265
723510.509653,4366154.13255,6.966086089807253,6.687918607605507
722713.157812,4366638.80079,2.5587410514633167,2.5797124870941706
722434.793524,4366407.339,1.793583045571091,1.776780090401186
722449.745393,4367108.60287,5.275118970453882,5.513641287526603
722651.426928,4366422.9635,2.366246911939145,2.588134483055429
722527.786254,4366214.76715,0.2861660970834563,0.302318297233161
723277.948705,4366662.50545,6.635392987698477,6.683122212662168
723423.799905,4367980.313,4.7009318260456245,4.61542977914792
722674.805102,4366207.20503,2.4837855384729495,2.5465376051936754
722116.672549,4367670.78002,8.78297919424817,8.763327728763565
722302.665191,4367224.04568,6.382927012787397,6.441992783391083
722194.332168,4367254.76534,6.248448818877079,6.248336889968661
722395.976441,4366584.54643,2.730648720168084,2.6998920199391425
723308.58689,4367024.72106,2.7309035936878816,2.7517743529319065
722302.653971,4367239.45682,6.367242961987273,6.3865978077855186
723408.192573,4368134.39235,3.6788709300667435,3.614588452117338
723415.75805,4368327.01716,4.862228100245036,4.859211738886235
723517.322812,4367202.18217,4.716325801926614,4.3062897078815805
723447.889368,4366978.63773,3.737154444787041,3.2711973131138476
722201.389515,4368194.79039,5.2191268167659,5.183911720044045
722442.798803,4366045.13839,0.6946399851495493,0.6579288419880538
722094.314267,4366460.96278,0.06569073431122065,0.16192809833338428
723122.018581,4368080.14824,4.673855217446638,4.596660606922316
723524.310537,4368042.06383,3.7216962215433287,3.672531676256732
722743.573722,4367316.94543,4.035930457351797,4.043001445535188
721784.387412,4367123.39612,1.8643334340208713,1.8558145089627327
723338.369642,4368365.45457,5.526229210597017,5.378521594471472
723223.417133,4367101.68734,2.5679934411253806,2.6097813483252508
723037.431307,4367471.35723,4.323475877026117,4.401831659375315
723446.9187,4368080.5018,3.510345481059024,3.592812235554673
722937.359927,4366854.79882,2.5325812181061043,2.48069701347608
721753.114953,4367616.51313,4.436719355768565,4.472266354366252
723137.346488,4368249.6681,4.35981449315584,4.399715239295134
723084.88277,4366223.03607,3.5798919047084934,3.6719304040399874
722148.437001,4366514.95672,0.9322345229845689,0.972531482225074
722179.331194,4366592.04764,1.5775883171987146,1.5291522277464442
722240.370836,4367778.76755,7.1731764991847955,7.0994809462261115
722999.707189,4366300.01315,3.7126277255302633,3.7160498066763754
722357.734727,4365975.69621,0.082950558680994,0.030869502152840334
723532.425366,4367618.29455,3.411205260221839,3.9363103758477656
722582.018918,4366122.34054,1.3957634717493015,1.3617787903131169
723099.841548,4366847.2622,3.283116793542176,3.2922063565347632
722031.235219,4368156.10761,0.9399475727657451,1.0233957340035627
722883.411385,4366592.73587,4.226982108932606,4.283361149466908
723185.32275,4366400.39188,3.9417926823680767,3.9373676379507234
722069.874692,4368210.07576,1.6993450523958138,1.672541047857522
722828.229692,4367871.8089,4.251573460266857,4.211297117120208
722806.003152,4366638.89427,2.606106938739755,2.6738639933166453
723277.57398,4367101.74558,2.0388227310344655,2.3129094738981593
723370.867388,4366577.83715,6.9206466616257325,6.9782804269934875
723300.645111,4367263.58977,2.769133275155812,2.770152798088611
723176.227548,4368010.86293,5.2671476808988755,5.279021416050809
723037.130992,4367833.50135,4.610376130069947,4.565504663963509
723370.420961,4367094.14046,2.976314477213612,3.0804824162006894
723439.217015,4368041.9691,4.071785102329966,3.5600847059248917
723355.114026,4366901.47712,6.354624318290155,6.2372326320150355
723153.105049,4367910.67432,5.4340273202195135,5.493490415750014
722929.385949,4367147.61228,3.3808370322486887,3.2773643389801257
722689.611105,4367070.31096,2.324577111204765,4.963772085905249
723099.675129,4367047.61539,5.238489894690279,5.1189917589870895
723370.287221,4367248.25422,4.049969083179588,4.030594298770175
722619.312883,4367933.23649,3.6456627378322484,3.6687578219486867
721931.145109,4367470.27368,7.334247330542544,7.3174368072641425
722704.879495,4367332.3174,5.301969366781714,6.585882970492767
722998.781468,4367432.78973,3.9686107626571703,4.0166918331091885
722155.759522,4367100.61704,6.4627684030629275,6.541429915528482
722673.813513,4367486.39443,3.108698284042002,3.1448594712693256
723029.126037,4368157.09714,4.087082130094745,4.169079918852812
722643.029928,4367278.3168,7.390239484230525,7.549105093726653
723207.708694,4367379.07277,2.9450685225454927,2.934883325039289
723076.840755,4366592.93613,11.398061528032246,8.75177726402739
722086.065078,4367193.01988,7.032243945966353,6.699700858360048
722496.841907,4366207.03047,0.26907860688677415,0.3500318260868838
723478.435712,4367433.30592,1.7342440659427723,1.84566640538795
722411.148178,4366992.97922,5.334273864075829,5.259360820515813
721962.217384,4367285.37259,6.725884051596683,6.91269838224444
723369.554664,4368088.12115,3.038957964160113,3.045034215812431
722481.601589,4365891.03949,0.16402384164299053,0.17762764619641033
722441.42997,4367879.12609,6.189971792639108,6.14491449392134
723162.117058,4366392.66086,9.943520471648988,10.966534356838167
722294.426104,4367909.80344,6.5580360852581885,6.7723236819517005
723464.050234,4366192.61503,5.6382781500504535,5.605577596618717
722643.375463,4366831.38307,2.593156093858721,2.661015932289797
723555.516573,4367749.30888,3.845814816750107,3.894307080326158
723029.145258,4368133.98303,4.265902161013781,4.3185678901844495
722604.03827,4367678.95562,3.603934652813717,3.6348223526458323
722805.734756,4366977.95864,2.4382237710019234,2.4710928364176334
722093.426196,4367724.69394,10.223546641595863,10.135764178800402
723060.178076,4368026.14884,5.124537001954616,5.099295521939052
723432.972834,4366339.00635,5.064607292832486,5.0253671003747105
722318.155198,4367200.94377,6.34320021388205,6.3481878459094885
722976.21366,4366646.77481,3.6523429246967813,3.661350990486832
721869.494854,4367115.76634,5.023524759159194,4.726361159963756
723432.912535,4366408.36463,5.053796039016135,4.964759036050314
722427.027733,4366445.86333,1.9089368770574575,1.8091614660125932
722998.699072,4367532.95939,6.083699345109823,5.883412353270375
722171.304105,4367000.45711,5.24558980534364,5.103201109116608
722735.197279,4368125.97354,5.404982510975571,5.5079174257339485
722077.560931,4368279.42394,1.274946017606668,1.5204683412607667
723400.273521,4368342.40913,5.000966625262115,5.102560481350704
722402.779558,4367840.56363,5.981364068299938,5.956069107548604
723277.382654,4367325.20921,2.9160687249269355,2.898966956811838
722403.044569,4367486.12728,11.606862379174343,11.315353752825393
722218.252965,4366260.71111,0.7030791840154308,0.7235404993372061
722504.08203,4366869.77563,2.9110955173942323,2.950676597510198
723532.528494,4367502.71475,3.116385461756452,3.1170468648881284
722951.757186,4368172.42516,4.937551785248154,4.86692438490931
722093.714789,4367316.31536,7.6560335168319416,7.552297609043166
722742.859307,4368218.43733,5.875349764365804,5.331748849234989
722309.64128,4368256.53061,5.80757802984361,5.723205473896088
723394.198957,4366439.14823,5.117695234896396,5.457389444074896
722504.492928,4366322.63575,1.0540943617338294,1.2151626843186283
723470.419898,4367749.21403,4.378241944815844,4.323687999504385
723176.05696,4368211.18643,4.606922930502104,4.619470057266646
723400.477174,4368111.26954,3.3514690626173826,3.3615731884155453
723277.468453,4367225.03664,2.6743595666955255,2.70758946992204
722828.341231,4367733.11832,0.6446665013188703,0.4083038757186357
723145.238775,4368064.7635,4.083822442044572,4.149785766422496
723131.065141,4366515.93028,3.6827434687086673,3.661425638228047
722526.695294,4367655.76347,5.127860937367515,5.119246068515053
723191.974502,4367687.26911,4.7515021948060605,4.893877832660434
722116.678043,4367663.07493,9.084950262785622,10.179383389942075
722101.717023,4366938.74593,4.079724075846236,4.099230267656451
722419.557429,4366083.64971,0.328540791412777,0.6477650762671537
721613.920464,4367531.63404,2.8567135872792475,2.913929876361715
722303.147529,4366561.33921,2.407335985763136,2.349245740574933
722326.134279,4366869.60383,4.659106792910883,4.720834282508828
722441.453212,4367848.30635,6.085409786874378,6.034686171611117
722380.953597,4365968.01149,0.0,0.0
721962.137839,4367400.95388,7.13783891082641,7.134376327296458
722534.877562,4367070.15748,3.941631102174393,3.745836017021168
723284.615072,4367910.81613,7.35167413914596,7.353428298355515
723013.654775,4368157.08079,4.314568961206739,4.2946616834983224
721907.999523,4367377.78863,7.082459992444928,7.101693646173032
723006.460747,4367502.14625,5.421086285564524,5.2949319807384665
722156.223143,4366445.60739,0.8936046420012144,0.8348378744158427
722202.383166,4366815.54527,3.5487815619886445,3.5633427677858425
722387.806752,4367170.18815,6.179418682417903,6.21551441504762
722365.393907,4366083.59803,0.05542365349313756,0.06054955532475845
722108.985665,4367601.4265,8.241225426574225,8.21942276625871
722450.633246,4365914.13032,0.1297136340161048,0.1190339028767209
723199.494028,4367941.5439,5.273795936439419,5.330387960443599
721985.628446,4366992.57999,4.694219323142352,4.867279143265318
722735.26463,4368041.22132,4.448885959638119,4.50465070305323
723200.635748,4366593.06675,5.356186831342416,5.626170553728772
722750.834095,4367917.95947,4.503716274790572,4.431754408830924
722874.244366,4368364.95907,3.98858707588805,3.9606562605148565
722667.197706,4366037.65057,1.4419224126861425,1.4729317614371455
723137.945027,4367540.81167,3.733701245219197,3.675587670159323
722334.202823,4366414.94911,1.8087444613876011,1.799049963693879
722557.562691,4367755.96045,4.126131446330866,4.058803241361323
722543.463913,4365945.04751,0.8319389075838659,0.8028989737337391
723432.260684,4367155.85406,2.773047940062519,2.6348279262716914
721922.926866,4368171.41718,11.500590316359805,11.660457082891401
723160.964956,4367764.28724,8.14237605008567,8.074426561961825
722364.591377,4367177.87149,6.306893913791063,6.24837759509713
722140.083838,4367385.7074,7.393531873034181,7.18966609496019
722982.705946,4368164.75292,4.774254224935556,4.759935936877968
722968.670054,4366407.87169,0.6521375174349269,0.6423150939126844
722596.373686,4367586.48575,4.532954980266931,4.66225795985583
722543.382938,4366052.94248,0.47785139789701897,0.46056088900364
722735.746229,4367432.5193,3.5438760642513896,3.6198244902249446
723469.940782,4368288.55443,4.824986173889677,4.8322246210928
722241.531359,4366168.25421,0.47941660984463297,0.39161525652418244
723246.705891,4367009.24271,2.512359456866729,2.5251097545667927
723377.741991,4367571.89184,2.4959005905664218,2.4927108932854236
723154.231891,4366569.89882,6.293436207231038,6.153324094373474
722373.007746,4366253.15073,0.8349660355695597,0.8795972685720652
722441.806789,4367378.28973,6.366823238198445,6.930384844448377
723361.528565,4368419.41149,5.764753123081773,5.679015576898913
722603.889107,4367871.58165,3.503439081923333,3.7980542452288506
722534.454902,4367624.9504,5.054570854516315,5.040455810105366
723122.0836,4368003.10014,5.283767742678118,5.196803405030187
722489.305109,4365937.28814,0.26213522704604203,0.2601620555950176
723439.39408,4367841.64072,5.021007570570468,4.925964766455616
723114.107335,4368288.16629,4.398379838240405,4.360193991170745
722209.326555,4367917.42712,5.970778642039997,6.272179567939172
723609.815157,4367587.56009,3.67106083599067,3.6238419170571268
722280.130449,4366291.59517,0.9759697610161737,0.9806207416718409
722387.640868,4367393.64802,6.618546328933332,7.535331984167401
721992.906599,4367655.25521,7.442262920589865,7.3443805130761
722433.577871,4368033.21561,6.747571191306861,6.850475951353938
722248.981922,4366568.99429,1.6083115407045316,1.7323679687973947
722109.502513,4366869.40036,3.1958977285660444,3.25076107686553
722418.401665,4367640.24704,5.428605535291969,5.429311302189379
722952.896177,4366777.75472,2.725798236639631,2.691232606889718
723323.980809,4367117.20722,2.7417792872243365,2.7200072410536777
723417.217107,4366662.65627,3.993040918512486,4.00742492200427
722442.020275,4367093.18393,5.395558923251155,5.439049713532585
722364.619823,4367139.34332,6.3080880683653255,6.331608734706721
722588.262151,4368071.89233,6.008795383895534,6.151946096932576
723121.907969,4368211.12844,4.327639260016673,4.367582779510936
722551.190143,4365960.46866,1.0310907281598831,0.9728284328623421
722488.573581,4366915.99589,3.3094509026797154,3.2826804042952342
722790.498592,4366677.40944,4.76402389038697,4.441637560633917
722272.503605,4366137.45682,0.01476689234639313,0.019677340073042917
721706.774449,4367500.89424,4.961691096754838,4.976368054755636
723500.972475,4368188.4285,2.691502455815755,3.5157340208617254
723439.733541,4367456.37953,3.1204678622927915,3.613800033488392
722357.211703,4366692.39537,3.0120590937741762,3.0248809522643034
723083.611195,4367756.49985,2.6248733240917477,2.525362164758064
722055.4411,4366730.64301,1.137292099639685,1.156158144625514
723292.908532,4367263.58138,2.7678714107861007,2.7881811328204824
723338.342618,4368396.2726,5.4556821438909555,5.6134789057918635
722209.744098,4367339.54026,6.807274303443085,6.923876332692476
722371.692255,4368033.15535,7.018495779772442,6.92444846738374
722851.605185,4367663.79603,5.082131049552111,4.59549613963092
722820.115239,4368341.78957,4.725942901168704,4.755546910224652
722874.869517,4367594.47308,4.653072157391585,4.304014488325891
723486.485163,4367078.85625,7.265055613889681,6.352511540689188
722387.105922,4368110.21771,5.897811334861413,5.86217878570663
722650.586771,4367509.48714,3.1317567394673778,3.1696154966732535
723454.988636,4367702.96597,4.3793714673126365,4.379036743938848
723199.224198,4368257.43924,4.679793289564471,4.670359316850175
722597.071825,4366677.21616,2.547616832200392,2.3287878468099437
722999.663337,4366353.95856,3.6751595869037517,3.5880894950190467
723145.895178,4367286.54049,3.1660427100652093,3.1678095083083293
722318.68347,4366476.5851,2.153695669087252,2.1754840545620797
721799.809267,4367200.46572,4.035639997717913,4.16666434920203
722596.296259,4367686.65308,3.5686289957793216,3.4383240300946736
723353.948478,4368242.1984,4.6469082577173415,4.6479610126947035
722767.643565,4366222.71089,3.0373702463998082,3.0283056175393774
722983.768872,4366870.25884,3.119228696093147,3.083060934090786
722264.2227,4366892.66276,5.393558021852718,5.35001964466538
722062.166525,4368171.54562,1.3512956406609848,1.3188105322964503
723075.791437,4367856.65723,5.217609886519019,5.219514986251183
722898.959808,4366500.27645,1.426554405050567,1.4516417916137585
723478.809519,4367009.49532,7.583033893614624,7.257918842562271
722093.953248,4366977.26782,4.568906188646563,4.607455203359571
722922.35102,4366276.81387,3.661088645037225,3.671920906587048
722425.650093,4368287.46149,8.78439956109359,8.435937965209558
721761.142069,4367177.31475,1.2615982432855601,1.627183521694633
723547.946054,4367564.37481,3.14387179156085,2.664951863650653
722364.829858,4366854.22903,4.552544270462466,4.635770697316428
723300.896422,4366970.77174,3.7719114985924107,3.6934311602273406
723300.598695,4367317.52877,2.927444547634311,2.8443475470925637
722627.407927,4367470.93726,3.803215737544676,3.881526791803266
723331.724194,4367109.50992,2.776371875475418,2.7833808584136426
722797.630679,4367440.28748,3.3851612260034316,3.41132660040714
722125.155124,4366615.11586,1.6828829160201562,1.6428123545795092
722503.878531,4367139.47838,4.863164111224152,4.872191905186444
723432.879128,4366446.89677,4.7880666384921895,4.816476479508858
723254.972247,4366385.05307,4.727846854450931,4.618530684650048
723168.890045,4367540.84465,3.3661851711143984,3.464654382107982
722835.971854,4367864.11193,4.209748811846861,4.252749237017654
722294.855586,4367324.20998,6.086926332406515,6.02034563626915
721877.137696,4367254.47355,6.150147660902806,6.135179885868095
723317.212808,4365984.37336,5.727123404261578,4.953258219521701
722975.648215,4367340.30017,3.72982870657727,3.729821454704309
722171.501206,4366723.04436,2.527459510681112,2.5209098540677513
722070.974021,4366645.89045,1.405926000323758,1.3927151821442432
721830.61045,4367416.24585,6.879048225476897,6.822894093800168
722735.160508,4368172.20162,5.683749894270712,5.593459546827989
722449.456304,4367493.87771,8.850686681407632,8.651654319377105
723262.500589,4366631.66405,6.60834831042348,6.5984197715134965
722821.775922,4366261.29835,3.6062260138460362,3.5546809929725804
722325.602722,4367593.9263,7.41466964008584,7.438514720215273
722929.085451,4367517.47623,3.344014444967412,3.363889068857543
723586.862503,4367302.4329,2.8735725569162907,2.9768135580368416
722411.211121,4366908.21499,4.561935157433399,4.415869089317316
723230.773436,4367548.61634,3.876247676800731,3.8868081104518764
723192.052976,4367594.80649,3.9858440597429152,4.027221120254399
722611.828085,4367609.61683,4.4696690196931685,4.341832931273453
722759.289842,4367008.73491,2.5211988552480316,2.565049651971731
722867.486879,4367155.25422,3.337043413754247,3.2848142057876877
722612.516387,4366715.76192,4.978956709879318,5.174124805404419
721768.954987,4367061.73714,2.0470521641846195,1.8747810960458846
723332.194539,4366562.38268,6.146210490183408,6.129808531657858
722759.652995,4366546.3728,3.597222149910445,3.5276081795845733
722681.898423,4367039.4802,2.4644028400964793,3.267193065045978
722357.132579,4366800.27987,5.713472570898625,5.598085758586449
722318.945836,4366114.38062,0.04510073794183191,0.05938264469347796
723409.867018,4366215.67586,5.304002584218888,5.319321819257719
723099.611001,4367124.67296,4.031315803963171,3.934645772268235
721520.945013,4367755.0018,4.974083912895547,4.662503480575399
722775.00626,4366700.51212,4.678631835743693,4.694115385528631
722735.037848,4368326.29337,2.719521230829812,3.0737961192965413
722147.418047,4367948.1881,8.038847003416267,9.098195186696879
723237.968181,4368180.43454,4.686635056622689,4.689446092643352
722287.091009,4367362.7299,5.654317292561935,5.623327640244166
721799.665313,4367416.21816,6.216564045371795,6.288779061329175
723084.080066,4367194.00779,3.6465664327726284,3.6459419899561305
723563.542764,4367425.69519,3.085381685021484,3.0870092977010333
722960.489281,4366954.99979,3.0515991136699228,3.013504334736268
723386.235181,4366701.15342,7.479827237903093,7.429687344939215
723161.640092,4366962.91668,2.9472790934809687,2.989195785288869
722441.395048,4367925.35558,6.591147714091219,6.589450926622451
723625.517293,4367333.29861,2.8379893281920343,2.910686257077071
723154.135451,4366685.49191,4.570100343220826,4.684546559523538
722751.528811,4367039.5502,2.5481235015220096,2.5696527866161154
722456.603685,4368272.08283,8.158479439959873,7.964036987234858
722117.103644,4367062.05263,7.218971403792418,7.040726138244066
723424.793146,4366847.61121,4.6085041081117115,4.837828919312856
722868.145747,4366330.7041,3.9870705303559135,3.8518588454646525
723037.047735,4367933.66592,5.06767308465024,4.969182473898865
722565.847795,4367039.3649,3.022366948344259,3.2697541873134255
723153.948522,4366908.96716,2.758760980865631,2.7870528464121733
723524.296705,4368057.47345,3.610001989086499,3.598519691956367
722209.982148,4367008.19919,5.198666147668722,5.113699787587156
722170.647532,4367917.39062,7.95865013671463,8.531991593472043
722342.108297,4366183.76224,3.5695650067584395,3.4969928635880017
722425.63848,4368302.87055,8.860884699917486,8.75944669869773
723384.951716,4368172.89042,4.2206566290646785,4.165467570488499
722960.395237,4367070.58708,3.5322903796496017,3.4865825952352707
722883.220116,4366831.62515,2.239804447303936,2.2090409680164385
722688.5887,4368372.47305,0.0,0.25831755469009765
723477.669389,4368296.26763,4.862486628554927,4.873832435817751
722874.357272,4368226.27716,5.250011331929341,5.124748218044909
723238.962578,4367016.94028,2.562703998070756,2.5716519760339156
722937.664813,4366477.19718,0.8323261229765863,0.9479559695007685
722565.16223,4367933.18244,4.9717279197857565,4.918356088246404
721583.128755,4367292.74205,1.3441376380808465,1.3700807920136102
722588.910147,4367232.0296,5.96419540329167,5.979419144820715
723469.823981,4368419.53148,4.774351173051766,4.702242052136735
722874.813482,4367663.8199,5.264598176271412,4.955805083527233
723030.354567,4366669.9496,3.1948361082220735,3.1703259367006975
723084.252833,4366985.95256,3.661153277114699,3.996734258179459
722472.139159,4368187.34757,6.4795827457893385,6.2184337021037654
722441.336833,4368002.40398,6.893054150551201,6.769776480226705
723501.288697,4367834.00436,5.228356508257899,5.1998984513267015
723392.45652,4368434.85454,4.388052555575606,4.607516931994836
723308.785114,4366793.54277,5.132088567720796,5.158916832948101
723579.153612,4367271.6019,3.394294354093968,3.382244533463554
722558.596595,4366399.75292,2.1534665714554957,2.169078966056292
721822.900048,4367377.71211,6.270297154066195,6.292643905676186
723432.375264,4367024.85594,1.900245978568441,2.1884005907743385
722851.970396,4367209.17785,3.557753109885497,3.698761881250725
722139.488729,4368217.84564,3.614132671323571,3.535021183409806
723462.342238,4368134.45238,3.997268548865768,3.8533608749399746
723208.521991,4366415.82929,3.8201262589578047,3.841898903059335
722851.424964,4367887.24268,3.8675019564602873,4.017546773149684
721938.807229,4367578.15411,7.432322660960411,7.374845604528189
723293.179385,4366947.6457,4.206295612279018,4.066192836833081
722526.736503,4367601.82725,5.059540599616296,5.060711955225235
723262.742317,4366346.52898,5.308972329318866,5.194180231375825
722920.637837,4368388.1208,2.9055512008198128,2.8133892299833083
722008.80659,4367038.83569,5.366836504965086,5.397401485292951
723308.923524,4366631.7139,7.234817034786223,7.1974176716150255
722124.807648,4367108.29394,5.730157264755341,5.884102232602898
723355.379718,4366593.23289,7.151166968516744,7.265989027274825
723023.113994,4366061.13139,3.7746868307762815,3.8479092980871523
722619.838427,4367255.177,7.0092664729951935,6.924362160092698
723579.05696,4367379.47962,2.910388796404243,2.9371387964175937
722603.631662,4368202.88739,6.530152729835029,6.442889459595648
723246.226122,4367571.74885,4.150044930281143,4.0757483440136175
722333.548893,4367308.83608,6.031515097986295,5.9961715419327595
722101.749507,4366892.51083,3.5006637497394597,3.4621190563348603
722953.307234,4366269.13912,3.8401672042661525,3.8151006963646337
722209.415916,4367794.14815,8.684194449837088,8.496549005687221
722650.61675,4367470.9605,3.4344089454641535,3.44924909638287
723068.293244,4367571.55902,4.616184938032837,4.5672560324522555
722604.377244,4367239.75052,5.909171191906795,5.84403523275523
722890.010394,4368002.8561,5.072933674098849,5.06106207098796
722287.561741,4366715.44734,3.8741175112473494,3.8890786472596357
722404.065192,4366106.75497,1.0837751044543344,1.0594063445522148
722975.559872,4367448.17635,4.053454214071422,4.06184027729062
722480.261239,4367678.83328,5.118953636833388,5.089771287450879
722860.536741,4366168.85842,3.1455885811187274,3.153028124875493
723424.685569,4366970.90643,4.338579393273226,4.376597494710705
722549.39357,4368318.40183,5.7761449114511425,5.963413489034984
723462.383321,4368088.22369,3.7051727231655476,3.582099108428148
722078.241984,4367316.30099,7.583388600611231,7.5384673362585035
721846.025852,4367501.01797,6.87575583667324,6.915639758467224
722202.553556,4366576.65697,1.3592603900652964,1.4398951239917506
722759.295851,4367001.02905,2.487745407362411,2.4757280730070006
722380.570104,4366492.05668,2.2653672033740184,2.2399753256683326
722024.535774,4366668.96622,1.1224114294096985,1.164520754720032
723138.853621,4366454.28758,3.752354524435614,3.749982183257371
722828.055947,4368087.54493,4.991962761326527,4.981607945396713
721985.197312,4367616.7224,5.945025452170216,5.953690362408675
721861.393865,4367655.13556,6.362305148211283,6.297194683336507
722975.730139,4367240.12807,3.3548576301077557,3.3329373636482598
723363.672607,4365945.88894,0.0,0.027247408866293545
721598.621198,4367261.93354,1.2909175465013862,1.2755009561257857
722488.770285,4366653.99167,2.487755025231083,2.453046066155081
723138.307153,4367109.30241,4.819854848596016,4.581167703183034
722419.580081,4366052.82292,0.4198001547051375,0.3971097756187621
722843.949634,4367563.62021,4.493292428724309,4.496210206929222
722635.98179,4366384.41625,2.8471159161318735,2.885547304311004
722743.342483,4367609.74905,3.273273482028931,3.3032249338976527
722395.583344,4367116.25613,6.193295728052006,6.20124089624513
721784.407839,4367092.57351,1.9885685977959506,1.9249469811074829
723378.184453,4367063.32575,3.088489410746645,3.3860505906561342
722256.184797,4367308.7623,6.55968189494527,6.605946109994856
722829.196186,4366662.03636,2.5480977256339687,3.04706229576887
722040.105737,4366530.2695,0.7974044112595612,0.7843224269796362
723617.641858,4367487.39929,2.951087192402795,2.97254838567972
723192.092222,4367548.57481,3.5749544756472487,3.560407215759643
722890.466592,4367440.38273,3.5132173766443557,3.5389904197186475
723107.527311,4366908.91805,3.224248897121389,3.208258334079847
722441.290252,4368064.0422,7.973430877289118,7.95717530272478
722247.864754,4368110.08352,5.568344318650894,6.006856433882216
722326.73358,4366045.02777,0.0,0.00042311245850809777
722967.482212,4367864.24824,4.029282586525996,3.758209580497066
722566.601806,4366045.25839,0.0,0.23798850241078695
723494.960235,4366238.88874,4.523015105352225,4.498012356995136
723309.180042,4366331.16575,6.206075567228061,6.152004179626148
723284.794489,4367702.77955,5.59554980669008,5.553680038155144
722039.565409,4367308.55984,7.345961894584531,7.321935319117814
722116.956697,4367270.10402,7.403180518885514,7.353393396264229
722943.939168,4368272.57728,3.7489013248677674,3.853347332980881
722890.913657,4366885.57487,2.063394846631373,2.1050112920469375
722248.882269,4366707.70475,4.800814161629509,4.530937656934816
722510.751926,4368272.13621,6.949949614464819,6.980378100501166
721961.593784,4368186.86176,2.8108967539310536,2.9522039931523327
723006.110792,4367925.92839,4.952429089224105,4.764153779318682
723076.445735,4367070.7083,4.705385283955312,4.634489638662374
723037.386693,4367525.29468,5.388103920886439,5.159891351565093
722758.422579,4368102.88301,5.1601977507003625,5.119574333297698
723501.583301,4367502.68033,1.3344010849098555,1.7707691461930806
721714.622013,4367331.38374,4.117902013180712,4.160167678966047
722458.068485,4366322.59085,0.5442708600839832,0.5377884160493159
723216.492322,4366138.40147,6.03580736041705,5.902249059476835
722263.965931,4367247.1256,6.547580307867935,6.505606754066291
722642.399839,4368087.35605,5.897295047671127,5.878475675557024
721985.373376,4367362.44818,7.1044048910355055,7.141389036966465
721683.631328,4367400.70501,4.396475884958178,4.499364839384602
723424.449882,4367240.60788,6.275073387648505,5.6521513435358
722728.985829,4366184.1392,2.6839378097481803,2.6810738300534736
723393.153746,4367641.25617,3.93059402080163,3.82715238670873
723401.568875,4366862.99781,8.013158060909213,7.414131508792203
722450.41678,4366206.98558,2.124579687615142,2.1177657929479787
723408.335031,4367972.59102,4.400574251156515,4.409310086251538
722363.73774,4368325.92368,3.1294848065297747,3.7756031462839434
721946.929139,4367015.66211,5.669808216559131,5.586777893046064
723347.509959,4366747.34815,6.2641009383532165,6.343800541239349
721892.437739,4367508.76502,7.180503006824059,7.180690278268524
722186.650826,4367177.7024,6.562361048442425,6.374008157730545
722828.576001,4367440.31908,3.3342680815703765,3.355523782158266
723324.996513,4365930.43349,4.30908254420172,0.8904991470445162
722225.853081,4366453.37859,1.2317335107373655,1.2548597248169617
722651.757651,4365991.39459,1.0808027983200672,0.8606293608834092
722363.89329,4368117.89986,6.002889627816436,6.015511757029144
722806.15524,4366446.23758,5.645248796548873,5.54536329937921
723487.242879,4366215.76036,4.821629922438043,4.9258556836668665
723293.133176,4367001.58687,2.6704674076015094,2.726511917888818
723185.032061,4366747.17371,5.3994637779318175,5.302154860074642
722705.414723,4366646.49925,2.4963297398665465,2.632903636967932
723029.074709,4368218.7344,3.884864517700975,3.904519043206705
722782.54877,4366947.11166,2.259487223182958,2.2603611927537246
723315.672095,4367779.86443,7.037698431647381,6.827549087607739
722519.456772,4367000.79042,3.3095474660811797,3.3688365755215557
722418.45369,4367570.90031,5.909493967579414,5.958439535155644
722232.438457,4368048.43099,5.312845252675542,5.544450415911803
723425.388862,4366161.74608,5.637600282666483,5.516015181028836
721784.274801,4367292.91805,4.0109840143061914,4.02119736215986
722712.881392,4366993.27647,13.686354844958721,5.436225714548555
722643.553498,4366600.20047,3.0975579067597074,4.001459510902379
721606.332929,4367300.46755,1.639154121960564,1.5742426725250072
722829.391618,4366415.43559,4.78012766497592,4.972984177707463
723402.162714,4366177.13425,5.275635257644171,5.274718767091316
722426.368658,4367332.04201,5.177882702898923,5.462680825322409
722325.772834,4367362.76679,5.608394277943606,5.353911148205446
722434.283665,4367093.17641,5.528649451069533,5.583520436726164
721614.123764,4367215.71396,0.6412004618963482,0.6727671598131261
721683.545772,4367531.69478,4.146785626945718,4.183932880387905
722975.736456,4367232.42242,3.3237472873879033,3.3163203261116503
722890.204422,4367764.00243,5.595840266323961,5.448664655294386
722651.076701,4366877.62647,4.603243903377848,4.672572009487485
722008.400182,4367624.44888,7.347511525584897,7.565927737058397
722178.422226,4367863.46361,9.721810132461146,9.759525464931656
721675.910113,4367377.58216,4.529921504487912,4.6176545799124655
723540.532624,4367202.20802,3.2818903229291747,3.2353623643765874
722859.892186,4366978.01382,3.2293509840942924,3.0834322653810435
723424.254051,4367464.06784,3.1584942220170036,3.2474400392202694
721838.258515,4367547.24249,6.383185541097288,6.365636120826334
723409.893633,4366184.84931,5.297322397354352,5.284891993813427
723555.640859,4367610.61521,1.38471350243252,2.0220306988780203
722031.689232,4367508.89216,7.3279864827520935,7.3747927054811315
723276.885799,4367903.10278,7.454655352015827,7.413112132435793
722495.89124,4367470.80717,7.702440887316566,8.916883524559157
721869.098456,4367701.37305,6.258776101541878,6.3796089939025915
722071.113271,4366445.52886,0.0,0.08500913330431722
722875.415265,4366916.3827,2.2979525424333422,2.353121779736328
723284.481885,4368064.91371,4.602759547511548,4.365295849238358
723299.712525,4368342.29866,4.8904019153020775,4.862488971467743
722713.379333,4366353.66739,3.3274909465896307,3.338038406505361
723075.894398,4367733.37633,2.743583407029752,2.85057829691715
722558.175626,4366954.59342,2.177399675857863,2.3281971734844804
722681.622058,4367393.93765,4.649489693668796,4.709717260874093
723154.488686,4366261.64211,4.760570690819123,5.069029116417959
722843.35899,4368295.58636,3.88231501307351,3.976504731472919
721923.656129,4367108.10946,7.313786661445364,7.2927306216556635
722558.759545,4366183.97093,1.5143348650210582,1.5113632752256492
721722.42925,4367223.51392,0.0,0.23185516917676666
722465.149249,4367201.08563,5.838430613683063,5.740677981994848
721567.528156,4367493.06779,1.577853000944554,1.7740220971185927
721683.434809,4367701.20772,6.912707688109462,6.603439179440177
721861.638803,4367292.98712,6.2602283997112895,6.241126104525243
723270.50583,4366315.7112,4.384631672046501,4.4725303133095204
722487.521976,4368302.93146,7.653128920493122,7.657375660397372
721598.52739,4367408.33631,2.2055669507642093,2.171939754542179
722395.2509,4367563.17253,6.354721266406364,6.433819300076012
723455.605919,4367001.76387,2.6798554092118403,2.5025013009426127
722464.736672,4367748.1639,5.259241023421338,5.34114419081799
723238.325151,4367764.37035,7.842050791235295,7.394296576691953
721699.219803,4367223.49358,0.0,0.5905184068862871
723339.127657,4367494.79622,3.5873792231119452,3.5621469862529116
722743.110472,4367902.54172,4.396217356648289,4.440075127096192
722844.048587,4367440.33497,3.5119266586686315,3.445011243774039
722340.709369,4368087.05856,6.194231739031125,6.196851231734788
722225.416758,4367062.15394,6.248803910588436,6.289186892815734
723346.910678,4367440.86687,3.2899262445616575,3.3187883389225927
722721.230399,4366207.25126,2.740462601003195,2.7546451755478096
722063.156614,4366761.47424,1.7353091487194627,1.6950700134519212
722542.906504,4366684.86903,2.2373905546247417,2.3500334736421697
723030.088922,4366993.60154,3.6108410519494076,3.621509879268993
723470.310583,4367872.49511,4.662301848883585,4.668703989320255
722287.472351,4366838.74337,4.389762997340162,4.55619007592949
722325.93121,4367147.01185,6.517082431025095,6.500827833636195
722063.22625,4366661.29556,1.2938058886421506,1.3414634702944461
723107.501611,4366939.74175,3.2580734023803606,3.2894683613018
722372.815899,4366515.16808,2.4105922113805867,2.4351490749613607
722829.452492,4366338.37123,4.8092051749733455,4.72556827748965
723013.961456,4367787.24668,4.162728206055733,4.258386480357184
723339.964805,4366523.85952,5.314394114246413,5.281739384188183
722541.806655,4368125.77911,7.440939501860654,7.555024186327164
722132.66407,4366938.77462,4.317408925468083,4.275296020290855
722395.726099,4366923.61181,4.798329289079518,4.841015042040817
722658.825494,4366862.22229,7.530655750258678,6.177491699341495
722124.769471,4367162.23336,5.8295879452264066,6.021446356711679
722094.341122,4366422.43118,0.0,0.0004002761217485261
723470.84209,4367271.48151,1.3862851583521434,2.0104526388416124
723401.869669,4366516.22035,2.6269323174169608,2.548819740189279
722046.619163,4368279.39502,1.7076293073973938,1.7107058312177306
722434.799245,4366399.63265,1.763379475509599,1.7595768354976655
722109.831907,4366399.32642,0.0,0.0026347698464633928
723439.087497,4368188.35965,4.340612610710397,4.349941915622378
723060.774536,4367309.56718,3.474039180968037,3.4904588933096803
722465.102851,4367262.73017,5.6878159444303105,5.804266885426621
722913.041323,4368218.61275,4.854257195404774,4.534274183291945
723083.546731,4367833.55035,5.004613336347633,4.993909769574939
722890.098095,4367894.98764,3.132908960134233,3.207351991147864
723493.648663,4367726.12435,4.027249369088825,4.190058274732534
723023.101434,4366076.54483,3.782819700524974,3.781713921852922
723145.921047,4367255.71823,3.174746496498245,3.180036332731346
723022.718355,4366546.64202,3.5015028126023684,2.9253894164604435
722333.859795,4366885.02306,4.821952698110659,4.92296014582148
722922.344825,4366284.52037,3.742382333482169,3.759428980822474
723485.933097,4367703.00026,4.143461691532816,4.207396771296375
722457.879362,4366576.8999,2.4763984382610515,2.4812959089251168
722364.954455,4366684.69672,2.8951046565834857,3.0194859634883082
722898.656723,4366877.87685,2.0859370148664564,2.211154956122348
722527.210967,4366977.68052,2.8894181879100986,2.839291282531377
723301.809055,4365899.58091,5.145545889566075,5.037968316686176
722356.83206,4367208.68639,6.330516938107457,6.3055554142437815
722967.031046,4368411.28276,1.5089195240655233,1.5722972099642682
722744.556885,4366060.84779,2.1382018597294548,2.0970996717491714
722821.836689,4366184.23249,2.9966814682699288,3.012624021219353
721745.557259,4367346.82184,4.107155391441832,4.30747879306962
723077.151515,4366215.32139,3.726504771164371,3.740900184526117
722294.499767,4367809.63923,6.05123326762203,5.913699772295683
723547.607781,4367941.92615,3.996461802041595,4.0069003672940635
722952.161907,4367679.31044,3.5695326907197042,3.52783193660623
722860.622231,4366060.96474,3.3988447601198652,2.7069970415279165
722201.322325,4368287.24502,3.213124677858464,3.4856267637524034
722085.416958,4368109.93007,2.5075637951897027,2.503085421325613
723293.953743,4366038.29624,7.111020445822567,7.059905864967196
723331.956344,4366839.80411,5.311683414140014,5.3152673800777315
721969.63976,4367739.9897,7.006167980423958,7.029873105945068
723440.790561,4366246.53607,5.7737893030561,5.720896895339991
723145.245318,4368057.05865,3.871955414369978,4.090557965508877
723006.072494,4367972.15777,5.127344650177222,5.11679572873017
722983.617949,4367055.19967,3.6518589535452275,3.6522859022770016
723277.606924,4367063.21672,2.502238958378368,2.4941187892176178
721575.367738,4367331.26251,1.5358378225461766,1.4807065571657654
722356.798003,4367254.91973,6.290596242969691,6.251951258085361
723462.465348,4367995.76565,4.083628930526899,4.117304563489713
722232.562008,4367878.92472,7.258117668144747,7.440840027707425
722945.761731,4366030.22451,3.292217605593974,3.3502931589107057
722179.134142,4366869.46512,3.763423921847109,3.7522422804457993
722063.065422,4366892.47515,3.1606565112517506,3.1417482854197356
722417.920508,4368279.7494,8.159545099808685,8.031347828873745
722472.874125,4367216.50431,5.765850329539827,5.739131419479305
723246.993693,4366670.17843,6.021284763437706,6.024070413671072
722380.241059,4366939.0087,5.116501080322133,5.149597666039129
722527.123419,4367093.26702,4.008757285351346,4.080777232465773
722512.201497,4366361.17553,1.7144741521735851,1.676655626512356
722139.963142,4367555.2242,8.824868474745637,8.787828992984359
722340.812401,4367948.3724,6.4253329651899005,6.4351739037826
722883.816964,4366084.10851,3.4006521500006306,3.292059959108589
722659.128696,4366469.2093,4.740852521183391,4.374601190653464
723455.700485,4366893.88107,4.1379752745278005,4.290564694194074
722472.926369,4367147.15379,5.319622387656285,5.242846841519696
723487.047332,4366439.24968,4.765508504595114,4.503098675472327
722139.952121,4367570.63466,9.032056601668879,8.927890704362978
723315.471664,4368011.01363,4.454307359850915,4.441475173116338
722055.307116,4366923.29148,3.6588942321211184,3.6360378158004782
722473.434212,4366469.02716,1.8895155148489309,1.8953980126132874
722395.669037,4367000.67011,5.531360151175933,5.509500670031179
722310.243643,4367439.80587,5.768205937934871,6.371012363222166
722642.52636,4367925.55487,3.9327884337177403,3.9758740751285364
722170.907746,4367555.25321,9.119997776224873,9.054023003505495
722759.168339,4367162.84949,3.319681237228308,3.3977874649314446
722766.667072,4367463.37212,3.325457729152459,3.31645410258586
722526.43002,4368002.48776,6.051104388181829,5.816576523930777
722156.119843,4366592.02607,1.4180280682945234,1.4323584393766997
722991.612557,4366739.26444,2.98269785665094,2.9631900386514958
723355.736951,4366177.08397,5.397624456727065,5.360481658281672
722937.091334,4367186.14855,3.172358379707092,3.1459947725663358
722566.105992,4366700.30401,5.358865215410077,3.938235158163455
722240.672872,4367362.68578,5.891001883841936,6.00020532991366
722982.960341,4367856.55942,4.5347943014716865,4.425289811109221
722936.406064,4368026.01885,4.955139789330501,4.948919685909459
723322.851639,4368419.369,4.843704085183565,4.893943079127326
722836.822995,4366800.75372,2.4870967782992017,2.4338617036192143
722666.842194,4366500.04222,4.711065212478005,4.663993244190465
722542.061155,4367794.47029,4.574618433207989,4.877449970906305
723184.453813,4367432.98604,3.0637205135567167,3.47761896130549
722566.595977,4366052.96517,0.3249069442266064,0.3483916448005954
722821.550668,4366546.43532,2.5506633882808023,2.6239144714439546
723060.576256,4367548.43499,4.938713239068933,4.933758824082179
723416.125174,4367910.96009,4.705062508282693,4.697732707485199
722936.821751,4367517.48427,3.3628289196627614,3.3976683247374173
722906.882209,4366269.09148,3.607162024825154,3.592362161619461
721946.612276,4367477.99305,7.273123851560898,7.263673102975349
722557.444215,4367910.06014,4.9652735604776295,4.979802165162467
722627.753345,4367024.01466,8.82564329024582,8.809463003587984
723402.375153,4365930.51694,0.0,0.009169301062921773
722890.07306,4367925.80732,3.519284712917138,3.5548858247216666
722628.491582,4366060.73258,1.4672657851718252,1.4525220549254183
722171.468456,4366769.28049,2.8980221408663236,2.875180718033534
722767.655639,4366207.29777,2.928157808774994,2.925575441813862
723253.293143,4368349.95265,4.92519128514618,4.820807184560692
722046.912718,4367863.34057,9.164920917216104,9.468806430399296
722047.634579,4366830.81367,2.1648489343135684,2.1978383715875593
722040.084454,4366561.09439,0.9119578437150763,0.9269113084191418
722202.471182,4366692.24897,2.9753526903464524,3.0514168927606606
723518.037452,4366393.0451,5.367804831982943,5.329375511260865
723501.863247,4367186.75369,2.579298476319333,2.7650892222160097
722657.713901,4368287.69225,4.9081514995781115,4.879776810332573
722449.837661,4366985.3109,4.696413736058459,4.664195989631474
722047.543564,4366961.81348,4.274293174357615,4.288193546016247
723431.140243,4368427.19296,5.356315710782616,5.116397862894425
723193.021412,4366446.63856,3.7985037513250948,3.807572510483038
722279.752212,4366815.61817,4.153982485715289,4.174141913932511
722836.275208,4367486.55927,3.272854142954848,3.2477128164987934
722419.483727,4366183.83609,2.4851087648447847,2.4545246059097363
723231.993521,4366107.59106,9.529952118770913,9.017508107039271
721931.261197,4367300.75537,6.706617537073767,6.714683175612139
722821.739421,4366307.53748,4.239664999992447,4.184964331016682
722588.459002,4367817.63142,2.859727827320922,3.2264900651901116
722937.135083,4367132.2089,3.4043634931636193,3.303225480962011
722744.316907,4366369.11126,3.6653809074679806,3.669551625429886
722093.882851,4367077.44248,6.55048413477726,6.770552758412372
723153.787004,4367101.61308,5.05960523169377,5.089697560716774
721737.719225,4367500.92151,5.490503829773797,5.4874795940735765
722991.66905,4366669.90937,3.2606552230465606,3.249196324652024
722271.752847,4367177.78276,6.701840918776712,6.688750807926772
723137.912607,4367579.33814,3.565466255845358,3.5307736944660215
723587.055767,4367086.67384,3.742899005387207,3.6880902034833993
723594.813222,4367063.56504,3.5548485135466783,3.5977704802985624
723433.213289,4366061.56695,5.9312453546523205,4.291866339607451
722519.117675,4367447.71391,9.177216400525856,14.436567948262098
722210.389464,4366437.95149,1.2339603358708988,1.2027859660375173
721907.925961,4367485.66326,7.355127338713802,7.3073962324949955
722666.622,4366785.17018,3.1957784669945166,3.0514113832607377
722279.986092,4366491.96108,1.850562954371645,1.9088606682399967
723006.935382,4366924.22451,2.9454138040308027,2.8747726784162815
723130.059778,4367718.02357,4.371981097025392,4.273113112653958
723293.192528,4366932.23386,4.621671355037855,4.661496941524898
722411.848034,4366045.10871,0.03297477858417151,0.0770899814564673
722396.378309,4366037.38726,0.0,0.0032986129818195387
722023.834634,4367678.39898,7.596846691886006,7.582875098755707
723253.750891,4367818.32255,7.559540133453174,7.417657324807377
721691.38274,4367377.59574,4.803008959260364,4.812324880715731
723363.520829,4366123.14546,5.114629443078646,5.04751121003193
722503.022403,4368264.42402,7.08358951494172,6.998046760991973
722557.456034,4367894.65029,4.739271343573783,4.925597810910911
723160.880089,4367864.45281,5.3107797191996315,5.880937895333327
722124.682239,4367285.52218,7.442036708318708,7.31782949099227
722627.800822,4366962.36815,7.838306747318822,5.67373870266744
723377.256628,4368126.65353,3.2584284940917154,3.2913698770313915
723152.732378,4368349.84407,3.784175050578172,3.8532267541460627
723083.249483,4368187.97324,4.083048011259135,4.091429516762706
723339.640217,4366901.46037,5.926598000510211,5.9712492843644345
723030.012804,4367086.07112,3.95031257515211,3.9601049742851955
722982.769645,4368087.70566,4.801136937302128,4.805612282403189
723331.94314,4366855.21606,5.553111922963585,5.650857788288831
722286.724232,4367863.56656,6.008376044821454,6.279576919260208
723061.360095,4366600.6261,5.818034576663354,10.687099555011633
723293.816443,4366200.13735,6.012958382171342,6.064608795264962
722333.350234,4367578.52331,7.3261790928713255,7.401848473312825
722495.522297,4367956.22815,6.327806238001058,6.423102432175635
721698.977664,4367593.34991,4.33415825140227,4.358441481618037
722998.151572,4368195.58786,4.288654191143276,4.240708353695512
723084.971428,4366115.14283,3.874763062592584,3.8628209836353276
723309.212872,4366292.63309,4.985217557669771,5.351189037844385
722566.398084,4366314.98967,2.1686572255927667,2.1712346389668253
722156.157961,4366538.08263,0.9161564281049694,0.9194920699067236
722518.670637,4368033.29932,6.4644465287887485,6.014142139829583
722874.457529,4368103.0023,4.846737560962584,4.83631633711202
722613.004531,4366076.13078,1.3072860048361812,1.2932502720272199
723362.503939,4367302.1849,3.1282714162181677,3.4126698854211757
723230.812894,4367502.3843,3.5461351092449704,3.5270783169650226
723394.524604,4366061.52492,1.1368854561522481,1.915749313703819
722821.903486,4366099.4592,2.725165573238416,2.7043790195887376
722843.55846,4368049.03704,5.100687765367064,5.094398627192985
722217.196465,4367732.51528,6.859523182644087,7.14561347649559
722820.931988,4367324.72954,3.5843453626181843,3.6926334715118783
722922.313992,4366323.05294,3.8891887114557204,3.8860079618702934
723416.179401,4367849.32012,4.933162574701189,4.812008700977457
723177.77197,4366176.89387,4.514043557455372,4.541565905023801
722604.187177,4367486.32485,4.077981318042944,4.20583254037138
723138.686914,4366654.65089,3.4774923805358804,3.481925375852907
722387.652355,4367378.23718,5.231519248191862,5.482965845977027
723355.040873,4366986.24215,4.83305402684615,4.837624021885745
723083.424115,4367979.94433,4.4145482449068325,4.588568472309884
722464.824057,4367632.5872,4.984540075000546,5.008507801421852
722131.764277,4368202.42916,3.1957234527857143,3.2169276104459343
722689.165277,4367640.51511,3.639821613830621,3.504458993225674
722790.047484,4367247.64263,4.177670142109158,4.145421821631808
722139.704296,4367917.36143,12.731161988561647,10.866689015424347
723037.310042,4367617.75791,3.0297121146487465,3.2004523814580197
722883.009691,4367093.62445,3.068664675126032,3.060432052690626
722789.906601,4367424.86886,3.4707794929178637,3.4583356105110745
722303.035772,4366715.46204,3.5312254892302835,3.5826817148624164
721846.020636,4367508.72327,6.776583299797319,6.821358584139318
722626.934599,4368079.63577,5.861730862326835,5.999014838593271
721598.616321,4367269.63906,1.3483233345267176,1.305096838852139
723091.372979,4367725.68758,2.4440100731521213,2.821719649792724
721977.647658,4367347.03025,6.913804894567516,7.011245311772326
723533.607348,4366285.17088,5.915560919137451,6.038627962754591
723539.934083,4367872.5727,4.1651484465282484,4.079052184621139
723610.224481,4367132.93437,3.7728798256102642,3.7590096598299594
722170.985025,4367447.37929,6.4530870564581155,6.561693816882337
721838.47098,4367231.32232,5.232906914283799,5.220183973649344
722510.76378,4368256.72709,7.038020822605251,7.012435582266519
722612.362768,4366916.11759,1.828282199807057,1.8533446547387185
723409.960176,4366107.78229,5.3149427174754384,5.340496108049719
722589.051976,4367047.0936,6.899572757222053,6.640322789020454
722789.223082,4368280.12152,4.8472538481528735,4.775450907855136
723299.779492,4368265.25292,3.795599539701025,3.8646837239655545
722603.859218,4367910.10631,3.483462383977708,3.443947533659549
723176.378109,4367833.64933,5.4172133622078515,5.439518778526591
721931.298023,4367246.81699,6.50875643447348,6.508590944808548
721637.338125,4367208.02855,0.3062513567217114,0.5931243692203704
723285.77768,4366554.6264,5.595743318207751,5.502183717167362
723153.13766,4367872.14948,5.373161984833014,5.825671761465877
723238.667468,4367363.69508,2.8802271602501617,2.8676065037254803
722518.706064,4367987.07043,6.018283603697425,5.8037208451672555
723293.04076,4367109.46803,2.2040952245000844,2.4824919312894744
722705.796962,4366153.28951,2.390228490399617,2.3956700185032607
722473.203838,4366777.27381,2.809231516149256,2.7984315390915557
723524.455277,4367880.26042,4.138523877756829,4.115547722048971
722372.595151,4366815.7067,4.641099065039704,4.553175346530637
723625.44078,4367418.05917,3.010994203354858,3.027425466372077
722054.664872,4367840.23299,9.349711721006456,10.334114960180221
721737.658056,4367593.38403,4.04228825325846,4.245123957597682
721838.533043,4367138.85553,4.580233729653207,4.566329166142673
722201.896831,4367493.64026,6.803660293111052,6.764353665802469
722806.440213,4366084.03018,2.600707851982277,2.6070068857890636
723146.616633,4366423.47022,5.878125096549672,5.260079009852397
722117.087362,4367085.16971,6.510725404547922,6.453671305816745
722093.877421,4367085.14814,6.2672313622484435,6.527186766108088
722294.278433,4368110.12792,5.765688749346143,6.053037209689212
723238.279001,4367818.3058,7.6874993359778925,7.286904449207973
722333.150842,4367848.20126,3.7079157393106823,4.031355973568739
723547.690698,4367849.46631,4.138265734161681,4.180979856926162
722534.830762,4367131.80309,4.30908254420172,4.4127519821306995
722713.217768,4366561.73872,3.2168617969094946,3.256356890586546
722905.25534,4368280.24146,3.3143883317409606,3.4951175242104533
723424.003571,4367749.16268,4.856677435877293,4.843428659432568
722673.178764,4368295.41243,4.484030036478828,4.575858216490098
723463.28178,4367071.12483,4.480125181798164,3.301239715395882
722070.651411,4367108.24373,5.55040083814244,5.696199454297692
722456.609483,4368264.37823,7.652354874422433,7.8384158454961685
722016.259794,4367447.23554,7.403116656237536,7.44265958919337
722843.651797,4367933.46431,4.600532818556703,4.600494153955219
723076.349847,4367186.29393,3.685260657297396,3.7004197879083165
723322.932363,4368326.91498,4.857000211549911,4.894333200655287
722434.208853,4367193.3499,6.01169998023435,5.892563066287301
722379.583345,4367825.13117,5.8537276414478425,5.871856639870946
722727.296299,4368333.98994,3.01607051443972,3.194817976231347
723099.617433,4367116.96719,4.251734655745793,4.120870669910896
722775.423296,4366168.77247,2.7885773355344057,2.788307515077269
722905.870517,4367525.15751,3.2500697967866166,3.2904268511635686
723500.710296,4368481.20155,2.5392969910847234,2.974460458559026
723493.47041,4367926.45578,4.163760780436315,4.153499964938333
723145.746196,4367463.76642,3.147366925036101,3.176706176865696
723052.711972,4367702.53128,2.5367798024959973,2.6114422274813314
722635.916878,4366469.18632,3.211759517579219,3.1945974465817164
723586.945428,4367209.9654,2.609063086854653,2.635604704201793
722216.838139,4368225.62344,4.622252274305619,4.708456096300492
722619.030529,4368295.3579,5.918497831515005,5.816956158904102
722874.513839,4368033.65937,5.048019547091982,5.051897376331083
722093.218365,4368017.4806,6.039292491308885,6.434640579884442
722968.401475,4366739.24041,2.8918161149272965,2.8690538044503353
721977.461254,4367616.7153,6.135754328078408,6.1966764558252825
723238.739724,4367278.93414,2.871849227207719,2.8744390714846846
722658.610571,4367139.63141,7.593812831392238,5.8935957093394515
723586.689563,4367495.0699,2.959852340837957,2.9714856746694376
722178.826206,4367300.98384,7.254308992150801,7.303357448608388
722031.678434,4367524.30262,7.441972076241237,7.4919243338204815
722905.982924,4367386.46077,3.818512765309459,3.8572022824645837
722434.43877,4366885.11972,4.086501210826982,4.076663560775952
723137.639801,4367902.95283,5.765398289712262,5.802356646674866
722077.566354,4368271.71938,1.4653326897475225,1.8152504249853658
722588.148548,4368218.2812,6.424364638172043,6.516352329381078
723346.138778,4368326.94041,5.0565394398760155,4.991689027935704
722380.013142,4367247.23653,6.048457935438156,6.16495180136705
723440.944378,4366069.28222,5.974489985202986,5.578643843377276
723539.650535,4368188.47179,3.1407446377409722,4.016070188323016
722843.308978,4368357.2225,4.710226149615096,4.666059658663141
721660.482584,4367308.22002,2.452823695645389,2.476753219411432
723029.981156,4367124.59979,4.040319667898762,3.9248570044576647
722232.505894,4367955.97351,8.608902696157962,8.525202220715212
722334.359574,4366199.16806,3.605483899099334,2.8647899427682315
723355.087425,4366932.30091,5.637503719265019,5.634325445319024
722775.109221,4366569.50717,3.2580087703028866,3.1948282354194877
721970.139181,4367015.68314,5.796863724143466,5.9377973753377935
722379.531658,4367894.47571,6.391931261437734,6.207929125956166
722396.044595,4366492.07146,2.2390202062924573,2.127716493158588
722255.611665,4368094.68151,5.7604285446122825,5.763905639582483
722016.867724,4366568.77933,0.8323067910605546,0.8371394785023392
722334.421067,4366114.3953,0.07752786005592416,0.24593811404120383
722240.398877,4367740.24238,6.46844833158562,6.542761981875744
722047.768209,4366638.16302,1.2258857504063587,1.20442749134882
723370.874049,4366570.13091,6.615577869946535,6.5564299688998515
721846.305802,4367084.92293,1.4620829081020819,1.6259482469808269
723238.087345,4368041.74891,5.277539210926401,5.27406696797856
722209.888188,4367139.19615,6.866913552931332,6.7949367661949225
722248.056192,4367848.11972,7.764855468988687,7.790571704698764
722256.508135,4366861.83187,4.368947621246373,4.487851114906802
722519.892558,4366422.83425,2.0021971177035853,1.975984646730954
722635.697898,4366754.31531,3.085326670812682,3.1380684023051675
722967.570852,4367756.37779,3.9858763757816504,3.984828044639188
722047.650679,4366807.69585,1.9000490046180472,1.9593388377068752
723300.200119,4367779.84756,7.2201655583666815,7.114003027687738
721582.881898,4367678.00489,6.215757298547622,5.695779531611357
723448.084889,4366755.16388,4.256091550254019,4.218962473044784
722580.901349,4367586.47034,4.702577635732706,4.699768500972308
721977.780457,4367154.39241,7.340508178332996,7.304895989821497
723061.099661,4366916.57519,3.559205408054905,3.637085322883973
723215.889076,4366855.09132,3.5451348509031266,3.6608797092473866
722403.968958,4366237.76722,2.323596088600262,2.1680039732441325
723100.103354,4366531.31029,3.6259764995205037,3.3926381048836785
721614.009825,4367392.93896,2.4885940880939916,2.6308042245496237
723052.307144,4368187.94042,3.9233652307080686,3.9250867209030833
722155.879862,4366931.09039,3.8533344511922967,3.8003655837285395
722349.293946,4366938.97895,5.507059259475565,5.468183338792446
722604.938341,4366507.6873,2.6608116445273584,2.780590804350544
723500.765592,4368419.56602,3.917265578396551,4.00617338107008
722402.906504,4367671.0526,5.242233553892007,5.225490364158044
722411.734846,4366199.24185,2.8556002228018245,2.8910651421235434
723439.85539,4367317.68083,0.9892884893738932,1.350528046200996
722225.450032,4367015.91944,5.246203040650139,5.185508947952911
723238.292155,4367802.89575,7.740005974059291,7.395199897689621
723114.061712,4368342.09807,4.206392560395227,4.207318999671453
722240.005097,4368279.5774,3.9689658543685247,4.1273102061598195
722302.343327,4367663.25054,6.618320886091671,6.405594658814895
722264.522737,4366476.53385,1.8154281106848573,1.7485305332818588
722472.647591,4367517.01631,7.382429774869202,7.119463708045586
722224.669186,4368094.65202,5.524002096927426,5.498117854748561
722023.764579,4367778.56461,8.303930852594972,8.447270119715451
723594.799462,4367078.97666,3.6073878523815632,3.5868290925653787
722264.189325,4366938.89801,6.468996934814646,6.335661909233179
723509.606682,4367179.05654,2.5420596276819505,3.2215149917908863
723077.195838,4366161.37491,3.772557049937645,3.883645764081073
722055.660047,4366414.68938,0.0,0.10881298003177821
722256.212674,4367270.23481,6.619062616123625,6.601468742063651
722272.520228,4366114.33691,0.0,0.0010158684874013938
722774.409468,4367455.67466,3.3395929183817112,3.3296469561255706
723339.000678,4367641.19687,4.7679610611063685,4.686107304932946
723463.585906,4366724.35646,4.038125254982653,4.094676024485639
723091.669024,4367371.24382,3.4067837336361384,3.416561999503565
723510.198442,4366508.63271,5.020136191668822,4.782175283440201
721992.503522,4368233.11765,2.4914438625813835,2.3815210495611976
722960.313666,4367170.76133,3.1932191521410074,3.2346334572718534
722527.55444,4366523.02387,2.1504523314138213,2.099442904255521
722341.097775,4367563.1203,8.21637593164483,8.148871463843292
722835.996659,4367833.29195,4.065201478866895,4.067685249016774
723207.157506,4368026.30583,5.269471357969929,4.913191026931892
722426.062603,4367740.42108,5.158745452530955,5.195482588511534
722775.278514,4366353.72943,3.968643078695909,4.350947822346132
723014.892973,4366654.5211,3.181652895633936,3.1350238565516544
722512.530013,4365921.89693,0.2775177817079837,0.391349141925012
722852.915038,4366022.42304,2.4128449085808454,2.4186179496137172
723246.908717,4366770.35806,5.240716623645124,5.263697549046428
723123.602338,4366184.54348,2.9132706945729985,2.9606032609357755
722866.965266,4367802.50377,4.68818430290831,4.332761857346993
722789.457838,4367987.34284,5.2178033980366925,5.150123818854383
722891.376531,4366307.60827,3.7918558804992974,3.73610497835136
722766.862242,4367216.7967,4.211555817012878,4.094592846079689
722170.519773,4368094.60063,4.9213833785817265,4.837768951516969
723293.947196,4366046.00301,7.021239565347074,7.052125266970766
722496.461076,4366715.648,2.784256027140262,2.9214242796719496
723384.843281,4368296.16474,4.77454468456944,4.772154010194669
722936.114985,4368380.43249,3.059996282449709,3.249871237811467
722744.070104,4366685.06869,2.8577850178492623,2.6249728267138814
723308.778498,4366801.24888,5.160230066739102,5.182339406262212
723340.136536,4366323.49259,5.8192283465228725,5.873424601759584
723462.901763,4367502.63746,3.088263583190236,3.1023587216907687
722249.263356,4366175.96804,0.5240361628112449,0.5642659509531196
722233.253282,4366923.45708,5.739451588324813,5.581439251515521
723060.409492,4367748.77018,3.362377264549946,3.14027235306928
722603.865212,4367902.40142,3.6203288870365498,3.456867267813151
723493.25741,4368165.30572,5.60681271561925,4.707859005163646
723130.718571,4366932.06036,3.0424530976353674,3.0793128883715264
722627.741432,4367039.42623,8.972578932374317,8.946234258969787
723013.590721,4368234.12739,3.9335309331791843,3.934633301739707
722697.281568,4367155.08142,3.932497974083859,3.858361687102259
722031.505898,4367770.86672,8.498370302236658,8.515547924943135
722967.475858,4367871.95326,3.6841311348006043,3.7788423609694135
723493.477289,4367918.75078,4.186480494527076,4.153627714856014
722752.270571,4366091.68241,2.2121955858526627,2.2578771357989864
723508.900909,4367972.70264,3.964060356631273,3.9477605452570614
722008.464599,4367531.98651,7.420027177650659,7.4163774534792815
723455.767981,4366816.82098,6.040196186249267,5.65392877914168
723447.517287,4367402.44996,3.040361788271416,3.353251421802559
722735.697635,4367494.1621,3.222206061815546,3.2537635457900955
721830.402912,4367724.45346,5.884353628301389,6.142309588831459
723077.12621,4366246.14773,4.224851943379221,4.065414337689194
722704.631448,4367648.23589,3.527675341546227,3.5335886118737534
723114.639355,4367656.36576,3.8455243571162265,3.851320411015824
722820.83963,4367440.31123,3.3336871623026125,3.3426372738937644
722187.030006,4366645.99788,2.5083705420138758,2.3225859613633753
722232.444092,4368040.72626,5.269761817603811,5.653781226417084
721714.490341,4367531.72197,4.842058275496486,5.01100125464955
721908.18293,4367108.09553,6.5104022441605585,6.440649159443362
723154.289808,4366500.54207,3.7246327492061346,3.7700458067306197
722557.934703,4367270.5268,6.1262341769525275,6.167440552611087
723393.200963,4367587.31935,2.7608715259669228,2.8458260733821987
723401.789532,4366608.69587,4.769961962504804,4.2993647004783035
723013.642015,4368172.49019,4.183930989899611,4.171005985923412
723075.945904,4367671.73516,2.7103300108124992,2.6030000162989815
722349.265646,4366977.5081,5.7717237695801895,5.712478201770137
723487.209193,4366254.29347,4.815207494453905,4.923844389584248
723308.414766,4367225.07009,2.646579507181897,2.664162188543373
722906.418462,4366847.06101,2.1513173625221436,2.238190370043315
722503.163926,4368079.51254,7.24891990797674,7.104525846890799
722272.043194,4366777.08099,3.8433299442001165,3.8399099870641185
722535.587369,4366130.00188,1.1489133703555587,1.143026043363158
723323.874606,4367240.49809,2.666246317398925,2.6667698583857695
722109.756504,4366507.21471,1.086005103484527,1.097654807409379
722721.134701,4366330.55577,3.2763073425226947,3.2757693054841828
722371.703801,4368017.74577,7.05831991150875,7.058191997702552
722813.483781,4366962.5548,2.371659078998017,2.4398119227204695
722015.688272,4368263.95734,2.3891343616595373,2.306699124342459
722866.75934,4368056.76573,4.931355184820423,4.959480765881382
722396.118273,4366391.88912,1.7611010024213016,1.7281147907881018
722674.347039,4366800.58995,3.3121939188248506,3.3065922197376456
722294.878091,4367293.3881,6.301084721113428,6.327874812635272
722465.282288,4367023.85486,4.76244271277736,4.752702679476779
722773.659436,4368395.67317,0.2310503235888266,0.2544775543318084
722697.076716,4367417.06947,3.9170720668788803,3.9012381973843078
722116.760086,4367547.49727,8.8336792118783,8.682878774646321
722657.671444,4368341.62389,5.103624293029873,4.83910484712249
722178.477739,4367786.41395,9.4943236860639,10.506639433574954
723207.774072,4367302.01763,2.9508967586030983,2.9532410433042724
723200.434728,4366831.95679,3.7428666893484683,3.6923052248108483
722070.559681,4367239.23885,7.065420206876857,7.169962345972063
722774.360552,4367517.31737,3.1327056383905147,3.1293062650323287
722365.247812,4366283.96933,1.011130380591,1.0012647427344898
722519.275723,4367239.66647,5.787053113383705,5.746354084914115
722202.416197,4366769.3094,3.330782565963794,3.289094437034144
723300.226742,4367749.02712,7.352965241836432,7.201838207175549
723176.984029,4367117.04923,4.1016366583980775,4.001898608541133
722201.741218,4367709.38541,7.022239823688918,9.732063872285524
722217.845991,4366830.97174,3.878055066681496,3.9132154781256423
722271.903763,4366969.72862,6.3918343133215245,6.337919216085543
723215.65437,4367132.50201,3.022996149312755,2.9417212849603662
722634.934575,4367740.62738,1.5283893603321579,1.722490728713558
721985.564756,4367085.04864,6.9627298383556155,6.964665775283049
723454.408072,4368357.8783,4.958431793419413,4.960891637966831
722712.136655,4367941.03488,4.0064336082802905,4.3784708439347995
722380.637919,4366399.58063,1.7844435696872332,1.7687133869723808
723129.84544,4367972.28889,5.572346121447766,5.507048377434236
722658.076394,4367825.40612,1.0028299675700505,1.67228606531918
722960.701984,4366692.99576,3.3209719552040324,3.100833546237436
722140.726937,4366476.41826,0.8566755849137467,0.9346288787188194
722411.462169,4366569.1489,2.59442449837913,2.608732459923487
722526.282136,4368195.1057,7.197994447504946,7.1799422581505
722665.836488,4367794.59383,0.6020929575547641,0.7170936189799406
721853.943921,4367231.3362,5.512319848924174,5.502517523381226
723207.150903,4368034.01071,5.026106579825392,4.876844302938865
723369.263997,4368419.42003,5.493214529880193,5.679377615212101
723578.932549,4367518.1774,3.0583891365946845,3.0620912050545477
722117.223084,4366892.52512,3.655376785190546,3.559116271571628
722008.341157,4367709.20506,7.50015864284533,7.550594031359098
722549.50658,4368172.01481,7.4157991625826325,7.405525978505525
722821.818496,4366207.35232,3.08660796327711,3.0927122829479416
722564.834597,4368356.93965,0.0,0.04574207163525724
723408.206111,4368118.98283,3.439894977754424,3.5592033809929173
723278.191002,4366377.37145,6.0029865759326455,5.941323567603995
722984.288384,4366230.63816,4.002916161349722,4.2336289140985315
723509.86564,4366886.2348,4.018051608920818,4.035863956330069
722535.523747,4366214.77462,0.6604798643632837,0.6301696666303027
722836.244305,4367525.08582,3.2527162495302906,3.2852981515480577
723354.31197,4367826.13705,6.027803754823306,5.90230424834614
723230.219326,4368195.83553,4.691798697955088,4.629331383432629
722435.038358,4366075.95784,0.44506283327266466,0.4983037338022793
722851.337805,4367995.11129,5.100655449328329,5.049701409167409
722109.339872,4367100.57389,5.71631253515997,5.954563785684474
722310.249312,4367432.10054,5.740097139670051,6.094970026815762
722928.827832,4367833.38797,4.285491451209316,4.304939008260243
722651.610264,4366184.06219,2.102615360929848,2.1582335875249354
723099.392584,4367386.66297,2.834652312477744,3.2561023120708144
722612.510543,4366723.46805,4.7653149930774426,5.066814028931366
722711.904936,4368233.81509,5.5638262286637294,5.156586971972204
723139.045595,4366223.09283,3.359279156693456,3.4341994794412165
722774.787599,4366977.92726,2.391922774144803,2.3774023000214277
722605.325308,4365999.0557,0.565580209912743,0.7059363898211807
722441.725818,4367486.16487,9.657652792985736,9.102536773405317
722975.679747,4367301.77258,3.4491893013238952,3.6067670982100664
722889.972754,4368049.08498,4.919866448334845,4.935006233949451
722125.263292,4366460.9913,0.04841864415331023,0.149282735247333
723470.56316,4367587.40465,3.3718974156758237,3.395746175217103
722960.426598,4367032.05817,3.3798363891920964,3.386094260444562
723393.214394,4367571.90875,2.5036685583777123,2.558785976527889
722333.887986,4366846.49346,4.955720708598265,5.1804835100073205
723393.29524,4367479.44468,3.3208107597250973,3.2772807370032053
723253.883122,4367664.22016,4.743595537328526,4.728259054758154
722380.807232,4366168.38585,3.445704170432058,3.4443389051257
722356.718333,4367362.79649,4.224432604305142,4.321974072993661
722790.656367,4366477.04734,4.357974787236339,4.199799963075974
722713.612069,4366053.11013,1.7970168170442218,1.8173157766835633
722201.37836,4368210.1996,4.773576357551583,4.820776889813241
722928.474489,4368264.85653,3.677967235126361,3.9792885920133063
721954.157213,4367755.38566,6.8544241733891615,6.89341189679433
721629.502301,4367362.13092,2.8573300926610967,2.6938428991401895
722402.894945,4367686.46287,5.159584515393863,5.125238010700051
723184.23843,4367687.26081,4.691475922282469,4.840028251191713
723069.489761,4366122.83341,3.9868123867607688,3.9817447725374797
722032.341932,4366568.79347,0.9033057052368075,0.9128398261726649
722605.319447,4366006.76246,0.5482274108087568,0.6578077840391053
722837.000584,4366577.27611,2.2692432044486655,2.63852228889518
722124.172165,4368002.10005,6.372567798798609,6.3846755420813
723386.766973,4366084.6369,3.7749453590861743,3.8272991625018697
723176.365072,4367849.05939,5.155679660713202,5.309783371867904
721884.580998,4367685.9769,6.39257642806822,6.400991367976322
722976.438592,4366369.34752,2.3302570397274547,2.2874256461940976
722264.506139,4366499.6527,1.5567340849154934,1.6450933288907246
722897.86528,4367856.47084,4.30917949231793,4.290697138785837
723037.743175,4367093.78496,4.172248357181614,4.093756396968779
722851.772542,4367455.7537,3.4106562722780627,3.4252675136905113
723448.051208,4366793.69432,4.292139706749858,4.304597159584621
723130.712124,4366939.76623,3.0635043038689793,3.106651182249615
722232.634845,4367778.76018,7.374426169275455,7.266171921434878
722651.213457,4366700.38808,3.8938037495590914,3.9920824201869936
723431.344993,4368196.0558,4.399025389585643,4.412478748099603
723145.356138,4367926.07593,5.606361060506434,5.631097009956008
722728.710155,4366538.63549,3.5460062298047705,3.5401694777015384
722248.598876,4367100.70433,6.485552749231163,6.492721265295934
723393.543892,4367194.34011,3.9949448717947127,3.6276045904004857
722340.795267,4367971.48692,6.830026333572584,6.753633600153154
723355.954517,4365922.75988,0.0,0.10050157397929446
722728.541793,4366754.40797,2.0949279908580256,2.1306539983815673
722294.579012,4367701.76869,6.1184563989151926,6.1187216528083
723494.547776,4366708.97819,4.029217954448526,4.0217919568827
722797.875778,4367132.06601,3.1690021282554572,3.0959732948015706
723022.881876,4366346.27616,3.693619354602495,3.704702839498604
722419.256292,4366492.09381,2.1724878303272868,2.1405835729436395
723230.159662,4368265.17724,4.679954869758156,4.6702399698719965
722611.91154,4367501.74315,4.109672580030558,4.039843279859583
722101.825177,4366784.62785,2.2161294864967136,2.2537121762473964
722526.40632,4368033.30691,6.354688950367629,6.2884071483502755
722380.309323,4366846.53793,4.47118594994005,4.450696049446985
723502.40694,4366570.27473,4.681181340371154,4.632371051580191
723130.137541,4367625.56136,3.725245984512634,3.7691631980054994
721954.644714,4367046.49201,6.738922034367879,6.651259521013907
723207.643263,4367456.12715,3.167937237836137,3.1718098595764537
723454.435468,4368327.06009,4.916348616689527,4.911012234588647
723292.370882,4367887.70958,7.17027267227547,7.049975454804723
722163.780591,4366699.91897,2.3264908747130364,2.312966092367467
722689.581072,4367108.83958,6.522504600667385,6.462767711754589
722372.270969,4367254.93465,5.954449039894635,6.125174260125462
722851.312896,4368025.93057,5.116017109170579,5.118299834126244
721861.591998,4367362.33597,7.082169148096299,6.951108306803155
722773.949326,4368033.55598,4.802750430950471,4.8547776059677386
723532.521606,4367510.42017,3.1311856304256587,3.131127838576383
722140.770244,4366414.76772,0.0,0.0033466890600327625
723518.105214,4366315.98005,5.133121142101376,5.0565907354320805
723292.464054,4367779.83914,7.319660486200473,7.20007203101617
722171.697694,4366445.62172,1.0806737265224948,1.081359508258243
722659.495451,4365991.40225,1.037086892204494,0.8463046617469283
723291.997139,4368319.17657,4.45701844467206,4.480800632404113
723323.341303,4367856.92332,6.633650229895186,6.508141542585302
722897.890406,4367825.65081,4.127906520172892,4.175840037130892
723114.936315,4367301.9188,3.296574115387455,3.3392220649071636
722712.959613,4366893.10017,2.013695664415208,3.231311324247529
722952.010373,4367864.23213,3.774525635297346,3.5722790107950733
722798.302564,4366592.64927,2.855729294599397,2.8522764397359732
722705.486532,4366554.02475,3.225614057400635,3.310768208676319
723486.891941,4366616.49531,4.035026762411414,4.05663681682775
723061.77103,4366099.70521,4.0284758397018265,4.017561734706182
722984.238491,4366292.29062,3.7142089031398737,3.752645321271972
723255.056975,4366284.86851,3.7425762297145884,4.044834398556766
722171.66498,4366491.85956,1.0326171800967492,1.044828737884473
721768.756091,4367362.25316,4.407803425964822,4.677997277622349
723510.117024,4366601.10834,4.634870533287989,4.084389692397363
722054.914083,4367485.79774,7.452073146634881,7.423355218739329
722967.12022,4368303.41977,4.046741711168151,4.036388270208839
723408.599068,4367672.09403,4.402478204438742,4.4888472310249545
723617.884936,4367217.70579,3.363474471007999,3.289339055597668
722287.717787,4366499.67465,1.9849605505424932,1.9589572665603965
722365.106934,4366476.62924,2.2001936398947692,2.1175303021265632
722789.581099,4367833.24443,3.4228875082250885,3.3183337067908827
722185.907319,4368210.18488,4.557352820083508,4.517801426480985
723540.044425,4367749.29153,3.75206406480173,3.964299760771089
722596.015792,4368048.78572,5.767818914899528,5.786172527104051
722574.199675,4366230.22558,1.8903705433738327,1.8486069695740568
722789.525596,4367902.58907,4.563516719757755,4.545697802190041
722387.823857,4367147.07125,6.1902622522729915,6.193274190181607
723084.048037,4367232.53587,3.487916226602144,3.482870822730591
723239.073735,4366885.94006,4.2066507039903716,4.236445128379734
722240.762107,4367239.39804,6.562005572016322,6.509124166372583
722643.766442,4366322.77237,2.7185917600013885,2.7277624978055797
722310.806308,4366669.23283,3.2595580165885045,3.2985352676735213
723508.459462,4368465.80137,3.8031511054672054,3.5744904588801805
722225.461142,4367000.50796,4.861905709287163,4.687986871532101
721915.551407,4367647.47941,6.851229502131209,6.898033468892917
722078.31232,4367216.12939,7.005457797001246,7.002796788959803
722233.064548,4367185.45169,6.660791085856898,6.5740719199922735
722680.950697,4368249.19286,5.327367849654883,5.445128597403217
722511.199637,4367686.56878,5.272343638270011,5.236847715941003
723022.225471,4367147.70877,3.8521079805792984,3.8123930555099115
722990.89311,4367617.70928,3.150074547424526,3.354968271760663
722736.597528,4366345.98416,3.4199832966010177,3.424876217243764
722945.370979,4366515.73679,2.0677775170276407,1.7110038195268493
722078.711131,4366645.8975,1.4635415540648145,1.4430669252083312
723030.158615,4366908.83684,3.2288346969039994,3.146628488931808
722101.6683,4367008.09807,5.785213407464207,6.030409221596699
721930.662369,4368171.42419,9.640290616459795,10.431001232724809
722201.573989,4367940.53443,8.365376722534487,8.59341697812074
722689.898703,4366700.42663,2.212834597047203,2.3367467158493427
721885.009668,4367054.13483,5.02623584398034,5.142004944643488
722154.970811,4368202.45107,3.809670096852803,3.8651668506682397
723300.532388,4367394.58375,2.960413832011005,3.009830458173055
723053.7621,4366431.07915,3.5007283818169337,3.16326589865312
722589.610346,4366315.01249,2.3151085118549637,2.299087980688795
723184.655726,4367194.11444,2.961288480987996,2.9469593024253657
722874.72622,4367771.69153,5.319493123501339,5.448110154003562
723355.842541,4366053.77634,2.8439047021398047,3.692656975707441
722782.176434,4367417.15552,3.5708880407729056,3.5180013710772675
722920.972368,4367979.77368,5.000869677145905,4.96550798910164
722952.727398,4366985.81524,3.1222396660594716,3.150642988854191
723377.573761,4367764.52185,5.647862933253808,5.500743105862521
723455.612693,4366994.05803,2.8937008324721822,2.7929185130987255
722101.140294,4367755.52137,13.15060416619483,12.873187787984525
721900.488127,4367046.4431,6.005309868288955,5.93264654423703
722435.140611,4365937.23604,0.10955447307944563,0.09019231531459673
722217.774131,4366931.14839,4.043256195561568,4.073998165062853
723331.717535,4367117.21563,2.778343730910466,2.7721209402569147
723106.773951,4367810.45995,4.9558176567144745,4.974223487790426
723462.567834,4367880.19149,4.556836148178473,4.660616383569818
721915.783113,4367308.44683,6.785974956197746,6.794913236271583
723509.661239,4367117.41076,4.849125870111112,4.328861230428932
723192.16411,4367463.81599,3.1692377660379085,3.186580554094754
722953.257491,4366330.79119,3.8039901683301163,3.5746863188890425
723455.41647,4367217.52501,2.7572409729007714,2.760514094420483
723362.890862,4366855.2497,6.363079963711463,6.530836184046566
722557.242202,4368172.02253,7.345381744746261,7.327174846972907
722402.484412,4368233.50694,5.660191117317043,5.6579676830593
722627.25247,4367671.27364,3.4075904804603088,3.66157119351365
723060.223092,4367972.21491,4.796651163353701,4.887270599638075
722117.179696,4366954.17189,4.336836635469932,4.34363240064701
721645.064654,4367223.44628,0.7771051780880336,1.392441178082536
722163.813344,4366653.68244,2.1803719819921303,2.108205623794132
721977.652991,4367339.32486,6.869204913963652,6.860036366725233
723262.774922,4366307.99641,3.9585096922635286,4.059912311268016
722604.062179,4367648.13505,4.292817189419086,4.26209672047085
722719.963825,4367825.46854,2.802790044785148,2.7930289840344495
722303.18665,4366507.39557,2.290300758475602,2.1479187891782807
722558.345519,4366731.12075,5.348054346308473,5.347855598053639
723394.630679,4365938.21543,0.0,0.06809247082193519
723502.250987,4366747.51743,4.065943593613593,4.066968354822379
722859.471672,4367501.99368,3.1403993562556622,3.2827959752981695
722628.138273,4366523.12279,3.8286784677805747,3.635652517056636
722982.737802,4368126.22939,4.84760893986423,4.848205932514133
723021.831393,4367625.44689,3.0620325776048554,3.2445142342307145
723238.443795,4367625.67735,4.47428405779654,4.3481258631196456
723617.502661,4367641.50574,3.0600382163571163,3.3038132627714263
723409.225344,4366955.47764,7.944644211640327,6.48095785017539
722899.224705,4366168.89783,3.641693251074112,3.583641653944665
723525.632264,4366554.88778,4.955494881041859,4.851800480127093
722008.992744,4366769.1306,0.572783368386295,0.9223858044257847
723029.993802,4367109.18833,3.8996771895994544,3.9758402983279177
722682.661256,4366053.07937,1.6323156249776942,1.610427079018525
722449.572131,4367339.77006,5.772917924154452,5.770055520251354
721954.549711,4367185.19366,6.881307270470478,6.929625484478487
723385.961334,4367017.09931,4.8287940804541325,5.103910000667214
723479.100671,4366678.13649,3.8479126662647527,3.934016133109628
722481.234749,4366384.26472,1.6120356756328544,1.692689942777343
723106.761054,4367825.87004,5.148837893654984,5.225727993224009
722804.718866,4368249.31911,4.690991951130918,4.659680908113636
722596.41527,4367532.54894,4.446917374278418,4.351658386636438
722503.334449,4367856.07199,5.490084105984968,5.503456095791112
722736.861033,4366006.89274,1.8491720182043612,1.87364487393414
723137.411703,4368172.62157,4.25783430805731,4.472141996478461
722202.372203,4366830.95719,3.7978909007333437,3.746554251754098
721861.711535,4367185.10981,5.26530835969412,5.19661598585526
723316.878075,4366377.41301,6.209367186602224,6.342872714681761
722674.585376,4366492.34366,4.548574783704329,4.588643489377222
722983.39095,4367332.6027,3.700654633178386,3.7414772220221058
721629.552019,4367285.07679,1.5939633156842041,1.654508092701536
722582.082975,4366037.56676,0.14994638367044158,0.28248560847596693
722101.98693,4366553.44501,1.2763531117933213,1.235826330695554
722642.604524,4367825.39055,1.467240009283787,1.6317740687610467
722852.493409,4366554.17307,2.0371963494421004,2.121401204384309
723114.871857,4367378.97387,3.3609895984580085,3.439177174671446
722016.093238,4367686.09697,7.499674671693774,7.5976747742206125
723239.184817,4366754.93757,5.303809072701215,5.26202904849884
722233.203395,4366992.80944,4.620186740829709,4.544297000397788
722667.091261,4366176.37096,2.309015399694143,2.287335130604623
722960.864173,4366492.63375,1.7591131813242575,1.440971269625704
723262.526817,4366600.83911,6.4366928222352815,6.442757664787061
722465.943237,4366137.641,1.0182270211690143,1.1998332096640008
723370.06611,4367502.53541,3.326651883726722,3.289840288130478
723332.339705,4366392.84258,5.975845335256184,6.024364655050938
721961.941157,4367686.04724,7.040118287405149,6.9778860674478995
722193.982936,4367740.19837,8.657859955984799,8.665353082042088
723037.24621,4367694.80983,2.5942146364847174,2.6790461636654026
722140.537009,4366746.13367,2.4477891261105618,2.4179975624600685
722852.890674,4366053.25016,2.836924245415344,2.5776870043469766
722210.158637,4366761.61069,3.3548256987837655,3.2896538584418784
723052.506564,4367949.09205,4.797587174332819,4.757500987221826
723192.203226,4367417.58345,3.8337774770354995,3.0987006457469146
721768.812236,4367277.49342,3.607839507494379,3.2513860561667394
721892.579204,4367300.72038,6.869656569076468,6.7423796843159
722457.666633,4366862.02452,3.6897464312458195,3.675905346437973
723339.434256,4367140.34123,2.777382136400682,2.785770601009332
723015.332472,4366115.07043,3.776042565544228,3.7756684935461187
722642.700654,4367702.10965,1.6633034360506684,2.0775490184556697
722682.179566,4366677.30055,2.581657547147098,2.716117505963129
722651.616107,4366176.3556,2.0640467457699327,2.120300659564038
722527.263545,4366908.32785,2.6488514401194996,2.7594800946717495
722388.341312,4366445.82617,1.7369357226692006,1.7334746222145947
721776.589564,4367215.85618,2.6677663253637816,2.4220353236065937
723516.360833,4368280.90163,4.853095356869246,4.771459128800997
721761.157312,4367154.19801,1.5682455195711384,1.6844977544389046
723023.088947,4366091.95832,3.7919528286155066,3.793472101005761
723524.812772,4367479.58996,3.087343730230487,3.107397388822369
723278.066663,4366523.79289,5.862311781594605,5.865435398347132
722263.567364,4367794.19966,6.795301211091208,6.726388966619066
722914.149202,4366854.77493,2.219353588432804,2.2359827491005286
722333.826011,4366931.2583,5.670162923555741,5.638714481205487
723301.521243,4366238.67878,6.262164669032251,6.193299582893752
723254.442643,4367009.25103,2.4869321203875434,2.4977486336391967
722217.574854,4367208.55388,6.296857090760147,6.459016518659931
722967.690987,4367609.97979,3.294573213989019,3.391960796394067
722697.275609,4367162.78713,3.2478107517930357,3.8015277019516973
723439.21026,4368049.6739,4.788905701355102,3.749091952178984
723083.714167,4367633.21736,3.8792811525797464,3.697376690413479
721846.269566,4367138.86246,4.724458286960559,4.718698773844686
722286.65062,4367963.73006,7.608464307811784,7.083723661896253
723339.381036,4367201.98673,2.5341141140149825,2.7190456710814743
723486.028697,4367595.12708,3.381869606629268,3.93428813028282
722117.369401,4366684.46369,1.8578273305792923,1.8204813381154772
723161.491273,4367140.14995,3.6772570517036516,3.929467522932178
721575.239731,4367531.60056,3.1730781809984725,2.692254689714436
722713.193807,4366592.56367,2.91422267121411,2.9242079597811066
721954.502068,4367254.54352,6.57246211883607,6.598638211777363
723400.666934,4367895.53312,2.492631477004949,3.2193204196028926
722101.249583,4367601.41928,8.17994113682839,8.22644372036571
722094.233699,4366576.55645,1.2963456792222552,1.2723388098066806
722905.933003,4367448.10409,3.494725677621626,3.458490722111008
721931.366401,4367146.64464,7.3823974588304635,7.3039874459364444
722449.56633,4367347.47549,5.757749775829873,5.8271407216309665
722396.186266,4366299.41188,1.2427577041661093,1.2238289278341088
722131.747711,4368225.54288,3.764618076421375,3.453035717834493
722588.238264,4368102.71123,6.467964360434066,6.556330682487388
721846.300615,4367092.62865,1.4565739852843722,1.522685224403449
722596.959914,4366823.63109,2.694297216094342,2.6823568352679605
722240.140387,4368094.66671,5.65505979202338,5.674754284774737
721668.118637,4367462.33397,4.032896981572779,3.876488309911805
722086.485821,4366591.96168,1.305978936483712,1.2724133429028814
721691.478333,4367231.19228,0.9492839264213119,1.0320911393777512
722930.038991,4366338.47381,3.4439290965900313,3.349845943983142
722334.185952,4366438.06823,1.9747754199766612,1.9410928986963107
721668.093531,4367500.86031,3.855335352590733,3.8728816093523273
723168.386981,4368134.13125,4.8072365896136455,4.735392681811947
722349.688656,4366399.55111,1.680778718712189,1.7108606833275635
722001.39344,4366568.76529,0.7592554237097863,0.783595710344498
722232.836175,4367501.37484,6.858619872418456,6.876106554177949
722348.330115,4368241.15887,6.163573051424095,6.151892139150442
722990.371376,4368249.51214,3.9698372332701717,3.9670871683814464
723501.514869,4367579.7337,4.5565137572206,3.5689535511423642
722039.753292,4367038.86396,5.84569171981536,5.889109097289941
722876.134367,4366014.73982,2.9664036482622906,3.233822308541551
722457.862168,4366600.01849,2.5747576881621046,2.543754802041789
721760.968641,4367439.29983,5.786569142232151,5.705535780253811
722318.912385,4366160.62047,0.1610999734998216,0.4078433438660592
723284.960235,4367510.1481,3.814058922685023,3.824789338315196
722774.201225,4367717.65275,0.9087628839210651,1.0234495812282751
721606.139593,4367600.97397,2.5568949977504944,2.5379728852549786
723346.434992,4367987.93284,3.4387331392188965,3.4344710767034066
722124.753145,4367185.35015,6.258872664943342,6.2421970988286954
721969.906004,4367354.72864,6.9421399051034935,7.026644614413684
723052.724744,4367687.12096,2.0901646452197378,2.461882597642102
722727.967413,4367486.44895,3.206699364513726,3.187795634073524
722565.090852,4368025.64055,5.689235926560983,5.605427854097821
723208.418328,4366539.13114,6.378473554877707,6.301576716645157
722867.201677,4367509.70702,3.0903547001968117,3.1752103259092244
722611.475186,4368064.21078,5.8510811887041685,5.924859948922414
723122.33016,4367710.31014,4.225562126801933,4.001655568077541
722876.042567,4366130.34088,3.1612341604441645,3.172000166804985
722999.399899,4366677.62354,3.1457919028624426,3.0998477550936476
722642.194614,4368349.31279,5.557952788623366,4.934446754449795
722402.802636,4367809.74375,5.731351034614859,5.734655626570265
722387.411381,4367701.85806,4.868327752556555,5.067911840930428
722519.904094,4366407.42148,2.0614133733276536,2.0143339288784277
722913.999961,4367039.71601,3.0887864105312235,3.0882249666780948
722565.0194,4368118.09748,7.478343008409695,7.373870975882823
722611.499157,4368033.39165,5.547109218768277,5.5471893348448855
722357.200449,4366707.80756,3.4403793336207262,3.5588241272718806
722759.851919,4366292.06206,3.392971320079502,3.3699493425369815
721791.923913,4367423.91664,6.153988268220739,6.184035005468505
723563.515113,4367456.51691,3.093317388462407,3.111170021276391
723346.776992,4367594.97385,3.482720269231006,3.4627402108020715
722473.088407,4366931.39263,3.676676132435888,3.5806827778174863
722016.147017,4367609.04568,7.675009956435719,7.560210391948847
722271.432917,4367616.99001,9.222430385865712,9.30106539764065
722209.893662,4367131.49045,6.839288725818066,6.793418027404023
723276.865891,4367926.21763,7.550180793091484,7.384136571076809
723176.717486,4367432.97783,3.06951989600831,3.658923092651983
722287.293236,4367085.32961,6.357980954456537,6.402934357879189
722852.61583,4366400.04638,3.7914684727492074,3.979216542250803
722882.205733,4368087.60082,4.809495634607226,4.824331666385118
723393.227898,4367556.4982,2.450738926432135,2.5495286621323325
721845.91654,4367662.82675,6.156698968327139,6.15340102347312
721900.289369,4367339.2546,6.913740262490044,6.965502476766808
723393.275075,4367502.5608,3.366927670575843,3.2795832751530365
723022.969793,4366238.38476,4.047710038186004,4.005700260413258
722721.403461,4365983.75688,1.4357971768439592,1.686370689902321
722937.782601,4366330.77532,3.8116709982512416,3.6573401851725302
722628.279843,4366338.16999,2.669570252811824,2.7448313508810545
722719.750411,4368095.13893,5.544979053214896,5.757083854608231
722504.290757,4366592.35734,2.342820669215771,2.314097517278674
723030.524902,4366461.88055,3.6921347403943487,2.067083222420158
723053.273826,4367024.44916,4.136426412956929,4.096577774891253
722473.846683,4365914.15263,0.19289294444863767,0.19330799537192708
723309.022286,4366516.11985,5.645991296010317,5.633379828012666
722085.695628,4367716.98169,9.20697177790725,8.754965215857615
722418.129639,4368002.38133,6.773066237581492,6.705939065687658
721946.844814,4367138.95303,7.585615329566078,7.43908118344175
722504.371719,4366484.46984,1.8565977822483164,1.9743735550310948
722960.620676,4366793.17484,2.7680747325298163,2.717254888951623
723246.476206,4367278.94248,2.8637069319477275,2.869762609055391
723238.877466,4367117.11547,2.342310729818803,2.478357126064452
721706.769373,4367508.59946,4.838992098963984,4.786751265302475
722750.644017,4368156.80806,5.557307237278131,5.548224258486063
722241.426744,4366314.67818,0.859583258970537,0.8254645534000233
723192.743156,4366778.00624,3.5199948963398473,3.703510092980307
722458.30834,4365998.91279,0.11377083850404564,0.17064321535508747
722812.949334,4367632.93557,3.7285052878480616,4.681078856209735
721954.628841,4367069.60911,7.1706920113495505,7.137441271972315
723099.8288,4366862.67419,3.30189895219879,3.2860003671436653
722294.562067,4367724.88393,5.6553502516572625,5.707805385667193
723230.179581,4368242.06341,4.697801402150397,4.686939094378842
723416.145493,4367887.84517,4.804912912542591,4.284593321937171
721551.947741,4367662.56802,0.0,0.3857496635796415
722611.607032,4367894.7042,3.3998454031764576,3.344028584388492
722975.767948,4367193.89438,3.1290491170789525,3.267316571584078
722658.58067,4367178.15961,3.8117998776914392,4.005434985360834
722938.011638,4366045.63013,3.2728864589935864,3.4358390371289333
722835.822773,4368049.02906,5.103172637917054,5.098085274746948
722309.94891,4367840.47396,4.6336117466362525,4.66503771856758
723100.427681,4366138.27913,3.542843489870807,3.5574938717769045
722071.059762,4366522.59163,0.9020115248283604,0.8390323868165378
723270.551467,4366261.76531,5.201506111930065,5.311692705001151
722774.035448,4367925.68798,4.7122270510135325,4.7084285822712415
722767.625525,4366245.83058,3.2366447909800735,3.277789108302837
722628.421104,4366153.21283,1.8118394915261162,1.8110763086457295
723222.951753,4367648.77638,4.600500502517966,4.579845403973727
723385.484938,4367564.19498,2.3282076642709137,2.516347312984593
722704.187712,4368210.6934,6.249965749123964,6.10738001585334
722140.613073,4366638.24864,1.973384483809377,1.885742342736286
721567.444447,4367624.05588,1.8476035361813998,1.8065903805709695
722967.069299,4368365.05592,3.7658445470343733,3.730882983101452
723517.021648,4367541.22435,1.5833457657428973,1.3632244023325808
722682.23326,4366607.94512,3.4456072223158487,3.69824757457195
722380.818534,4366152.9726,3.373866001035524,3.3874122368066115
722357.532786,4366253.13595,0.7613111469596519,0.7768298022537664
723517.124389,4367425.64342,3.076006571355172,3.0735280846852535
722829.086063,4366800.7459,2.9518327695822166,2.8862998078947344
722595.800192,4368326.15267,5.429928954021178,5.466299346050127
722426.907955,4366607.69475,2.673655923423511,2.553887413081584
722155.225687,4367848.03189,19.128481949458696,11.771153202175844
723207.210141,4367964.66689,5.372451801410304,5.353551733069791
723106.423849,4368226.52119,4.367495323076965,4.357509071568952
723152.837193,4368226.57077,4.428134830907057,4.425190548933805
722039.414665,4367524.30977,7.576611465630488,7.599193653432405
722209.270645,4367994.47551,6.775453777300527,6.677191479362849
722000.319952,4368117.55575,9.730781680357998,11.209719348163691
721745.485982,4367454.69674,5.536814252142216,5.4435373633501385
723214.959144,4367949.26548,5.207056776297811,5.651017522621145
722976.594433,4366176.68383,4.014953501064328,4.125674349043255
723029.209396,4368056.93544,4.823598507797743,4.873391268028937
722766.587639,4367563.54117,3.146689057652128,3.198789440807999
723579.401645,4366994.19514,3.6493740809952375,4.147417181214324
722883.663585,4366276.77431,3.5718882991147494,3.572890959615469
723509.654478,4367125.11656,3.6790321255456786,3.8002442850924463
722936.95977,4367347.96544,3.7432860284225518,3.8501537435407927
723493.504715,4367887.9309,4.330091816527927,4.328364382682429
723386.081668,4366878.39289,7.772632862311277,7.585822887019146
723324.179686,4366886.03164,6.092703209045414,6.062426075368888
723130.292912,4367440.63375,3.2033009867973083,3.206580279141535
721776.497525,4367354.5546,4.531663877576458,4.585748221601593
722349.333495,4366885.03788,4.752050798035089,4.766151342162539
722534.342985,4367771.34755,4.904343593013656,4.664923653722888
722264.716383,4366206.80886,1.1869106841163821,0.9535379530271844
722775.369048,4366238.13185,3.3386896081560766,3.2591375233701814
723633.09358,4367510.5329,3.1283714420523516,3.1209192050172527
723633.107553,4367495.12212,3.079662900309362,3.1104256617191575
722930.224512,4366107.27608,4.308501624933957,4.589170210800879
723394.537898,4366046.1114,0.21882560374782623,0.8903166604416062
722233.738837,4366245.31256,0.928942711253033,0.8768762144693732
722071.107908,4366453.23514,0.0,0.14954797562732444
723369.318139,4368357.78409,5.9376350818829735,5.844518720705034
723223.201166,4367355.97295,2.9068259531335436,2.9218131397202023
722449.142515,4367909.95337,6.422460684889817,6.414391219978555
722086.081368,4367169.90312,6.290757823163374,6.543227679076801
722465.363132,4366915.97333,3.737444904420924,3.8000234184326787
723191.672861,4368041.6989,4.350197393913749,4.371174665667316
722155.83066,4367000.44262,5.1046572521252,5.064188239986173
723038.060101,4366708.48832,3.2311583739750547,3.1653503600945867
721629.49232,4367377.54168,3.2565245408094885,2.83731992953379
723516.222529,4368434.99233,3.8835734150105017,4.0202576471471545
723184.342921,4367563.97712,3.6363360982240387,3.6479007212323085
722349.671821,4366422.6702,1.963099327409358,1.905345420627459
722983.485612,4367217.01925,3.3065786223796354,3.3227081078398357
722881.998645,4368341.85364,4.214105321640343,4.124273003264331
723137.300721,4368303.60024,4.015824879965972,4.076563901959638
723501.726771,4367340.86581,2.8866976775776547,2.7594540840115385
722016.495198,4367108.19398,6.583725027765239,6.691587076618217
723479.666547,4366030.79047,5.776306491644826,5.641781674923765
723191.961379,4367702.67938,7.432225712844201,6.519923395929509
722039.339136,4367632.18251,7.647416675931694,7.56013439270475
722047.194048,4367462.67468,7.480699001519485,7.462685235165614
721992.514341,4368217.70859,2.2434705864841704,2.276432972540739
721575.16568,4367647.17789,0.0,0.2867726010360307
722597.330189,4366338.1395,2.438643302433379,2.401864940805259
723075.429843,4368288.12508,4.251541144228118,4.256751169848126
723518.240573,4366161.84775,7.462303481183471,7.400979304597437
722588.076736,4368310.73588,5.799671372366076,5.8032027805948
722789.377633,4368087.50522,4.906505689891031,4.7406486450657175
723393.443156,4367309.92432,3.656570555050063,3.4370877654136267
722410.312787,4368110.24029,8.095936363562302,7.210763787815558
722055.151294,4367146.75765,6.610220332381717,6.475353546569312
722883.755652,4366161.1754,3.221054033506063,3.4813720140871736
722209.33776,4367902.01741,6.332711735738314,6.588364147472915
723510.374457,4366308.265,3.775558209677928,4.22602255033327
722651.373623,4366492.32063,4.849512893146457,4.659431551403324
722489.16752,4366122.25016,0.795142144279974,0.8220667331352759
722093.508034,4367609.11728,8.068117640216615,8.091582395963874
723456.479997,4365999.93776,5.798445286467822,5.709362896779733
723261.645736,4367633.40765,4.44575553574289,4.462614812767008
722729.141196,4365983.76461,1.701171485656547,1.6869785136188253
722311.102403,4366260.79844,1.2357578193469316,1.1660442713795576
722449.363472,4367617.16167,5.116145988610779,5.176329113183831
722967.792033,4367486.69514,4.524822495232989,4.047159756831263
722379.33568,4368156.4382,5.9584831587302425,5.968407681987661
722589.228849,4366815.91748,2.9881810035806113,2.719329708672096
722426.339838,4367370.56926,5.981138240743532,6.0070898226222535
723100.440328,4366122.86572,3.592897571440954,3.6184576129637893
722533.952459,4368279.86379,6.904671766476979,6.904492509410134
722922.016606,4366692.95586,3.4962099071150234,3.485005492524255
723122.60176,4367386.68753,3.2726606314371773,3.2923696871805572
722852.927253,4366007.00952,1.8592182667465762,2.310234251608646
723037.143828,4367818.09129,4.509331571235787,4.433532038332995
722759.556307,4366669.67202,3.1455143311725813,2.8280152617542025
722071.049022,4366538.0041,0.9718324424497167,0.965778065100827
723068.209825,4367671.72697,2.4514875813295314,2.332679874716227
722442.707699,4366168.44521,1.89819987318725,1.9320196137540766
723021.313452,4368249.54473,3.966739125413682,3.9682214251778998
723386.268524,4366662.62255,7.5083561446714935,6.652101685447102
722093.125169,4368148.46062,2.2072094903759405,2.285285184423772
722566.543666,4366122.32544,1.3012962847635798,1.2978510127239837
722535.233537,4366600.09378,2.332535512815752,2.336427948134955
723091.919171,4367070.72455,4.855612545457972,4.84681535836341
723478.094411,4367818.56845,6.108032552848925,6.098421760620389
722619.036567,4368287.65331,5.92588820180225,5.8635691748095145
723424.308092,4367402.42435,3.1010853562736975,3.104208582540737
722952.564518,4367186.16462,3.0724437280844694,3.079703143010737
722365.123826,4366453.51031,1.705147512565378,1.9509297498871776
722496.188459,4367077.82527,4.4349765979652735,4.510104210019938
722651.657456,4366122.40914,1.8050267704312877,1.79128928161047
723385.525322,4367517.96304,3.140631723962766,3.198062284924796
723571.561683,4367109.77384,3.983778526267005,4.054081491466188
722449.148357,4367902.24842,6.3669525023533895,6.286283530641824
722163.987573,4366407.08288,0.17919694316993673,0.24734470146836873
722605.102789,4366291.9082,2.3465641360601226,2.353815774747219
723084.240022,4367001.36419,4.103831456028933,4.242639564017558
721668.038312,4367585.61756,3.8699868290102746,3.8735877282637596
722882.055175,4368272.51275,3.290152072118064,3.4238058877273687
722442.29617,4366723.30151,4.244893273402321,4.240009538208871
723192.814456,4366693.23908,5.4388035538018205,5.491470095490033
722357.594574,4366168.36376,3.564336733348569,3.5549267571685172
723462.996924,4367394.76155,3.1260575752073447,3.045782544856458
721660.3925,4367446.91667,3.8368432688532543,3.7739151106909374
723238.687224,4367340.5785,2.921713067335539,2.8949835045236885
723417.096414,4366801.36654,4.430652019495782,4.872281890735148
722727.492251,4368087.44209,5.367191596676441,5.513074701576158
722689.563,4367131.95665,6.809824192785295,6.671609665748077
722279.517386,4367139.26198,6.777906718526527,6.698841776480553
722813.385771,4367085.84753,3.0702071889035794,3.0411739172549015
723160.553095,4368249.69295,4.515592419026244,4.508032784252963
722248.610047,4367085.29294,6.387413171450569,6.411057734406796
722582.071368,4366052.98026,0.3948537357042037,0.5145903030725003
722813.514376,4366924.02542,2.193232418907649,2.2628952595478147
722874.256955,4368349.55007,4.183124243075441,4.111332905774472
721784.249178,4367331.44526,4.290171121390157,4.320367253376756
722991.474287,4366908.79653,2.983914517037897,3.0099765970709234
722395.834353,4366777.19901,4.194225956525675,4.232329736245544
722349.480355,4366684.6819,3.2448095920527527,3.2393368655067176
723347.946618,4366238.72869,5.834686954481335,5.839192488148589
722518.570253,4368164.2795,7.427288283782956,7.4588387886472445
723130.538278,4367147.82278,3.813316807938321,3.9068374927737746
723571.51354,4367163.71404,1.5748452048748918,1.7678768053272358
722140.160526,4367277.8311,7.367875246565866,7.358485035154027
722775.230209,4366415.38081,5.113983891733407,4.852476018063283
722101.744082,4366900.21668,3.610163184565434,3.610779904041036
722519.398431,4367077.84796,4.156757817899163,4.118224185620599
722264.467289,4366553.59645,1.5057181202995027,1.5823468108146024
723131.282546,4366253.91108,3.720598630370527,3.8778246217787133
723423.772727,4368011.13257,4.966661226569567,4.751664760254207
722147.467771,4367878.84426,17.222775906845392,12.521152741859453
722751.225003,4367424.82956,3.6119705744461963,3.6200240344545747
722758.649636,4367817.80285,2.343859783747048,2.6176112287616524
721923.713844,4367023.34685,5.702048081775772,5.887455603310502
722171.806545,4366291.49384,0.1820778795518225,0.20327812142907836
722930.076149,4366292.23482,3.844394834619437,3.809472301344063
722070.952585,4366676.71482,1.4006946491959098,1.4098236618004403
722758.796491,4367632.88039,3.262494544251313,3.263806019126496
723463.989828,4366261.97462,5.58109184178821,5.5607002689984
722496.182631,4367085.53096,4.510654989964999,4.57146734936142
723021.703816,4367779.54979,4.141815881845738,4.15050362028783
723199.55972,4367864.4943,8.167419441247482,8.015208918286952
721637.018866,4367701.16714,6.571978147684516,6.4487366278506295
722457.839209,4366630.84322,2.1434041648939117,2.185764113491707
722828.495715,4367540.48849,3.5367761535980278,3.5217704749276306
722364.294798,4367578.5531,6.760802300880985,6.95480068199025
722225.444473,4367023.62525,5.467396707932944,5.426204155075218
723371.132795,4366269.58015,5.917755332053558,5.852419598997629
722496.599837,4366530.69997,2.1385019372320073,2.1551245127374052
722162.928354,4367894.26867,9.343096166219395,8.954208969408345
722836.749416,4366893.22542,2.0749805312331615,2.0949952432276397
723363.289347,4366392.87601,5.535361953972806,5.6222858396345545
723161.691845,4366901.2694,2.6624607242897906,2.7048647565809993
722109.556646,4366792.34097,2.378971929263769,2.4038757701524585
722905.964227,4367409.57706,3.6770312241472425,3.6821813139026975
722388.713821,4365937.19163,0.0,0.00021515701877362293
723184.792219,4367032.29402,4.080498506631674,3.9575394782198243
721900.425483,4367138.91104,6.490651758486088,6.434380625821701
723299.679022,4368380.82124,4.8195643889621325,4.836019990573094
723517.602609,4366886.24337,4.013436955532192,4.026509811925749
722247.847863,4368133.19754,5.764591542888089,5.761936331728498
722627.384051,4367501.75861,3.5938658984588105,3.675206853726992
722628.391699,4366191.74587,1.9902790395605063,2.001085708731219
721776.235705,4367747.52006,6.615900260904406,4.962534651931827
723354.840867,4367217.41484,3.040023046936804,3.517271292900838
722069.978521,4368063.68743,5.2242258260208265,5.284452806536141
722742.889993,4368179.91415,5.704404074885563,5.652178642509521
722155.231233,4367840.32689,19.18553976299549,13.694587512790537
722765.96107,4368349.43845,4.625898985391137,4.532653496247257
723609.829093,4367572.14954,3.482139349963245,3.465876021088466
723416.720024,4367232.89377,6.155634077907823,5.2752333500914705
723448.668673,4366084.70416,6.0252219341571065,5.962195153215313
723068.632493,4367163.16886,3.8026994503543863,3.777158803071387
722178.820677,4367308.68929,7.225909349537352,7.256248239163933
722441.447384,4367856.01128,6.093542271908323,6.0299074773932615
721621.770919,4367354.41883,2.197753778970161,2.2441281155383397
722999.613254,4366415.61006,0.8743316835062915,1.3745849282285931
722743.555523,4367340.06189,2.924940246989604,3.291783187625385
722674.85257,4366145.55207,2.123550190952537,2.070492806396257
722456.925011,4367848.32144,5.981977303606441,5.9358845820801145
723494.391855,4366886.21774,4.027152420972615,4.038404724085655
722162.944943,4367871.15396,10.676648281861613,9.935966702236753
723402.096202,4366254.20051,5.466041357879745,5.443852997178192
723463.606196,4366701.23795,4.0063693609175655,4.0130668468654
722465.403477,4366862.03197,3.5742766082632755,3.5463231204959156
722697.9046,4366353.652,3.2198825771018638,3.2257018681568974
721992.901306,4367662.96029,7.382429774869202,7.35010701208832
723230.931071,4367363.68674,2.879413873275291,2.891803520135903
722937.856986,4366238.2969,3.6259445681965135,3.670806695737196
722402.63502,4368033.18541,6.5810781903068225,6.556419272290975
722078.871906,4366414.71062,0.0,0.018444965348019624
723409.580215,4366547.05404,4.1619857065942885,4.531875923111765
722898.762056,4366746.87471,2.3212400954904715,2.3843983426944364
723548.035558,4367464.20505,3.1032636111704384,3.1016623075935623
722999.775937,4366215.24097,4.111834676907932,4.058840238993818
721737.75991,4367439.27925,5.200570100950948,5.313642204277528
722682.34649,4366461.52604,4.141977077324674,4.167238203568206
722913.186218,4368041.40428,4.922222441444635,4.937868675554575
723261.2747,4368064.88853,5.246009529132468,5.232287987507317
722852.68926,4366307.56885,4.063587985218548,4.0546251195641005
723409.366161,4366793.65196,5.808836816495347,5.676707821632394
722100.767227,4368279.44564,1.7135866152525718,3.2031539753663743
722356.780965,4367278.03638,6.253128489057927,6.198587592501214
722627.096729,4367871.60491,2.5099034379227514,2.6930679963097655
722750.53333,4368295.49105,2.8396641838425043,3.745371605921486
723106.443314,4368203.40727,4.254219913010528,4.264387301301675
722975.80574,4367147.66035,3.4662290868919663,3.4334496711689955
722209.130634,4368187.09317,5.559759793789386,5.437730704403812
722767.601436,4366276.65679,3.4275671784059334,3.4718917070981874
723317.166986,4366038.3211,4.631191506163736,4.533985980394777
722317.359595,4368279.65169,5.930567487268344,5.8358071414900445
722534.401883,4367694.29681,5.222999355407828,5.19244956900418
722921.17989,4367725.50909,4.587817611458123,4.759286984269668
723284.608403,4367918.52105,7.404278494773064,7.343824344816291
723154.038811,4366801.08338,2.637617577153716,2.8058567895413313
723130.473774,4367224.87939,3.2784048073225924,3.2707229906081388
723246.21959,4367579.45418,4.219462474490412,4.020462019931554
722394.968705,4367940.72007,6.575140502903731,6.559256816696615
722937.110076,4367163.03159,3.3386896081560766,3.2381860802105886
723408.56526,4367710.61995,4.859226940504754,4.894896537689681
723385.107299,4367995.68015,2.9582903989656906,3.236269511747096
722836.318485,4367432.62166,3.363280959490328,3.4180675433480836
723038.501472,4366169.04125,3.9183304688158684,3.909501262297634
723540.59431,4367132.85662,3.0666314576888603,3.5056240473994214
723509.913296,4366832.29272,4.125357015545431,4.217779978405075
723300.286627,4367679.68079,5.302485653972006,5.364584318666027
722031.640774,4367578.23921,7.928314609494964,7.733224762641099
722711.941595,4368187.58738,6.046618614233404,6.018510368418972
721962.1962,4367316.19441,6.670214288866572,6.701469621341365
723316.157961,4367217.3728,2.615069061125311,2.6419084734624088
723270.590618,4366215.52573,6.282012102822931,6.169578690223495
722914.006126,4367032.01017,3.1180605097642946,3.081477097717569
722147.434599,4367925.07363,9.905632993948393,9.95891685430543
723146.513945,4366546.77181,5.173558124429432,5.296574949884206
723261.572959,4367718.16469,5.552659883136021,5.601849953861366
723477.531907,4368450.35798,4.862905967629008,4.830992563267548
722318.750536,4366384.10892,1.5147479524805045,1.5002001759209767
723332.668768,4366007.51053,3.8839931387993305,3.8492687218847945
723331.916643,4366886.04003,6.109097443268247,6.11170928168728
723501.384718,4367726.13297,4.150109562358617,4.246710862071026
722929.51706,4366985.79127,2.96160144643457,3.024420638376687
722643.428908,4366762.02903,3.122823855402582,2.969746442392091
722605.342891,4365975.93531,0.8159835367085171,0.7785385160239439
722797.747192,4367293.8838,4.358362194986432,4.592136606177771
722596.486526,4367440.08507,4.653975852331968,4.698354137600521
723262.231971,4366947.61239,3.788370364892718,3.7115533969040655
723309.527331,4365922.70998,6.474419104456938,5.749548232190577
722612.704989,4366469.16332,2.7449291392142783,2.7961494585330935
722124.232756,4367917.34696,20.786208560538835,18.804837127745415
722309.795251,4368048.50505,6.640749755833802,6.613480052747906
722688.777416,4368133.63117,5.935860392755693,5.922696261249589
723493.243698,4368180.71517,5.677617925920456,4.64259906668359
723130.208813,4367540.80343,3.829969185756301,3.8414182335297253
722751.849439,4366631.13341,2.651662358417456,2.648263136636878
723509.974472,4366762.93815,4.075851152489563,4.083847745502906
723029.363091,4367872.01818,4.839056731041458,4.847073191493733
723115.366751,4366785.63038,3.0803827016007426,3.063666526536295
722557.970042,4367224.29339,5.7773713820641435,5.784726660980442
722140.596733,4366661.36698,1.9518750823122462,1.9862030023984343
722511.093895,4367825.25979,5.248720229238868,5.314483193407193
723300.545685,4367379.17278,2.961104587338997,2.937452670945117
723301.645645,4366092.2519,5.0339162891867195,4.967338658456415
723308.969658,4366577.77025,6.861620647443988,6.715564465535088
722727.785,4367717.60565,2.7682166922714107,2.370845528878263
721946.128091,4368179.14296,6.938815969690595,7.124086476414772
722728.052357,4367378.57354,4.384115384856208,4.302779492434076
721660.347395,4367516.26403,3.6989118753750945,3.734553231804591
722549.684643,4367940.87197,5.314975033514178,5.401550127553259
722851.393843,4367925.76734,4.34719623417347,4.494996655037423
722982.992088,4367818.03445,4.267031683510572,4.255697123768073
722573.854762,4366684.89941,2.1569682450814476,2.4468945289045125
722480.044833,4367963.91778,6.526990374615811,6.362751591978181
723392.76859,4368080.4419,3.1970047452501427,3.100266942205388
722404.036915,4366145.28815,2.6586364673485954,2.6135707214491446
723369.985598,4367594.99919,3.1837440126405117,3.264417215829557
722626.802136,4368249.13829,5.775435112743178,5.8629522054616885
722325.07786,4368302.77272,5.9664221322465165,5.540288965343411
722380.722635,4366283.98413,1.084601279373224,1.0545670185208562
723075.365087,4368365.17035,4.2997235885547775,4.284243888225613
722588.886492,4367262.8518,6.551582110664808,6.508537691823828
723098.934516,4367933.73142,5.088617724898973,5.230128197379593
723540.676539,4367040.38724,6.438984183267598,6.49542969635472
722557.372951,4368002.51843,5.62385250118732,5.77464629131793
722936.095912,4368403.54585,1.9765535715366627,2.102714350342508
722804.861337,4368072.11158,5.049019805433826,5.052881855212885
723192.476949,4367093.94855,3.596480035163746,3.770022836951934
723309.271917,4366223.27386,6.091541370509886,6.093891984153369
722859.953832,4366900.95506,2.1281748469245803,2.2655074532509047
722202.228868,4367031.30917,5.750714497253982,5.764281381242615
721606.387333,4367215.70726,0.7826818107011916,0.8481835788273406
722628.085116,4366592.47893,2.5240903712854585,2.533803535338703
722473.117304,4366892.86321,3.528546720447874,3.4863594876121113
723052.744013,4367664.00545,1.5972809033037783,2.105975776918623
723038.148584,4366600.60189,3.7103363644979472,7.208741120026159
722929.110603,4367486.65493,3.4164977809944355,3.44668428549447
723262.067701,4367140.25755,2.271398953532715,2.303410889880995
722774.854496,4366893.16259,2.6062683265760658,2.9202363682485957
722201.434266,4368133.15333,5.370838307761958,5.3272001755796135
723347.774839,4366439.09788,5.541364658168114,5.625544764410677
722596.105445,4367933.21333,3.636561925780448,3.571757538804149
722596.379572,4367578.78055,4.461859310331843,4.592286626462739
722704.546563,4367756.10757,1.8297279578257675,1.880335081078977
722348.542488,4367956.08471,6.572268222603651,6.624125956166071
723208.786894,4366099.85967,5.097008738242811,4.937090305290127
723416.753703,4367194.36558,5.915367407619778,6.9910820614141125
721606.060096,4367724.25531,5.305842290138389,5.103726104709903
722658.688302,4367039.45704,8.90542004844388,7.492004829610523
722387.365319,4367763.49862,5.295837783146206,5.277786832573224
721830.434115,4367678.22303,5.966195919975361,6.016176778018315
722442.815833,4366022.01824,0.191169290136996,0.25153324696738805
722782.145821,4367455.68247,3.33278346736223,3.321789747573304
721784.074607,4367593.42516,4.9904458310796445,4.937961584935373
721846.155659,4367308.38415,6.200460270782846,6.132256034171537
723339.99123,4366493.0342,5.438545410206675,5.431122758505007
723355.067488,4366955.41864,5.502702749682084,5.567442979703594
723215.26155,4367594.83137,4.168892105729976,4.168648166572709
722565.759531,4367154.95053,4.288234852069196,4.21077161639645
722225.886021,4366407.14058,1.1365530626109603,1.1454834889977232
721799.870767,4367107.99859,1.6994062220405648,1.7332921781707593
723640.836855,4367502.83622,3.0838422489619113,3.054388709754136
723138.712578,4366623.82614,3.51337895683804,3.2480197972265823
722729.081488,4366060.83238,1.9195802028868059,1.979705571773749
722804.644372,4368341.77368,4.804364309313562,4.800992536160747
721900.08984,4367632.05515,6.778584585910501,6.816803250686925
722658.932657,4366723.51405,2.8766029549773346,2.955798983956712
722488.498231,4367016.1717,4.198969874069246,4.2327430245260995
722170.536427,4368071.48651,5.182497741002297,5.225141854146583
723076.388232,4367140.05988,3.835035878972492,3.929257369423992
722897.532424,4368264.82423,3.543037001388481,3.7447098501987455
722906.300499,4366993.47318,2.864113575435164,2.899160848042985
722000.936781,4367231.46932,6.640652807717593,6.647806989310842
722751.819253,4366669.66421,2.941208679490212,2.7396257300525586
722959.98008,4367579.1507,3.289441888695355,3.357856877046303
723447.673128,4367225.22217,2.918453571642742,2.9374917010256105
721706.910852,4367292.84974,3.071901472648766,2.997540062331111
723192.678295,4366855.06652,2.9503191094106818,3.0569521997004205
721730.15552,4367238.93179,1.1836221424601934,1.2235580095934293
723083.243072,4368195.67788,4.069332161103966,4.093656850489148
723046.113107,4366323.18089,3.6853252893748674,3.6862054590084745
722357.555317,4366222.30984,0.5719087674986447,1.2472556557789505
722836.151585,4367640.66457,5.783148258703043,5.40649857888435
723454.940933,4367756.90202,4.576231926856334,4.429860148052016
722635.412699,4367124.19684,4.134683655153638,4.589277211513409
722883.251008,4366793.09517,2.372004360483327,2.314435407239562
722240.078395,4368179.41797,5.461168176181227,5.5186792267778655
722758.484009,4368025.83538,4.7477589203190815,4.870367981804716
723208.106603,4366909.02474,2.743883484532304,2.7045267446655403
722968.244852,4366931.89018,2.9873869523430847,3.0023304626492577
723215.136771,4367741.22998,6.8442261548793075,5.811625882226247
723325.003082,4365922.72661,3.345434427098084,0.676226623691192
722349.163688,4367116.21146,6.457379318888867,6.437849271686639
721644.83498,4367577.89209,3.3811274918825696,3.3501673248724604
721954.205093,4367686.04016,6.994453416381967,6.904503089835062
723301.665318,4366069.13164,4.820274572384845,4.942268145674388
722480.715123,4367077.81013,4.69034639978568,4.737196436907776
722781.567907,4368179.95367,5.2382317510951335,5.214121549414497
722357.60583,4366152.95052,3.5011800369297497,3.45262492630458
722898.015513,4367671.54906,4.815466022763799,4.813754754247266
722782.652152,4366816.11081,4.460632839718842,5.511630145406319
722875.452264,4366870.14715,2.0319101764628256,2.0831096615545133
723294.005948,4365976.64161,6.741471154280594,9.732811559745521
723300.49256,4367440.81646,3.2523934738576714,3.1775116206610337
722255.492952,4368256.47863,4.974083912895547,4.6519708106334265
723555.744324,4367495.03527,3.1279163245068133,3.1224898045101703
722897.677115,4368087.6169,4.793746567014883,4.80217025649044
723354.083294,4368088.10414,3.133276747432234,3.2265946522023397
723393.999017,4366670.33715,7.474179625419139,7.0226169995656
722101.819759,4366792.3338,2.283543051589576,2.2786938349267847
721815.184305,4367346.88364,5.609910823475739,5.863179371055989
723068.925687,4366808.69965,3.697491893244422,3.4327961119863253
723439.114785,4368157.54077,3.9970104052706232,4.124368815317887
722411.785827,4366129.88228,2.4281773301023355,2.363456180994501
722550.033339,4367486.27112,5.652897310431262,5.707434301363847
723394.159055,4366485.38654,2.6852706539886904,2.204283277877288
722008.54497,4367416.4071,7.381784223523962,7.411639851412902
723207.256225,4367910.73246,6.129783939921835,6.670556854265768
723030.789,4366138.20657,3.8674696404215485,3.8806714547371435
722983.327775,4367409.65738,3.918588612411013,3.9005384308828104
722828.024871,4368126.0686,4.718100491053892,4.718253347455964
722116.320802,4368163.89162,3.0125432572831032,3.0515268319244018
722960.683193,4366716.11411,2.8854842872660478,2.847491225180251
723200.408762,4366862.78074,2.9818362879753404,3.109939299950148
722759.59259,4366623.43506,2.708848859037076,2.6942242068532556
723130.969025,4366631.52414,3.4772019209020004,3.5148006757634347
722751.157953,4367509.58846,3.2124533506251853,3.2143870435114965
722241.382695,4366376.32957,1.1025446637029896,1.0606172331119186
722394.864641,4368079.40636,7.551988182972247,6.920734949812983
723068.893866,4366847.22969,3.4991145034538422,3.4659709471439655
722487.569058,4368241.29509,7.461206274725415,7.307736144901345
723339.46752,4367101.81253,2.8172381994609745,2.8539228753539345
723253.982156,4367548.64133,3.9783571260542057,3.915655984216881
723579.029336,4367410.30159,3.088121431091272,3.052968670854001
722543.313402,4366145.42275,1.2545209346235744,1.2663885140510132
723191.56764,4368164.97507,4.520433284686025,4.582979035235814
722039.705056,4367108.21524,6.186195817398645,6.261300485065785
722450.456671,4366153.03942,1.468466287539413,1.5807755484581814
723052.871963,4367509.90031,4.8641970703194835,4.860246354563281
723400.646581,4367918.64801,4.911120727994401,4.832869674617185
723238.608333,4367433.04416,2.7929598135732974,2.7887318619832
722984.294639,4366222.93152,4.316375966372756,4.243403337050341
722055.628038,4366460.92728,1.267294233648931,0.18927396310314742
723293.999406,4365984.34843,7.16520597905928,7.065494579162267
722372.985223,4366283.97673,1.0480853097451965,1.032274161695938
723075.578553,4368110.91792,4.388149503691816,4.391875028209815
721706.835174,4367408.43066,4.892080041027895,4.782037260869331
722132.325576,4367416.52163,7.426868944708876,7.3010053611226935
722201.624193,4367871.19041,8.446670795694176,8.67263300303375
723494.696786,4366539.44101,4.932484707317215,4.888403376052184
722357.712339,4366006.52337,0.0,0.00349820647709124
722450.038984,4366715.60297,4.003948735730301,4.018115269593559
722023.85084,4367655.28366,7.520748576097451,7.526206508053172
722147.726775,4367516.70522,7.8516032583999085,7.798424409010759
723316.785943,4366485.30278,5.780179030286753,5.741697493001495
722024.62605,4366537.96162,0.753327017549965,0.7638529939242297
723138.763959,4366562.1762,6.543868579990198,6.198171086466561
723231.831476,4366300.25682,4.962304332061338,5.332887977674328
723107.999952,4366338.6585,3.7594867511277115,3.775201075131269
722533.910865,4368333.79542,4.504845797287364,2.1682284705290757
722953.493227,4366037.93922,3.3462088578835187,3.371272875526475
722264.561548,4366422.58964,1.6037869105666722,1.532652557179075
722797.353998,4367787.02216,0.5782405951598965,0.6332716242190664
723060.403057,4367756.47525,3.45696707936123,3.230460209425749
722620.395169,4366530.82136,3.130856314602342,2.9660581232525356
722526.665864,4367694.28915,5.279314284768428,5.20258462509856
722604.193143,4367478.61947,4.10044288853856,4.246558620443107
722419.102337,4366700.16091,3.0064018634215506,2.690655237000201
722542.22646,4367578.72683,5.050988390793526,5.098402111193323
722735.35022,4367933.35353,4.4052216052986255,4.635984698741502
721761.238708,4367030.90753,1.2934347350901148,1.3969169780366668
723176.958073,4367147.87213,3.2016776829229174,3.2634041580280715
723092.544159,4366315.52283,3.663347690030809,3.7482551864478277
722309.743972,4368117.84749,6.068757024341652,5.999244111654934
723276.952231,4367826.05275,7.307590445732382,7.183891588164173
722094.039647,4366853.97418,2.831334724858167,2.843174078437891
723517.922183,4366524.05389,4.991672301692643,4.979994212455824
722403.319931,4367116.26353,6.147178817201261,6.125732058806337
723563.383959,4367602.91856,2.9882131272619743,2.810444006613055
722696.931694,4367601.99691,3.5729535742488125,3.56901194622436
723254.776561,4366616.24329,6.517211695180039,6.496139082648476
722945.736919,4366061.05162,3.3342357655316377,3.3414501534439225
723015.226004,4366246.08335,4.034446227858399,3.9101054042940415
722604.300107,4367339.92229,8.52877123096329,7.315628619484978
723431.726066,4367764.58148,4.823404996280069,4.803544372159576
722758.716928,4367733.04727,1.4056678567286103,1.6861571058927132
722309.994324,4367778.83405,6.045198632102731,5.900154980166682
723177.456455,4366554.5108,6.3257730205638865,6.023365426975183
722342.203346,4366052.74915,0.0,0.00033568085967340444
721838.279274,4367516.42153,6.6335855978177145,6.695838842435861
723199.834993,4367540.87775,3.5609804818969346,3.554361572012569
721938.674729,4367770.78154,6.768870538552201,6.805418768820022
722611.4812,4368056.50597,5.768754541163896,5.800774558830168
722573.20664,4367532.52593,4.851868886256248,4.833021920861681
723239.516976,4366361.91713,4.257640796539636,4.399098725449542
723384.850078,4368288.46011,4.754858446257699,4.757573483638166
721946.601727,4367493.40363,7.254632152538165,7.2632423070961485
723160.670963,4368111.00872,4.249249783195801,4.253302485292536
723170.021526,4366192.29899,4.467539238854533,4.344804895781017
722851.549313,4367733.14221,3.6592493238324724,3.6655265907073256
722797.390899,4367740.79178,0.3557914593900463,0.47572011328057395
723533.661593,4366223.51806,6.0216398551490595,6.0859878792581945
722551.230612,4365906.52076,0.49712440448128875,0.6106642800040136
722759.301935,4366993.32326,2.4439358232059787,2.485252082244716
722952.105128,4367748.65656,4.170925323167151,4.032576902750545
722845.092093,4366130.30946,2.9275736194318833,2.8474472270858637
722511.545107,4367231.95333,5.7000148643386,5.7120503089483465
722473.174981,4366815.8038,2.484427819742837,2.6143681624082933
722820.876604,4367394.07871,3.464680225321094,3.496437090790932
722038.938179,4368202.34242,1.2374198832320673,1.337604916995363
723323.974232,4367124.91301,2.700322426102344,2.6745592831811704
723169.338097,4367009.16005,3.5532673359370706,3.4817344426934707
723316.943831,4366300.34794,5.333983404441946,5.600218332454149
722279.511768,4367146.96759,6.830768833034028,6.747952290504536
723199.848111,4367525.46709,3.4724253026049454,3.489674240268719
722634.555752,4368226.03233,5.8088691325340855,5.8483884170744
722248.331006,4367470.56829,6.249836484969019,6.196750594973569
723409.486627,4366654.94164,4.051227485116577,4.494671939633043
722968.345145,4366808.59485,2.889996029459888,2.823369394919311
722109.231126,4367254.68577,7.397242831482425,7.371287095453869
722697.058557,4367440.18562,3.4165624130719094,3.4866856087641804
723378.710981,4366454.54422,6.486973116076583,5.694598858595999
722751.873563,4366600.30867,2.9022949752023623,2.910426510375608
722720.720593,4366862.28426,4.024248209348546,6.200582151107646
722341.923287,4366438.07553,1.9857188233085614,1.937211562782268
723045.486203,4367086.08728,4.222947990096995,4.043294942972912
722008.330376,4367724.61519,7.591295258088768,7.665742899908669
723214.754732,4368188.11412,4.628061082268508,4.630874755124069
723091.707579,4367325.01086,3.4262118283527356,3.4453435480615133
723262.199143,4366986.14182,2.446304704259788,2.634512326683233
723331.962986,4366832.09804,5.278023566792701,5.2710360782521075
722650.67667,4367393.90665,3.441153764406161,4.953733309124537
723439.557174,4367656.71769,4.236921983847312,4.221286686408196
722163.474173,4367131.44697,6.644848506746884,6.589758946176259
723075.559199,4368134.03211,4.265644017418635,4.285636243220865
722937.116347,4367155.32595,3.332299496210676,3.2496792443781928
723222.371237,4368326.80552,4.544443716752512,4.535164632503594
723067.668451,4368318.93503,4.246990738202221,4.243521376767867
722960.614407,4366800.88084,2.7720959634214073,2.721396293188693
723478.442539,4367425.6005,2.1098605014001515,2.7108450088236777
722063.140555,4366784.5922,1.7853730405156538,1.8434763561950198
722147.671756,4367593.75751,8.995943428380818,8.945350228339006
721900.378427,4367208.26135,6.203300235044186,6.267454482182429
723230.463858,4367910.75745,7.616984200595819,7.523529283515759
722720.942971,4366577.15897,3.0927493571386626,3.1482240825724226
723091.430986,4367656.34117,3.4045246886425544,3.1704176677002254
722992.169454,4366053.3926,3.5690483348534046,3.5780861052384934
723230.11332,4368319.10932,4.655686294096523,4.64313314808507
722434.918958,4366237.79692,2.0919622248744556,2.19970511831315
722882.817265,4367332.49853,5.556597053855422,5.395104146562878
722520.16412,4366060.62663,0.7666457459076874,0.7248544758440718
721644.944988,4367408.37654,3.515541053715411,3.4633738121378315
722318.672246,4366491.9977,2.2431447330935765,2.2164429051372663
723160.710241,4368064.78002,3.775687473832874,3.9361946842367392
723354.92088,4367124.94661,2.83759557264862,2.955031058312933
723500.779351,4368404.15712,3.5759547339890925,3.8165470033712716
722302.218664,4367832.76159,4.864358265798418,5.145945235014778
722612.857876,4366268.79631,2.281593701967219,2.2920452621144145
723494.683221,4366554.85365,4.829343068397907,4.816093473280198
721722.368496,4367315.9797,3.688875052344175,3.6538582156741097
723377.802458,4367502.54381,3.3873560236342866,3.272494733974608
722821.324602,4366831.56198,2.228334946555701,2.179548763606079
723439.203426,4368057.37878,4.473896650046447,4.026296663028557
722372.973918,4366299.38972,1.1405709272485138,1.146347773110234
723439.977066,4367178.97967,2.504991592392175,2.542805378752438
722357.549685,4366230.01636,0.6480260228458548,0.7298199590019527
722828.155314,4367964.26795,5.020168507707558,5.007814338471466
722264.322936,4366753.95563,3.9757753053880056,3.73954084344212
721900.200235,4367470.24565,7.406601402414625,7.37233390274125
722550.456411,4366931.4683,2.3059753837644275,2.3317235434888928
723417.677887,4366130.91088,5.4631690775796615,5.4958136650183045
723540.697046,4367017.26972,5.8183246515824925,5.600698045582899
722388.267683,4366546.0079,2.554068113790541,2.5311901449803753
723177.230368,4366824.22605,3.2363543313461927,3.123059758734403
722108.535723,4368233.22564,2.4462756582963996,2.6403311345365306
722565.976985,4366869.83629,1.8324613561022307,1.9122618054191125
722124.023251,4368210.1265,2.9795772429817595,3.0228815949184957
721884.706832,4367501.05279,7.20025349249853,7.222440945273304
723547.593914,4367957.33604,4.00178663885293,3.9634702099803145
723369.453419,4368203.69215,4.797941881329425,4.085769819619138
723075.765677,4367887.47711,5.416987534651443,5.42322415079885
722913.700556,4367409.58507,3.737573783861124,3.7647586334930003
723516.72627,4367872.54679,4.082273580473701,4.153707169223273
723439.950051,4367209.80232,2.748685686360027,2.9647710718007243
722085.406045,4368125.33943,1.9784673350449333,2.214720586843761
722928.972464,4367656.17075,4.241601269313412,4.192077845568212
722187.166767,4366453.34244,1.2073938590262525,1.1456739877420794
722179.402173,4366491.8667,1.0508929579678057,1.0452101544718115
722086.426662,4366676.72909,1.5048145215378077,1.5245475567437166
722294.392046,4367956.03261,7.463949290870549,6.935324929580279
723369.723264,4367895.49911,4.509493151429471,4.938241958502736
722890.957018,4366831.6331,2.279396018975762,2.271382502745426
723060.377383,4367787.2956,4.215364108292079,4.135659375234779
722620.141064,4366862.18384,1.653731348433963,1.7137333943157993
722820.301632,4368110.65117,4.872620014987308,4.80246196490841
722364.13451,4367794.29623,5.750811445370192,5.696688789142277
723185.290497,4366438.92389,3.7955025915848153,3.816136141486647
723191.830397,4367856.781,8.247357779639227,7.381218309670174
722967.741489,4367548.33771,3.3406581935157744,3.3812388398717506
722743.147176,4367856.31205,3.5582051497130607,3.5963966863291312
722789.820753,4367532.7437,3.134919479401341,3.1807870777839686
722240.196674,4368017.61928,5.497958447423768,5.862643720403077
723045.651371,4366885.73525,3.822127160356238,3.801951235955364
723293.284772,4366824.35026,5.269761817603811,5.264552409835686
723176.613264,4367556.26357,3.5243190900945924,3.5284065834847618
722944.620841,4367440.43873,3.6027085669154633,3.6489795398643072
723501.240608,4367887.93953,4.169150249325122,4.214121251908583
723068.982914,4366739.34514,3.8626287747617685,3.7442105256587217
722225.205718,4367354.96571,6.268909487974261,6.346228155924141
722890.210689,4367756.29739,5.4972486487158045,4.756509830846187
723392.843078,4367995.68868,3.3745761844582325,3.4855006057843148
722914.446758,4366484.87967,1.1711198749740037,1.3455176706627758
722698.017711,4366207.22807,2.6165600231267794,2.6564875650328976
722804.966439,4367941.12944,4.87136122833557,4.8798891851254185
722302.048189,4368063.9071,6.595826614842571,6.401949752810983
722774.446173,4367409.44225,3.7020746153090576,3.6521257536068976
722433.572038,4368040.92035,6.884147234731823,6.968264355091275
723315.263951,4368249.86061,3.2044757132768553,3.5239712179401805
723479.060086,4366724.37343,4.043417775755252,4.048990505821995
722543.4292,4365991.28838,1.3327874950828245,1.092113742047256
722263.556142,4367809.60966,6.908641253235116,6.749159539999345
721969.735807,4367601.29794,6.378796330550326,7.11659500251497
722967.507536,4367833.4283,4.320087309535745,4.331432959065525
723378.07066,4367194.32324,3.198218135561749,3.06882376929301
721830.449746,4367655.10776,6.03412923469123,5.9416280531681025
722945.551112,4366292.25075,3.8779581185652834,3.858487373987153
722659.430508,4366076.17659,1.6049068151947925,1.5943212742898558
723068.177627,4367710.25276,2.516015785820916,2.5135121034128103
722334.476824,4366037.32833,0.0,0.0006742166491620837
721559.673915,4367677.98487,3.067931985890632,3.0522003399132362
722697.070665,4367424.77483,3.726181995491755,3.7101553523623956
721962.270348,4367208.3174,6.477549143637418,6.479536238393026
723470.767312,4367356.24263,2.008148077765439,1.992828812477673
723416.375785,4367625.87116,3.616585612549571,3.6990007960333884
722000.233624,4368240.82941,2.4757725073679056,2.3556714115120303
722518.688313,4368010.18495,6.245866998210879,5.432899297581227
722820.950491,4367301.61302,4.324444204043971,4.5923015195400225
723355.134029,4366878.35923,6.6931278991897525,6.381409366201657
723083.340051,4368080.10706,4.593659120174496,4.59621010595372
722596.021787,4368041.08098,5.705533597382355,5.660881810321265
722967.088379,4368341.94243,4.119773650424202,3.9677252639548883
722016.206127,4367524.28842,7.4216729873377405,7.42201396232619
723293.514964,4366554.63473,5.517967461408128,5.545808923703657
722659.489536,4365999.10902,1.2624792400558762,1.1585591144478218
722944.406894,4367702.41781,3.796793309560542,3.4894481299469726
722162.961606,4367848.03911,11.618092972064778,10.618510221631668
722264.372952,4366684.60107,4.255801090620135,4.437391978721123
723193.208522,4366223.15005,6.713684746973645,8.182657142223263
722565.06707,4368056.45962,6.039098979791214,5.955503521471777
723362.944073,4366793.60145,6.121683770926627,6.092419268018227
722953.226411,4366369.32354,1.7339795745543025,1.8058526175732104
722302.817099,4367015.99272,6.313638732733071,6.255599328752804
722255.645553,4368048.45309,5.585512983659162,5.728142472076832
722527.39169,4366738.79646,5.454132897605338,5.3103080923901596
722945.544892,4366299.95724,3.891447756449301,3.8506257212101263
721985.453228,4367246.86622,6.648624097272601,6.664197727246087
722736.308901,4366715.88537,2.4464337760573605,3.079351572593464
722983.18865,4367579.17495,4.577522644832059,4.777784713696045
723192.28155,4367325.11773,3.006818124777656,3.0084626179708893
722588.667178,4367547.9518,4.558256130309145,4.575455696375315
723176.756575,4367386.74512,3.0810280605886047,3.1688358410768385
722667.250939,4365968.28949,0.5506284636332731,0.6183184670944408
722101.68452,4366984.98076,4.835474652033411,4.757040243992557
721706.931097,4367262.02783,2.7037756256701884,2.5918359655706857
722928.745971,4367933.55244,3.194684338254438,3.130574728414099
722070.125711,4367855.65719,9.76337702200074,10.744758459564498
723277.764856,4366878.27558,5.532651253866408,5.452221244642173
722457.441581,4367162.54999,5.666742424741377,5.785099893530986
722782.347587,4367201.40119,3.9815517973121595,3.9830191793773624
723115.110035,4367093.86637,5.027526561956067,4.872079480765374
722341.917654,4366445.78191,2.0128275555889115,1.9764327922654648
723323.921143,4367186.55862,2.563720606789342,2.7246259623318854
722698.154531,4366029.97452,1.703398406968765,1.6707391340064621
723130.981802,4366616.11169,3.512087854147567,3.6702919624097374
723571.258439,4367448.82018,3.1065198367878883,3.1035700483924833
723377.094224,4368311.56537,4.801847120724837,4.792337739303594
723276.872477,4367918.51264,7.4950273175516635,7.41641944278561
721606.199204,4367508.51165,2.855548671025745,2.70156139354874
721807.205401,4367709.0225,5.634147467813385,5.725509976014716
723479.175016,4366593.36803,4.027314001166299,4.08125365012801
722883.54072,4366430.90347,2.1196549541405467,2.135450033905156
723423.561685,4368249.97978,4.657622563417485,4.67359247727969
722897.412812,4368411.20997,2.9848505280170152,3.0097237240678245
722643.30416,4366923.85424,2.7072642189947453,2.9049362474734344
722108.612802,4368125.36111,3.157855403179839,3.2140894766573735
723330.755208,4368226.76367,2.373511480504164,2.7318565294228656
722674.430567,4366692.70507,2.6232177041786215,2.9337527195705007
722558.363116,4366708.00253,5.3623830470553955,5.42318982347141
723084.278376,4366955.12905,3.509828809153986,3.530685740211152
722689.95248,4366631.0714,2.99034637053333,3.107258038985611
723439.414454,4367818.52559,4.712130102897323,4.959146129453107
721861.763431,4367108.05378,3.736186117769187,4.183377411539475
722108.739199,4367948.15189,14.916829569044353,15.446109878211166
723509.079644,4367772.37237,4.898340888818348,4.586514247716291
723516.498922,4368126.80798,4.143558254934281,4.011776323170622
721869.422084,4367223.64454,5.767721966783318,5.729558724013314
722721.062819,4366423.03284,3.6568610146839435,3.6565979921363785
722178.127151,4368271.81398,3.4464139691400217,3.4782678804435903
723021.825002,4367633.15215,2.718346504350263,2.751447860914842
723423.670682,4368126.70469,3.570371753582613,3.6018821673231587
723139.013633,4366261.62578,4.059650814499149,4.131254694153718
723199.355967,4368103.34549,5.3958493828850385,5.366711085649333
723486.986565,4366508.6071,4.944070776633752,4.9111877453033115
722117.380173,4366669.05157,1.7912691787260837,1.7816832713862458
723346.582672,4367818.42355,6.284335395179238,6.304728829988367
722805.600094,4367147.48527,3.1774283429986294,3.2485049387765783
723183.923985,4368057.10013,4.0210531533758465,4.2728589562424615
722883.694287,4366238.24153,3.4552889536354128,3.469963758387799
723068.261158,4367610.08531,4.008176366083582,3.946169243878864
722334.286865,4366299.35289,1.1441984025966878,1.0789505393026442
723037.444091,4367455.94653,4.244731693208637,4.2073709407788575
722990.696308,4367856.56755,4.578813747522534,4.479249012813211
723470.685725,4367448.70822,2.478935054944497,2.5227242447951244
723440.837423,4366192.58963,5.542784640298786,5.569329859345376
722464.713364,4367778.98411,5.381197906465497,5.371566238075972
722387.937976,4366992.95687,5.497958447423768,5.471861921955873
723237.88859,4368272.89029,4.66565810033522,4.663845551429711
722782.170296,4367424.86097,3.4859153252037083,3.4835675699908015
722619.992854,4367054.83006,9.119804649421948,9.017791980549058
723138.048696,4367417.52574,3.2072899016501615,3.2015513452930437
721784.20304,4367400.79372,5.616074723149986,5.717355383732591
722619.294924,4367956.35112,4.186899833601156,4.183163394725808
723425.488861,4366046.14498,5.818712059332579,5.298808164167894
722318.183344,4367162.41573,6.46086483449545,6.476449581186251
721606.109837,4367647.20468,0.0,1.0530693814299943
723270.538463,4366277.17847,4.173958798946166,4.6814886720549875
722248.515342,4367216.28873,6.828315891808029,6.671482848811743
722774.403414,4367463.38,3.302544503544028,3.29784393912056
722303.247964,4366422.62617,1.7374164237454075,1.7400916283380408
723408.747616,4367502.57781,3.2921206574777644,3.2031434646709576
723440.817308,4366215.70963,5.86347362013013,5.642867203750408
723284.248292,4368334.57723,4.619476557406999,4.654641534261068
722480.097535,4367894.57387,6.037323905949184,6.075573697611062
722117.309832,4366769.2302,2.312203915516145,2.3193505920941324
723261.744776,4367517.82835,3.871051719429596,3.8414799879409207
723083.656244,4367702.56397,2.7957997778346426,2.8678828585625977
722820.108998,4368349.49411,4.7384965280736004,4.726524985352725
723292.104127,4368195.90271,4.631094558047523,4.639830600888499
723238.85119,4367147.93831,2.4663360316994667,2.507688052666927
723510.191648,4366516.33903,4.995060869183017,4.935903417977424
723555.295187,4367995.86922,3.886800787021939,4.031882703840837
723176.076707,4368188.07244,4.615894478398957,4.602444365338617
722913.950094,4367101.36206,3.1307724467875273,3.1302585998428603
723501.473769,4367625.96533,3.5955117081458923,3.84768099239068
722016.313408,4367370.1819,7.447652004763926,7.533311425384216
723393.758346,4366947.75482,6.790589994301117,6.4753264934283425
723602.25931,4367387.21115,2.915971776810726,2.9288549957641346
722356.123193,4368164.12032,6.076212026706369,6.073385286629746
722473.134605,4366869.74548,3.4541917471773567,3.390765044099454
722356.672782,4367424.43969,14.757599213035597,15.13499268130249
723493.69654,4367672.18815,3.931788175375896,3.8530684644175786
722751.740658,4366769.8434,7.206739783130644,6.0222727374529725
723222.892578,4367718.12294,4.885593365681032,5.0302334333813095
723393.992327,4366678.0433,7.494866506787476,7.496085629348814
722411.910254,4365960.33423,0.0,0.0009131589517077984
721907.883823,4367547.30525,7.043281412053861,7.064198885286011
722380.479489,4366615.35633,2.9271121540930203,2.9475771373813684
723563.487529,4367487.33857,3.1293976686396126,3.121016824075972
723548.262401,4367209.92229,2.570491393976763,2.6098693108514883
722983.099967,4367687.04786,3.3994579954263675,3.3335865159235523
722395.839984,4366769.49302,4.455921238214006,4.349623586482793
722441.656362,4367578.62815,5.516160071527363,5.634381002745026
723509.572547,4367217.58492,4.8485449508433485,4.191672921370971
723029.31192,4367933.65775,5.019264812767175,4.988982256921008
722929.091739,4367509.77093,3.351243235060973,3.362882353463385
723099.681553,4367039.90963,5.240426164011243,5.105595254387876
723246.659975,4367063.18344,2.4380396849955517,2.416764395502186
722542.748874,4366892.93124,2.384474311930781,2.4024922645581475
721706.865429,4367362.1985,4.778739998883986,4.75937835363734
721567.380324,4367724.2218,5.217771081997954,5.329988219123443
722162.906204,4367925.08815,9.038091237188178,9.147142174639978
722820.580437,4367763.93074,0.25944534962531746,0.31936779004319643
722906.430902,4366831.64902,2.379326828617751,2.3933916712166856
722635.29947,4367270.60348,7.85302362524533,7.973331474692842
723594.328848,4367602.95326,3.265624968146541,3.323962295996208
723377.330982,4368041.90083,2.9845567983077843,2.89748553265838
721699.063556,4367462.36107,4.830827297891304,4.772243638920448
723246.08101,4367741.2634,6.899992865725627,6.7539462932217065
722465.817357,4366307.18538,0.09977955062362366,0.2005088894836078
722318.520982,4366700.06462,3.4666488106807916,3.443053535454364
722983.422517,4367294.07507,3.584700454329539,3.5776984004886154
723169.039679,4367363.62043,3.1583168685186993,3.159432088860056
722580.311402,4368349.25062,0.0,0.19855246071617846
722797.845187,4367170.59437,3.5280627492963204,3.7678206012461732
723114.807349,4367456.02812,3.212724574521725,3.2882895262611096
722094.222906,4366591.96882,1.3586698529288606,1.2969174457414778
722047.479241,4367054.28254,6.363047647672728,6.511866176103884
723386.879586,4365953.62085,0.0,0.033987505074113446
722766.764764,4367340.08538,1.9901207294421701,3.361040677804372
722457.729982,4366777.25883,3.085394572965503,3.146214109984951
723238.838124,4367163.34972,2.539658430589402,2.5567759146866025
721614.089077,4367269.6524,1.3638236840352158,1.4373559836757517
723570.967974,4367772.44154,4.089373491127062,4.08920496221563
722434.467458,4366846.59016,3.916329567417433,3.772251122847368
722960.250836,4367247.81751,3.3287816645653576,3.4085995633889965
723393.174018,4367618.14046,3.4116892313733933,3.475746660813739
723315.805502,4367625.76113,4.605986919522982,4.551041982458839
722952.199763,4367633.07928,3.6810976590215887,3.8536775805832932
723139.032858,4366238.50605,3.8685345308408667,3.715123026927621
723485.453055,4368242.34392,4.58091159703718,4.632398422495583
722898.296398,4367324.80896,5.262694222989185,5.108709694924214
722589.680575,4366222.53418,1.9487188825289798,1.9832287935612132
722147.693756,4367562.93665,8.933464984060723,8.921772253350046
721637.258496,4367331.31611,2.2905783301654634,2.381486998458956
723441.004458,4365999.92086,4.5714233772352895,4.189651009930795
723106.45634,4368187.99792,4.243376343155439,4.294108682979739
722751.625788,4366916.25681,1.9351451844727747,2.008175467916559
722891.228754,4366492.56222,1.627965270620165,1.5760147754074023
721846.181581,4367269.8568,5.7855361831368235,5.756890210748672
723547.766697,4367764.71047,3.998139927767412,4.167695100034724
723556.150101,4367040.40441,4.522885841197279,4.425730048657776
723278.060098,4366531.49918,5.784600556872453,5.794937339683206
721668.168807,4367385.28079,4.196388053403046,4.184537927425703
723006.745858,4367155.39831,3.6667043261971886,3.686022037404474
722782.530533,4366970.22922,2.373979485993725,2.365526311210518
723130.38987,4367325.05182,3.310548109137772,3.3127669141229723
721675.915149,4367369.87682,4.518852107076417,4.410434141374714
723386.095062,4366862.9809,7.423996664408796,7.470306016885519
722294.612966,4367655.53794,6.812244048543065,6.683549246800621
721792.057387,4367223.57544,4.284361928712524,4.291743219731745
723146.295329,4366808.78117,2.7668322962548206,2.8288172488875225
722705.761274,4366199.52923,2.612138688898454,2.6284876991333603
722752.192575,4366191.86899,2.7813902869908764,2.788387827358379
723571.0649,4367664.56924,4.225884902474552,4.414376445920045
721714.56134,4367423.84817,5.024783545810929,4.971020957194898
723293.633063,4366415.92025,6.164153970691858,6.134271863656251
723494.439326,4366832.27568,4.137071579587418,4.160099585610019
721969.757103,4367570.47716,7.519683685678134,7.506924213300746
722658.670337,4367062.5743,9.199742987813691,7.6159275986153165
722720.370487,4367309.21647,5.080130148153675,5.207148172210799
722728.674091,4366584.87294,3.036143968144182,3.0972566920403692
722178.804082,4367331.80566,7.228072215844216,7.229282458035046
721946.733935,4367300.76944,6.6737321205118905,6.695076947965151
722634.982588,4367678.98651,2.8354107776011848,3.0117874513079927
722093.491707,4367632.23275,8.076734481116858,7.953112982759388
722403.929348,4366291.71277,1.1762963080717346,1.054440767259453
723462.962944,4367433.28885,2.9395532519344587,2.810118609301809
722465.811612,4366314.89182,0.25361634413821527,0.4143382357791676
723060.068493,4368157.12986,4.113706698866168,4.098599132342189
722094.228304,4366584.2626,1.332183973823682,1.276853804667528
722403.262658,4367193.31994,6.1038372385343855,6.092728200115386
722465.599272,4366600.026,2.5025776997129805,2.488637794766967
722325.976439,4367085.36649,6.3629183835177825,6.318500486672408
723448.420885,4366369.84924,4.93232351183828,4.885951495869454
722357.757104,4365944.86901,0.3418434098404741,0.14562496173660808
722070.834487,4366846.24692,2.519168907886207,2.531923487076695
721590.879868,4367269.63237,1.2745555321386035,1.2691055268455131
722410.659815,4367647.94471,5.4844041774622765,5.441604931943473
723556.170653,4367017.28689,4.191966526817346,4.276800286112989
721567.488794,4367554.70946,2.326971768146616,2.2956903514349136
723262.271363,4366901.37678,4.807720560765199,4.765634628323575
723044.886186,4367810.39438,4.518238871769914,4.446907488648284
721838.248095,4367562.65284,6.284496975372922,6.269242265460878
722179.505778,4366345.44611,0.4809431098708428,0.48086725224986016
722852.204659,4366916.35898,2.2131637205131467,2.2758042263050733
722325.721842,4367432.11539,5.881287836483638,7.886137407711529
723339.553915,4367001.63705,3.9393074251033378,3.744965589422905
722882.023767,4368311.03553,3.619716036444796,3.485907497028039
722519.18794,4367355.2491,6.32428840635574,6.466964002066409
723486.042391,4367579.71649,3.3190680019218064,3.6160509983181837
722387.766794,4367224.12735,6.137141994170342,6.253406837871588
722875.173914,4367216.90722,3.7061406654686557,3.7260667045611156
722350.002539,4365967.98208,0.3395843408022183,0.09774502198467001
722396.367072,4366052.80066,0.0,0.017007409468749343
722959.606939,4368033.74792,4.916671392362146,4.896237932600152
723084.65426,4366500.4688,3.658216749451893,4.495476949085418
722743.537242,4367363.17829,4.534891249587895,4.211528206035503
722542.684509,4366977.69574,2.4275802528152055,2.4647050854666377
722914.242254,4366739.1845,2.5488850443634252,2.539240028680448
723354.90759,4367140.35801,2.840080445198613,2.8774494066716643
722518.664719,4368041.00407,6.533218906367531,6.201156161667961
722503.063669,4368210.492,7.1923468350209925,7.095743064670493
722866.984007,4367779.38864,4.898243940702138,4.891313782737813
723162.264683,4366215.41068,4.707773593103842,4.310336164903833
722744.124355,4366615.7133,2.7761750938823972,2.766548940378729
722627.246467,4367678.97883,3.0952182640266592,3.2955293907533814
722070.565021,4367231.53334,7.031824606892273,7.07803192724737
721861.472179,4367539.55812,6.588856353058903,6.602584104749495
722032.160889,4366830.79954,2.105122931649905,2.156389465404751
723269.791197,4367155.67733,2.4202254686420432,2.455280261269018
721823.075339,4367115.72482,2.5551458921538783,2.156519229496503
722194.903998,4366453.34967,1.201226593097971,1.1730677184381284
722480.161925,4367809.81934,5.527326417055071,5.4560248531734645
722008.276595,4367801.66526,8.398778426286656,8.424807182713032
722480.981229,4366723.33903,3.254684834889988,3.3584635629689585
722077.610243,4368210.083,1.855187417986316,1.8840271738854637
723138.500492,4366878.12698,2.803987277077389,2.827513818012992
722278.909212,4367971.42744,7.785154557892183,7.004955665005343
723183.647851,4368380.6953,4.394442667521007,4.413222940305932
722642.724645,4367671.28916,2.8909932100837574,2.9784242182610945
721931.424231,4367061.88244,7.306267796432668,6.864883332422043
722371.767026,4367932.99265,6.557003510877607,6.486925812320767
722913.794263,4367294.00284,4.62286512489737,4.6084149096893725
723354.19093,4367964.82657,3.7203081707366437,4.028327728756157
722867.226507,4367478.88564,3.2463265222996345,3.2928425419995055
721799.639571,4367454.74477,6.686027603821643,6.746227792032526
721892.537292,4367362.36382,7.05644788955051,7.032311028676794
722797.783965,4367247.65051,4.090793473257734,4.202651616125468
723006.657265,4367263.27707,3.5066341378960324,3.516865461930963
722843.539812,4368072.15129,4.980602904281148,4.995741515746314
723053.894664,4366269.24323,3.623136535259159,3.6935165542055604
723338.672289,4368018.74387,3.5832481561601277,3.897652009430411
722782.997771,4366376.85656,4.691347042842272,4.720528627411882
722959.644989,4367987.51885,5.0116162988847845,5.003977511745338
723146.005088,4367155.54489,3.467810649216319,3.6130261964140002
722765.948773,4368364.84744,4.064749823754076,4.51056721133242
722690.226686,4366276.57941,2.7910235442523357,2.817037051355572
721807.324253,4367531.80435,6.31128273962328,6.262067209245412
723269.99513,4366916.79702,4.631514281836352,4.563985608937067
723370.933821,4366500.77402,4.941747099562696,4.930689517510525
722635.94642,4366430.65457,1.6894567292571836,2.0404435888924883
722442.878374,4365937.24341,0.13191105251617333,0.11382417309033972
722062.563589,4367609.08857,7.6717183370615585,7.68519716600005
721984.832645,4368140.6554,4.0970220050094515,6.639316566253518
722812.702309,4367941.13739,4.8760408985164165,4.886693260525733
723115.507533,4366616.09543,3.4800418851633452,3.5597986258836896
722295.276371,4366746.27892,3.7327333029160883,3.783516353530018
722689.868799,4366738.95707,1.9886686236301347,2.3164040149127123
722651.793008,4365945.15367,0.32807930202924185,0.9591197324864732
722681.023562,4368156.73737,6.069757667398244,6.056838124063161
722194.354257,4367223.94313,6.03322553975085,6.152197457237295
722820.851982,4367424.90042,3.384064019545378,3.3855636980288693
722952.426332,4367355.68698,3.803376933023614,3.8199970417380706
723447.983805,4366870.75462,4.197678771378773,4.304410076650358
723539.927164,4367880.27768,4.051292117194051,4.063080927335018
722951.991439,4367887.34702,2.7097104277126753,2.6671634669681703
722913.650561,4367471.22822,3.4152713103814367,3.391408544145657
722333.122304,4367886.72593,4.278875896422253,4.289700737594034
722805.46525,4367317.00825,3.9540881656778275,3.9850315029566246
722372.928834,4366361.04129,1.4810718509351368,1.4741494813285114
722690.345578,4366122.44749,2.0273112963788202,2.0348478971260646
722626.988685,4368010.29279,5.281412134283073,5.285500344781519
721907.910135,4367508.77905,7.229750341570033,7.243276748181251
721614.084185,4367277.35791,1.37938529936715,1.4483437274981639
723060.351703,4367818.11575,4.675791871482348,4.631512425202965
722233.463479,4366630.62909,2.801056904850532,2.7035041921041194
722023.780807,4367755.44959,8.202047615612651,8.205181285730955
723255.030866,4366315.6947,3.891447756449301,4.074605095279378
723401.226728,4367255.9937,2.900858835052321,3.154797199860472
721753.278311,4367369.94479,4.64000185858165,4.687145762371428
723516.705577,4367895.66178,4.041707333990696,4.103145886655719
722396.355753,4366068.21411,0.2964580340808864,0.27230502949735474
722851.809707,4367409.52126,3.3608280182643253,3.411626749081936
722124.66581,4367308.63861,7.556054617846595,7.5466397893074895
722874.881999,4367579.06257,4.384276965049891,4.487207979570163
722867.120907,4367609.87558,4.957140690728938,4.525611406296782
722340.571699,4368271.9696,6.317091932300917,6.28774532664894
722140.045496,4367439.64492,7.093916028177025,6.9459831692614635
722952.66477,4367062.87331,3.502470754905477,3.457238089741066
722426.833604,4366707.87444,3.5847327703682743,3.6568652069205507
722140.138637,4367308.65307,7.497318678583984,7.509956337961587
721768.796945,4367300.6098,3.27440300452572,3.4488496239782975
723586.49558,4367710.81779,3.4999212502780153,3.531818946351661
723092.366061,4366531.30215,3.6167144919897707,3.3091182249304083
723184.159896,4367779.72225,8.163514586566821,8.041025679960365
723092.104644,4366847.25412,3.331105341636413,3.3170633799470393
722388.68011,4365983.43249,0.0,8.996782779778667e-05
722132.751117,4366815.48033,2.8311508312091678,2.7740797850239303
722054.887051,4367524.32409,7.598363237418139,7.468997613957606
722334.051211,4366623.01817,3.0363278617931813,3.0774375878742277
722812.980162,4367594.40948,5.586642506155954,5.450479671375587
722279.180221,4367601.58702,9.594851188278275,9.999576558003026
723315.558579,4367910.8498,7.070422268015576,7.011451023364028
723524.936166,4367340.89164,2.8632616246282336,2.8618828333284423
722240.689657,4367339.56949,6.406550421818538,6.322332882061696
723153.832294,4367047.67266,5.562276982378112,5.520765133977346
722411.193919,4366931.33259,4.709322454674713,4.667795418505175
722217.039956,4367948.25396,8.941726348534862,8.50506880921742
722294.323874,4368048.49014,7.110730370903433,6.585100083677195
722812.361146,4368364.89511,4.801104621263389,4.688555719605254
722225.940985,4366330.07657,0.8021161570324254,0.8230350107172827
722217.04557,4367940.54906,8.506794016333977,8.34995549346084
722704.552646,4367748.40253,1.8192458274753576,1.8978243904041017
722928.430243,4368318.78838,4.091987243117252,4.0668855311234005
722286.474634,4368202.57626,5.401400047252782,5.441007846192628
723222.417529,4368272.8735,4.655718225420514,4.6544276117025
723013.577952,4368249.53655,3.9637375809586537,3.95783273126749
722859.07355,4367995.11921,5.092426016178171,5.0816199144617205
723548.468144,4366978.74897,5.144125907435403,4.608545705009002
722457.320115,4367324.36666,5.821487391516453,5.8124591659042535
722589.493257,4366469.14048,2.9333245278253686,2.966856235538946
723361.926814,4367964.83507,3.8278717209564013,3.952001801244883
722875.260636,4367109.02795,3.052919069966411,3.0378747551634078
723269.771467,4367178.79438,2.520446930275288,2.5185749994944455
723253.618524,4367972.4219,5.021943581549584,5.167265157574218
722720.158327,4367578.90462,3.3020928484312093,3.286215436536894
722821.93382,4366060.92557,2.5726696488735037,2.5568773932036715
721884.926281,4367177.42516,6.311250423584544,6.043040016893807
722295.309927,4366700.04253,3.7767200482134555,3.6293498546203424
723315.257303,4368257.56528,3.60451557208148,3.909003675321759
723192.405343,4367178.71137,2.8094282977422766,2.891228029962662
722689.376513,4367370.82915,4.774383489090505,4.892422626432256
722039.651394,4367185.27148,6.669343294679674,6.715822902282911
723617.586236,4367549.04222,3.0944113248451135,3.1104529029856423
723556.095141,4367102.05082,4.170215139744442,4.255688591949146
722983.144282,4367633.11163,3.018926636720434,3.1281938300257415
723075.442742,4368272.7159,4.236857351769841,4.238817302591767
721590.805937,4367385.21358,1.9080622280804636,1.975772645035084
722735.83123,4367324.64306,3.511410371478339,3.608739316815817
723625.399089,4367464.2918,2.944084229865642,2.9479526047398763
721938.928949,4367400.93279,7.146584246452107,7.109865647566923
722681.489538,4367563.4551,3.6519235856227015,3.409094425430355
721784.115788,4367531.78361,6.150179976941541,6.168945911407837
722960.870421,4366484.92745,1.1607249786924405,0.802435402754885
722997.985312,4368395.90638,3.2889902335825365,3.1400886858249195
723247.202319,4366423.57698,5.1842081827668505,5.272436106767712
723416.740203,4367209.77685,7.0251767360664745,6.574726403644522
723138.802377,4366515.93837,3.6917473326442587,3.6896446856405367
722264.732919,4366183.68915,0.49105076850452567,0.557720051031177
722402.478593,4368241.21156,5.695529090390174,5.699528464098141
721753.252815,4367408.47161,5.3466020481390615,5.309807384992962
723168.222953,4368326.74707,4.145462592931253,4.144104730690756
722588.166549,4368195.16728,6.596052827113729,6.6052480689389945
722303.320463,4366322.44295,1.020295632362899,1.0223514392882191
722286.599601,4368033.07324,6.970733443949363,6.797456602390516
722604.743985,4366761.99069,3.532193431533392,3.7442251240444944
723447.048301,4367934.10914,4.399154269025844,4.394599518031606
722263.949173,4367270.24217,6.523407910893022,6.510869814922431
722286.712877,4367878.97643,6.358142149935472,6.548140429456458
723440.415038,4366678.09402,4.13910479702459,4.019735955484094
722859.415831,4367571.34138,4.446433018412115,4.354245292846896
722387.445808,4367655.62735,5.678812080494723,5.536174919326138
723230.358169,4368034.03573,5.282541656779862,5.230177450100325
723183.654375,4368372.99084,4.277778689964197,4.270591339804303
723486.021928,4367602.83233,3.4436709529948866,3.704632123157392
723439.82826,4367348.50293,2.043198861280036,2.0720333556279473
722890.385507,4367540.55219,3.48485043478439,3.4349632940232
723131.339981,4366184.55154,2.80374529150161,2.9257751776314147
723369.68957,4367934.02391,5.346440467945381,5.269586153387936
722658.706188,4367016.33962,6.685930655705432,5.360022841703838
721590.840443,4367331.27588,1.6623481893342067,1.6763478677951722
723084.431525,4366770.18569,4.197033604748281,4.241727161058878
723099.591784,4367147.79007,3.696555882265301,3.6671702573048397
723463.220823,4367140.47673,2.178839086083252,2.4382154861698613
722062.909438,4367115.94228,5.839592067503841,5.856066501671102
722519.689529,4366692.55243,2.3561102554314175,2.4726138831123063
723517.595781,4366893.94932,3.9983011232463466,4.025222897240029
722302.575068,4367347.33373,5.726478237631087,5.680760660687579
723524.565459,4367756.9794,3.7133698402769655,3.882873559062799
722976.113424,4366770.07269,2.8215110337970137,2.8706286723533765
722418.181813,4367933.0378,6.624581733882123,6.625993472345228
722031.305713,4368055.9468,15.10584761847324,15.5059764279439
723532.087738,4367995.84324,3.914393298096471,3.914087089010296
722201.355891,4368241.01784,4.092665110501226,4.202370315395566
722240.795545,4367193.16466,6.781327602055636,6.6460052685866104
722154.915242,4368279.49654,3.9201701747353694,3.8630490613882666
723425.408918,4366138.626,5.640924602794127,5.5946505028838205
722588.714639,4367486.30944,4.5928519886355765,4.482900781743511
722318.115633,4367254.88265,6.273072486250069,6.345537444453653
722340.760906,4368017.71583,7.367552086178502,6.9462224541397575
723579.181198,4367240.77938,3.0734151328203008,3.004976098643535
722442.88407,4365929.5366,0.12054187816051776,0.10448948888037349
722643.588985,4366553.96315,3.9561860151924733,4.08808368877242
722890.994151,4366785.39704,2.207622674014072,2.309835483424446
722620.152858,4366846.772,1.8897607705000568,1.9494196571754898
721730.216302,4367146.4651,2.447905309964112,2.241235543651293
721892.290684,4367724.50923,6.3649839169936895,6.350252870023054
721606.050113,4367739.66529,4.576393122335269,4.480033903607894
722481.366837,4366207.01545,0.8129112047400658,0.736730643715655
723269.837319,4367101.73723,2.196801802329049,2.2842015828256472
723169.273305,4367086.21804,5.037498752909508,4.8409102601465355
722466.137323,4365875.61081,0.050819375380342514,0.42734255482280714
723454.96824,4367726.08145,4.489451821406375,4.5754065582995675
722573.460766,4367201.19193,5.2549810770293215,5.237622985789281
722657.732044,4368264.5786,4.927192186544616,5.379391983117333
722024.673789,4366468.60537,0.5201828599066616,0.5570208567207208
722566.094246,4366715.71621,5.327399780978874,5.341946265666254
721691.302141,4367500.88069,4.406447691196878,4.380058634790886
722743.755759,4367085.77695,12.09704513503126,8.333158148489897
723439.794488,4367387.03045,3.079682328404078,2.880958905347482
723602.03029,4367641.48829,3.2592998729933593,3.253301684195029
722442.210075,4366838.89167,3.5265138877254483,3.4265336918666907
723115.398703,4366747.10002,3.3044484568262544,3.18030624013401
722465.039047,4367347.4906,5.7009508753177185,5.950409208814451
723494.574945,4366678.15348,3.8926742270623023,3.952718139526455
722488.50397,4367008.46594,4.054938828279566,4.138333280068642
723168.196692,4368357.56521,3.9128444365255985,3.9232721843688245
723223.240499,4367309.73977,2.9250210370864447,2.9206881091527994
721668.243966,4367269.6995,2.1184802276609997,2.0937624444417713
722696.949809,4367578.88123,3.2857951776098373,3.3953466389499036
722557.657395,4367632.67855,5.079807372481056,5.0149070180264275
722858.942495,4368156.91928,4.70015739526019,4.775484389579543
722566.076702,4366738.83441,5.195406459618549,5.18020990318762
722729.015732,4366145.60602,2.4752979617276507,2.4804446702251783
722055.328561,4366892.46801,3.112674118593463,3.042880329901904
723379.035928,4366076.9217,2.9190796948932602,3.183573001765923
723493.894792,4367448.73398,2.731936360425837,2.531108481965768
722751.680252,4366846.90346,3.06907439633144,3.283266389486786
722271.150806,4368002.2393,7.5017082738456935,6.667602518926742
722735.734046,4367447.93001,3.3491777015850634,3.4172794013290493
722278.71644,4368233.38719,5.23310042580147,5.3161256822366045
722139.891626,4367655.39151,16.327029173133642,16.894802140150205
722427.436773,4365890.98747,0.03485818569444608,0.0282448148458413
722132.892266,4366615.12304,1.7968940930399708,1.6638250505784222
722078.662796,4366715.25229,1.5727313896982495,1.5760500966453792
722170.374958,4368294.92024,3.7635855020407925,3.935270814662677
722070.483997,4367347.11562,7.818201554647745,7.51032941047082
723479.161475,4366608.78057,4.025668191479218,4.049183010156468
722248.509749,4367223.99426,6.793526906678671,6.715000500646269
723339.759655,4366762.75197,5.850597217552614,5.920853613801097
723533.546261,4366354.52978,6.09747944262772,6.11599191547733
722782.243671,4367332.39567,3.550169228080578,3.6228320058375374
721923.640335,4367131.22637,7.538723987929895,7.578293470819809
722743.415631,4367517.28589,3.2247588365183573,3.267375045147891
722627.907557,4366823.66172,2.2131121687370645,2.3483551467105346
723160.585861,4368211.16985,4.50478116520989,4.518677102646355
722411.050844,4367123.97675,6.1100657702861,6.076032485720015
722326.325397,4366607.59844,2.9663165103721254,2.9766279474059365
723276.932261,4367849.16782,7.241013250499206,7.274251952151987
723223.469454,4367040.04112,2.6401895875938712,2.707200671043435
721923.393116,4367493.38256,7.304782797509773,7.291213540600601
722542.602531,4367085.57649,3.633076410173868,3.7389737054260377
723253.27321,4368373.06617,5.188532761236341,5.2039386009507025
723029.299082,4367949.06759,5.109046077957418,5.044204996431704
722325.460532,4367786.55394,5.962162185854499,5.802487712833668
721567.538031,4367477.65726,1.4401248330314247,1.5855388296567454
721698.952281,4367631.87561,4.068719310512211,4.138517833888163
722186.091322,4367955.92946,7.709444234568473,8.478830701028414
723177.604689,4366377.26434,7.1481338774524765,6.891893970136253
723563.604797,4367356.34576,2.8911899916767787,2.8988149991034207
722140.683596,4366538.06832,1.0605519911173034,1.068703639658395
722782.15802,4367440.27177,3.4062351304071106,3.432725083641451
723068.938363,4366793.28764,4.193967428215782,4.0864725326509
722806.070127,4366554.12591,2.778082317239974,2.8003962249825847
722566.287233,4366461.41133,3.268884656196714,3.05941759914405
723408.538221,4367741.4405,5.001031257339589,5.02998389739391
722148.252174,4366776.96487,2.687833046560174,2.6582917436996714
722628.509247,4366037.61237,1.4647711985744782,1.4592026445862916
721815.086229,4367493.28503,6.71194275859985,6.699250298914828
721984.762672,4368240.81509,2.7662900408191176,3.6406604399016067
723059.89423,4368365.15395,4.26370774809767,4.264704173911198
722224.960449,4367693.99723,6.3731164020276365,6.644909013143405
722565.108665,4368002.52614,5.526777813826046,5.624926847895109
721729.957566,4367539.44084,5.087068863328101,5.0071727889290125
722698.124821,4366068.50826,1.7971458888417942,1.7814452451022886
722596.349826,4367617.30656,4.6927023928954705,4.691668409689483
722504.539111,4366260.9838,0.0,0.006248948996137286
723084.405956,4366801.00992,3.468004160733993,3.5365360777462738
723424.314863,4367394.71891,3.0944726868472374,3.100907720010065
723076.183415,4367386.63841,1.497304793500347,2.372036400200692
723207.413911,4367725.81145,4.758537473381951,5.457874196966808
722944.084855,4368095.36998,4.802137580358717,4.80123179641725
722643.955153,4366076.16134,1.5240487200219854,1.517822338633347
723516.863717,4367718.44503,4.382630770648064,4.346216394182104
723216.19449,4366492.90139,6.721495225764463,6.595304387656593
722998.768839,4367448.20055,3.9941381249705397,4.064187219216538
722836.040024,4367779.3568,0.3218617346478108,0.48313169652255555
722481.142658,4366507.56618,2.005759960974285,2.0521674272528903
722333.786468,4366985.19912,6.048167475804273,6.013691842375099
722758.973456,4367409.42659,3.7932435465912344,3.8842303616065443
723122.122604,4367956.87082,5.53778257916007,5.5933010335802384
722690.059907,4366492.35903,4.204262394841845,4.277768559655493
722697.71348,4366600.25434,2.795983863841017,2.891481244977194
722658.353,4367470.96826,3.3541801474385275,3.319927630673291
721637.093893,4367585.59054,3.2136475051994515,3.1915136766591474
723231.199616,4367047.75527,2.5342722317759434,2.491784336863571
722851.698236,4367548.21761,4.071591206097547,4.081275796232412
722897.796375,4367941.22518,3.6530531081194906,3.692803716251089
721667.957773,4367708.89921,6.955758807142454,6.437149677152616
722743.122735,4367887.13184,4.363106112530003,4.398998650756598
722642.502299,4367956.37436,4.474477569314211,4.418650022370829
723424.826731,4366809.08105,4.371658321352773,4.414822283376441
722658.556752,4367208.98212,3.864920135794088,3.5937133748349757
722999.869666,4366099.64103,3.68377604308925,3.6890541701443054
722620.170666,4366823.65403,2.1974277332221948,2.3974778361868143
721760.810028,4367678.16088,4.9278377378898535,4.880368728594973
722720.906937,4366623.39619,2.687197305440981,2.736729193295324
722867.350596,4367324.77711,6.084506091933996,5.8168984474602015
722055.548045,4366576.52091,1.0465781897243593,1.0352729583258855
723409.097765,4367101.88846,5.608297329827396,5.474360117562233
723525.984974,4366154.14954,7.593845147430978,7.303244181662062
722790.212404,4367039.58937,2.7265630495563973,2.761191674807252
721845.848793,4367762.99243,6.433174990589964,8.46190195663951
722364.323383,4367540.0269,8.986261697061257,8.849097949539232
722526.542174,4367856.09494,5.169588637671299,5.234277119327537
723299.752727,4368296.07134,4.225271667168051,4.280970730542725
723075.623718,4368056.98456,4.832795883251005,4.86261876883733
722859.440647,4367540.52024,3.817609070369076,3.857798666111043
723424.186413,4367541.12154,2.9674298748495485,2.922306783369913
723028.984759,4368326.59862,4.1566285537442145,4.157796759308787
722209.98769,4367000.49337,5.012100270036339,5.0085969575255715
722744.298905,4366392.23052,3.841974594146918,3.7933901779240182
722132.740214,4366830.89224,2.972338450304778,3.0064994213106266
723222.984619,4367610.25023,4.3858258266207635,4.3497732589856195
722373.13152,4366083.60533,0.07206772387705189,0.08780287113734264
721961.903824,4367739.98268,6.889278560025486,6.950959326786878
723114.029129,4368380.62059,4.020762693741962,3.994568443803489
723122.433772,4367587.02689,3.692295935873284,3.6455247922043355
723392.714418,4368142.08004,3.5410684160287804,3.614357451301725
723447.90282,4366963.22601,3.9509577417826027,4.010702587005149
723494.466453,4366801.45145,4.0996038256756515,4.141778888445097
723231.799026,4366338.78941,3.9862637835317405,4.130089050019899
723269.236157,4367802.9292,7.47498675695806,7.373718909684844
721938.748996,4367662.91081,6.971217415100917,7.021490914879805
722442.3764,4366615.41586,2.151391420110917,2.2130948354141475
722147.229763,4368210.14832,3.562271199872659,3.6040064575129303
723516.284778,4368365.65186,2.7645474753732016,3.15259202070217
722070.278034,4367639.91633,7.623761335576563,7.643158002945499
723014.247803,4367440.51133,4.007143791703003,4.071777320320063
722898.221571,4367417.27444,3.637078212970741,3.6522525236561463
722240.224795,4367979.09536,8.508826849056403,7.534718464941427
723533.464695,4366447.00724,4.568809240530354,4.661343956868512
722906.387434,4366885.5908,2.1715777875935824,2.2143483191578053
722968.056541,4367163.06367,3.301544245202181,3.3059651839437723
723114.632873,4367664.07093,3.89929016656411,3.899615556758151
722945.27138,4366639.03669,4.743563221289788,4.628155838857175
722619.606027,4367555.68791,4.060618756802258,4.06967262249821
723346.823788,4367541.03674,3.094553284586705,3.10796436256527
722805.108419,4367763.91493,0.2626954919408315,0.3736699610487729
722735.50275,4367740.72879,2.1092601540376714,1.9342273617489198
722326.021557,4367023.72063,6.211852059152214,6.185152891113681
722070.683782,4367062.00965,6.910932614267435,6.982914598500061
723447.095957,4367880.17439,4.597241199182539,4.623810672185616
723463.956241,4366300.50749,5.434317779853394,5.1358728166366
723579.387926,4367009.6069,3.668124308327861,3.4441810355057294
722542.24411,4367555.61111,5.141705666962884,5.232789146944342
723115.462722,4366670.03873,3.353018308903,3.4144519010560797
721993.253571,4367154.40656,7.357806492210961,7.170075512123145
722086.517991,4366545.72454,1.1549934022149844,1.0853226193552774
721776.655918,4367115.68365,2.082235481929512,2.0155822076239285
723230.311939,4368087.96939,5.599648172888414,5.465368564113858
723231.688566,4366469.79885,6.819892947140205,6.653266800982854
722403.70793,4366592.26005,2.737064415644151,2.696431128384657
722890.191962,4367779.41259,5.503574128583732,5.268548904338501
722046.624629,4368271.69054,1.7740389593583135,1.8138201898219763
722781.481431,4368287.81818,4.719004185994275,4.75106462948613
722674.953181,4366014.53796,1.3834903980735562,1.4418706237815169
723378.737542,4366423.71854,5.303066573239771,6.191558023092196
722844.529296,4366839.29162,2.125964275989104,2.1556501981242477
722836.577359,4367108.98834,3.091790840346853,3.076651663735713
722890.166957,4367810.2328,4.503813222906782,4.473228797556767
723409.707062,4366400.63286,5.05495787755166,4.981695562641481
722387.059633,4368171.85504,5.927275867894185,5.905681372881038
722278.773206,4368156.3411,5.396333354036592,5.522915080024174
722163.600221,4366954.2151,4.208328829716189,4.236829724634424
722991.405016,4366993.5612,3.4629697835565385,3.4700922877375637
723316.144655,4367232.78409,2.635874819350425,2.7019562869341076
723316.581588,4366724.19635,6.002405656664881,5.90834392824516
722766.575375,4367578.9517,3.171667816736472,3.4700112822004514
723324.259133,4366793.55952,5.076967408219711,5.179608981061309
722682.209408,4366638.76988,3.3243605226944055,3.2775213606887483
722897.714739,4368041.38825,4.94307013357716,4.975814806096065
722109.524235,4366838.57666,2.7867570577096217,2.966173321082204
723245.604191,4368296.01236,4.704417341652207,4.664279485427142
722163.665919,4366861.74476,3.56191649287605,3.596263320345543
722782.469604,4367047.28733,2.779079497863843,2.7981123531922565
723525.577897,4366616.53799,4.6460045627769615,4.275177472749907
723401.481809,4366963.17512,7.22855618699577,6.90994653651117
723106.31325,4368357.49884,4.304499822137084,4.2722003107461
723269.275949,4367756.69872,7.64125277625745,7.613033420207527
722256.934711,4366268.4539,1.0239069496917037,0.9101834564926928
722512.259266,4366284.11086,0.0,0.11749527789577072
723315.217026,4368303.79283,4.4726705641481965,4.5263799482535845
723199.605704,4367810.55911,7.468209621977315,7.260486652302112
723440.977692,4366030.74822,0.0,4.0745083114363485
723100.065084,4366577.54794,13.213534265627747,12.976282532484499
722689.280014,4367494.11531,3.055645928092177,3.0959759408695704
721993.285425,4367108.1727,7.011331621756354,7.064106118249703
722751.613643,4366931.66861,2.0323651016509916,2.0621309721271035
722039.53312,4367354.79246,7.64022020187687,7.267786082178636
722278.937511,4367932.9032,7.550374689323903,7.52663029673802
722224.781322,4367940.55642,7.617081148712028,6.000214472274917
722387.030791,4368210.37815,5.839172728429761,5.764816352489296
722666.741139,4366631.04829,3.2225932772082633,3.374494519520045
722465.719921,4366438.19436,1.854312961366694,1.8676200774944958
722612.575396,4366638.70075,3.1614245942438606,3.2065251679846316
722363.847259,4368179.53712,6.034645521881522,6.028296808320606
722441.493926,4367794.37142,5.523163034064518,5.5534377778930155
722487.557331,4368256.70418,7.498803677506875,7.077364029361383
722318.929075,4366137.50054,0.09659105283512218,0.08180600954478227
723409.003638,4367209.76843,5.052989292191962,4.64457326079957
722396.446006,4365944.90583,0.0,0.005724797673249455
723470.583574,4367564.28876,3.270659730038741,3.3532399569184035
723231.760052,4366385.02833,3.996687629598004,4.0248957596716135
722016.001738,4367817.08236,8.472326652732997,8.673484125165142
722210.531928,4366237.58433,0.33358170874092596,0.3361291458512279
722951.566672,4368403.56208,1.753359002855422,1.8622492268758744
721637.253578,4367339.02149,2.3506498066718127,2.4280890038283127
722278.858256,4368040.77055,6.089702049305134,6.2900025311671435
722356.689846,4367401.32364,6.829800121301426,6.740924234563317
722233.031158,4367231.68519,6.474289840301993,6.545874463444636
722937.428501,4366770.03269,2.380911468660081,2.485639448830331
722101.879175,4366707.56764,1.7268506179375527,1.7689870934331904
723146.533255,4366523.65284,3.6877455298473865,3.7210257112518215
722472.566056,4367624.88957,4.940940352738523,4.998646960765833
722782.785805,4366646.57696,2.5775814944040802,2.6905319413098545
722202.542548,4366592.06936,1.696763231729614,1.6775762379372308
723532.549152,4367479.5986,3.0932431385162613,3.094516398906219
721590.800984,4367392.91891,1.9621246525981795,2.0305180688391373
723455.761217,4366824.52707,5.220224023223954,5.635258067730642
722836.021453,4367802.47192,3.7996979058993614,3.778367400125768
722372.208184,4367339.6951,4.678567203666219,4.70222808468316
723075.675406,4367995.34586,5.041403607590172,4.922323378283347
722093.518968,4367593.70691,8.168806722624671,8.1583832420374
722334.264404,4366330.17868,1.1483776550705493,1.1682340342485265
722317.764365,4367732.61127,5.564181320375083,5.630262274364572
722604.169357,4367509.44079,4.3236374572198,4.475010646225484
722527.965261,4365975.85976,0.7606882937844777,0.748725294472074
723013.795535,4367987.57568,5.126892610349659,5.1189369409828185
722620.771495,4366037.60473,1.3334039042859862,1.3287230264374585
723431.338236,4368203.76045,4.454210796449454,4.44358827714777
723469.968221,4368257.73594,4.67992255371942,4.697772467754306
722697.779244,4366515.48565,3.882282697034775,3.885342977429071
723386.435035,4366469.96535,4.684828051456671,4.763783751057269
723301.245581,4366562.34933,5.836849051358709,5.902896370507322
722874.476278,4368079.88806,4.803234786816773,4.826587592880965
723377.889711,4367402.3735,3.159401187032733,3.1553169848772176
723556.191201,4366994.1693,3.599642390382964,3.8196126289922634
721691.448145,4367277.42528,2.607036409568179,2.539324059421959
722410.91312,4367308.91063,5.787924492285351,5.785060347163301
722790.297774,4366931.70774,2.202094323101646,2.1954033030545546
722944.696239,4367347.97348,3.7646827084988495,3.8159179112770776
722573.743278,4366831.31417,2.3685448131221585,2.4608395709465447
722944.116495,4368056.84611,4.772253323537121,4.782237013614342
722194.381873,4367185.41533,6.46128417356953,6.381488013437341
722550.631895,4366700.28878,5.40543416608839,4.913326311487901
721853.741199,4367531.84595,6.616319599978489,6.656836375992207
722348.822477,4367578.53815,6.986191282478332,7.128940297920697
722704.327831,4368033.48508,5.1786252023603705,5.266484872019497
721598.571878,4367338.98796,1.7970102768935243,1.8176193339309987
723006.619243,4367309.51035,3.6146489585138606,3.616201226349106
723153.052874,4367972.31366,5.495505890912513,5.564378265087158
723300.704693,4367194.23914,2.541694918101924,2.541662482416894
723532.459756,4367579.76814,1.921074434963624,2.6713307068442687
722975.12924,4367972.12531,5.056765267432425,5.041615909345514
722341.239886,4367370.48706,4.648521751365688,4.8110526059649645
723377.567008,4367772.227,5.633340336274463,5.494769831575905
722797.636832,4367432.58213,3.4198863484848085,3.4509147788949037
723184.146851,4367795.13242,7.181470949127168,7.295905468562715
722000.771243,4367470.33723,7.221875230701741,7.236880838584627
722975.458746,4367571.46162,3.9810031940831343,3.9826114125228735
721884.743433,4367447.11582,7.397532906401559,7.316229517758998
721652.661237,4367439.20462,3.6039669688524523,3.63248111642431
723162.078478,4366438.89935,3.779527696436065,3.781680874856186
723230.08017,4368357.63199,4.8830438610535705,4.8187480234998485
722419.085155,4366723.27912,4.7728665588436225,4.393133955282443
722627.533148,4367309.12344,8.069085582519724,8.112993819848136
723184.186056,4367748.90192,6.7780036666427375,5.86172910264158
722356.088659,4368210.34809,6.022898257086051,6.0445665111492985
722039.522404,4367370.20329,7.715737398397661,7.632025179152556
721807.360411,4367477.86755,6.722366219951365,6.743872192870682
722960.570655,4366854.82286,2.721441342131405,2.6862426558018058
722077.632135,4368179.26466,1.7994630257621518,1.8119928809504917
722395.394428,4367370.53928,4.599661439655058,5.0200701384550666
722209.68302,4367424.29967,5.384360261684711,5.524641625178607
723261.440498,4367872.2661,7.386366945588601,7.607876288248686
722636.288021,4365983.67252,0.9953266835046023,0.9491626047984962
723609.877703,4367518.21213,3.0470712134567135,3.0697229615320007
723548.090581,4367402.5615,2.9603107284588432,2.973212073632267
722481.119634,4366538.3912,2.2103302964024967,2.2187878430840855
723239.347766,4366562.28298,6.02351149239255,5.909099020189715
723052.126558,4368403.66811,4.276713414830134,4.090455882797254
723029.612201,4367571.51828,5.332111767198455,5.328279368923766
723348.019116,4366153.95558,5.232939230322534,5.259126037569512
723099.463338,4367301.90239,3.420693095308981,3.406492831580288
723502.203428,4366801.46,4.094246288110833,4.116201477051455
722178.377809,4367925.10277,8.277919519130046,8.647959695917017
722495.604476,4367848.35943,5.613105879448441,5.604343011987008
723571.21698,4367495.05261,2.9586099045629624,2.967881338278251
722998.432197,4367856.57567,4.600532818556703,4.547892312823686
722659.471862,4366022.22943,1.564453578668679,1.4874699811052836
723053.787364,4366400.25354,3.2256075172499377,3.2625742040562273
723471.76095,4366223.45005,5.529714341488852,5.4936261031024065
722418.907871,4366962.16342,4.905537747587922,4.889036391082693
722077.670409,4368125.33219,1.5894936035764593,1.8198109238102977
721776.466781,4367400.78683,5.427250185238768,5.484112831445626
723525.625452,4366562.59405,4.9427473579045405,4.745332410535031
721900.257896,4367385.48697,7.132352109106646,7.184493722141944
723006.574922,4367363.4489,3.7787209496118916,3.7310799208886594
723285.849822,4366469.85675,6.124975390300791,6.198298070032494
722487.792346,4367948.51568,6.461929724914768,6.380259204528158
723494.473251,4366793.74541,4.097312464643335,4.119944407603445
723169.738558,4366531.38371,4.528372258202294,5.203554332088233
723245.577631,4368326.83064,4.715938394176521,4.703375759560542
723439.848609,4367325.38635,1.0409950169605067,1.6022989434252433
722681.005372,4368179.85134,6.269006436090468,6.167258412491953
723431.160717,4368404.07955,5.46410508855878,5.619901145265786
722411.090915,4367070.03685,5.880319894180527,5.83624363384058
722186.991699,4366699.94059,2.563436687306156,2.609436431357182
722442.536623,4366399.64013,1.769127113827737,1.7752282472910237
722178.952878,4367123.75579,6.948433068932686,6.8424042789494655
722821.177686,4367016.50346,2.7525066732258723,2.7491746618810025
723525.829156,4366331.40168,6.319544488812172,6.1119228499235305
722357.313347,4366553.6845,2.6859419812219665,2.6965202256270047
722434.970168,4366168.43776,1.9779831715360066,2.109676681424032
722433.682493,4367894.52837,6.361304889869439,6.2765628130992495
722767.559204,4366330.60233,3.7828843326024444,3.783598022700078
723339.301063,4367294.45411,3.35718130717881,3.277034439929258
722860.316449,4366446.29259,3.138479052596694,3.3017428187964963
722558.052369,4367116.41453,3.6105829083542624,3.6839064802394583
722363.801116,4368241.17391,6.066078640273991,6.047160154099691
722736.525527,4366438.46106,4.297271032043523,3.9290588654630443
722736.657511,4366268.91919,3.008880388178219,3.0319417982128427
723510.415053,4366262.02559,3.746642279874186,4.175126217384391
723332.187916,4366570.08901,6.549032221322598,6.5513113138016195
723323.053228,4368188.23184,3.8742467754022942,3.8965063160263225
723463.504938,4366816.8295,4.697575574593987,4.54285203104431
722651.22529,4366684.97591,4.492776141534019,3.977700236395941
722913.418718,4367756.3214,5.067576521248779,4.826892678984832
722117.06562,4367115.99236,5.427669524312851,5.32719303142677
721992.794082,4367817.06095,8.408976444796508,8.106658548989925
722194.497738,4367023.59617,5.660287680718505,5.595830994698587
723123.103715,4366785.63856,2.990459284311536,3.0298776512488894
722728.65609,4366607.99156,2.8284174329327016,2.8240458350115722
723477.731203,4368226.92604,5.116726907878543,4.919922378164732
722008.459219,4367539.69179,7.470113190544794,7.46174247090388
723408.592293,4367679.7992,4.535730312450804,4.563746504490047
721761.233611,4367038.61321,1.3866594858008414,1.430859432605161
721861.685566,4367223.63758,5.597776535644923,5.591892032747327
722852.487263,4366561.8793,2.0539391352255936,2.1413324369335
721699.043363,4367493.1822,4.764959901366089,4.779250558441139
722612.875538,4366245.67671,2.188823972623343,2.1913873743977863
722232.5788,4367855.80995,8.39690717375791,8.23708669302691
723432.509924,4366870.73762,4.471153633901313,4.490588371102723
722657.677523,4368333.91935,5.032464375732058,4.980701757120064
722217.513791,4367293.31471,6.762964397758357,6.673166301297958
722835.692046,4368210.82797,5.506252512651392,5.296451528584459
723471.908712,4366053.9024,5.291416256560505,5.539929068929596
722596.308201,4367671.24278,3.946310772355239,3.9620413855658967
722952.501754,4367263.22064,3.4026530513990667,3.473328285438311
723524.393264,4367949.60512,4.0490977042779415,4.035987370512604
722349.12395,4367170.15094,6.38657410858766,6.377016366983837
722867.064931,4367679.22225,3.987877277180087,3.778126231239295
723610.134478,4367233.10842,3.3381086888883136,3.316131875901198
722395.509012,4367216.42921,6.198233157113251,6.366858057960774
722357.493488,4366307.08145,1.1191809796802863,1.1339794186719918
722743.391282,4367548.10709,3.1688988323459233,3.185592265382824
722303.052529,4366692.34383,3.4798156728921907,3.489091969498033
721644.805001,4367624.12303,3.148480289513524,3.248266558362678
723301.724154,4365999.77044,6.065400772890015,5.8992678775886045
723338.450427,4368272.9999,4.558643538059235,4.392179896949816
723262.382775,4366770.3746,5.246558132361497,5.235928985578866
722342.236888,4366006.50873,0.0,0.001066133090403899
723463.363037,4366978.65479,5.257272438061641,4.392850682120027
722666.023171,4367555.73437,3.367508589843607,3.5677866642837377
722743.585905,4367301.53439,4.919898764373581,4.86768534125308
723223.599913,4366885.92347,3.5395195544579083,3.642173869051942
722379.830099,4367493.81013,12.641864309808215,12.204408575106031
722790.090243,4367193.70347,3.8626934068392424,3.842788865991532
721528.700566,4367724.18848,2.4484862292318756,3.5157373578774176
722898.420812,4367170.69728,3.2524581059351427,3.2686494139010365
723270.362132,4366485.25288,6.2856911299471845,6.343698616068435
723477.779296,4368172.99321,5.298548483252605,4.885702212254932
722527.473117,4366630.91095,2.4239044957662994,2.4092744914309216
722411.898917,4365975.74786,0.0,0.0
722356.985388,4367000.63292,5.847176334023506,5.810710328069104
722875.932281,4366269.05982,3.5259648997816746,3.5216188526904513
722975.243449,4367833.43632,4.343710718566887,4.34877830662957
722218.220054,4366306.94998,0.6737792608049745,0.689299355413142
723486.308356,4367279.20422,1.720744617832713,2.048443301076828
723239.575442,4366292.55856,4.038318766500323,4.542073242979662
723145.823929,4367371.30127,3.2259851147739833,3.214234321759567
722944.23659,4367910.45376,2.438746598342913,2.339108206532867
721644.939978,4367416.08192,3.512733405492805,3.434761873155058
722396.338849,4366091.33418,0.48608727501918203,0.7458043061472076
722728.680115,4366577.16674,3.1200614111627303,3.108281752616144
722867.381586,4367286.24949,5.4622011352765565,5.28047776295823
722736.621511,4366315.15831,3.2845367756728487,3.3229068457073336
722680.859448,4368364.76076,1.727589654966277,1.2988573586958063
721969.586428,4367817.03967,8.023613838299466,7.962647136732636
721908.214336,4367061.86143,6.353624059948311,6.266951931616908
723022.478655,4366839.47516,3.2087841337269767,3.328963806608115
723215.700029,4367078.56178,2.9717640711877116,2.9628898384249442
723462.581519,4367864.78153,4.7131953780313856,4.782826436616871
723231.140746,4367117.10715,2.513701918975908,2.6905017006148184
722472.121507,4368210.46141,6.528830080535311,5.874396076513492
722427.431095,4365898.69432,0.04373433335083104,0.040377411559295355
722278.841208,4368063.88485,6.1177785315312185,6.036723916371434
723115.302651,4366862.69053,3.142848642691567,3.1360235372443332
722836.927194,4366669.75036,2.6100893134419105,3.71199131654627
722937.02872,4367263.20464,3.5336780457415355,3.5509244827594655
723006.600263,4367332.6269,3.6215553576495516,3.6638037432026205
722798.022411,4366947.1273,2.2765335489017264,2.264382292457576
723316.522085,4366793.55114,5.107206756752662,5.153594684523409
723415.86701,4368203.74329,4.491452722804811,4.433395478062881
723525.32583,4366901.66385,3.974129110986179,3.974663135065166
723060.678629,4367425.14926,3.9873933060285327,3.898471086169861
723524.117134,4368257.79646,4.611473336528001,4.654573735211789
722689.249834,4367532.64185,3.2910880830971823,3.2462768806322564
723393.905527,4366778.22296,7.41425030101176,7.528923529022891
723463.808349,4366470.0498,4.671886632086937,4.8083926728165824
722434.23765,4367154.82178,5.909171191906795,5.892751992774608
722364.346227,4367509.20577,12.416701540482022,11.629184278981091
722295.125254,4366954.33896,6.256355476354617,6.25062655440891
721923.30863,4367616.66595,7.016043607975939,7.019349691085749
723346.85723,4367502.51001,3.5207693271252847,3.498134346457505
723007.381942,4366377.08595,2.9660454788329615,3.0874428231314193
722256.86848,4366360.93132,1.0890193435262019,1.0887159218907132
722193.67076,4368171.6692,5.19195364476545,5.3129787409984015
722465.345768,4366939.09092,3.9440194113229223,3.9189194532435985
722210.087018,4366861.78814,4.06491101923301,4.036965148817653
722828.58829,4367424.90835,3.3804819405373316,3.399604874515429
721590.796031,4367400.62422,2.020569555154788,2.0688413854522305
722472.78131,4367339.79267,5.714924484353288,5.988634244467113
722627.04273,4367940.94912,3.736734720998215,3.940343445373919
723107.431128,4367024.50617,4.837701380988257,4.691312593944957
722852.774777,4366199.67709,3.2129890659101945,3.212614831177752
722410.780864,4367486.1348,11.211431018322392,10.835108541281256
722449.0376,4368048.64027,7.2049647092886175,7.050381670489356
723123.167838,4366708.57764,3.460387962890339,3.683875962742143
722812.379842,4368341.78166,4.7671543142821955,4.7747226282201645
722812.794994,4367825.56317,3.9349185992711213,3.9435037731464164
722851.044436,4368357.23051,4.681310219811354,4.6245255187357985
722558.933701,4365952.76942,1.0761975704427404,1.0433261782722494
723633.232902,4367356.42385,2.8741632864100994,2.9177392921621195
723424.725938,4366924.67089,4.543152998776785,4.955324392008781
721784.09524,4367562.60449,5.452035048090693,5.307207265369831
722843.602064,4367995.1033,5.110918099915654,5.069231845700965
723363.481165,4366169.38562,5.345988812832562,5.30474469127128
722310.017019,4367748.01388,5.758298379058901,5.788973001550754
723447.415531,4367518.03108,3.1424000652967226,3.1987971093270526
722280.252254,4366122.05082,0.0026406833374125536,0.00739318060480037
723393.005324,4367810.76936,5.254367841722822,5.200435412318071
723393.308656,4367464.03386,3.2796635939743295,3.2578353047318207
723439.073811,4368203.76904,4.408222765038902,4.5511069092278245
722070.678376,4367069.71532,6.7201394909965195,6.737206295850699
722379.514343,4367917.59039,6.5302173619125,6.50239433899478
723509.668075,4367109.70504,5.310489259565752,5.4460881352279875
722055.022,4367331.6904,7.58009698123707,7.5663412746341105
722063.343974,4366491.75947,0.7204448710634361,0.6767556322079489
723462.212083,4368280.84123,4.788550994358493,4.783053616830346
722256.357836,4367069.88884,6.2744601523420025,6.22084747436726
722008.346469,4367701.50001,7.462078038341807,7.478924179280897
722457.157666,4367540.11697,6.828993759192002,6.7533480687151695
722109.154892,4367362.56229,7.92386038215578,7.977672829802965
722511.223102,4367655.74826,5.18123895435056,5.169553737118888
722688.692275,4368241.49615,5.588546844152925,5.47100635329144
722333.145121,4367855.90618,3.8626287747617685,4.050503274994195
723030.550085,4366431.055,1.8284532055120368,1.7497034835334146
722898.489205,4367085.9346,3.1371237025434926,3.094599997805417
723455.909485,4366654.99237,3.7946958447606423,3.7987502811514537
722897.626789,4368149.2547,4.729363399983065,4.804507825611034
722256.851852,4366384.0505,1.1597632880039692,1.1497511646215846
723594.245581,4367695.41612,3.4207254113477172,3.5382202542656125
722442.106633,4366977.5976,4.712194734974793,4.683588375125272
722905.1986,4368349.58222,3.9687077107733795,4.009133779513507
722279.763404,4366800.20621,4.050517686408614,4.202990274746401
722364.426146,4367401.33102,7.066452781257442,7.295518909493379
722155.67179,4367223.90687,6.413198677359084,6.44389927579064
723369.716511,4367903.20406,4.618734442660301,5.065674015648147
722039.64601,4367192.97703,6.6968711736767315,6.773610506614184
722086.362039,4366769.20154,2.0151802786233546,1.962754568751389
723092.149382,4366793.31199,3.3864200126551687,3.853754131123661
722209.733048,4367354.95107,6.529314051686866,6.609566164965039
722132.653227,4366954.18629,4.433330403563446,4.444844224989398
723355.71055,4366207.91061,5.649218283307007,5.625292179943598
723184.035456,4367926.11737,5.269019702857112,5.2992363486034275
722256.089623,4367439.75429,5.519806782612881,5.626367786207468
723384.924563,4368203.70914,4.603630926413191,4.544797639315761
722829.239009,4366608.09308,3.0881827930933956,2.9196599916925696
722178.97487,4367092.93307,6.619191880278569,6.570122453789575
723130.344608,4367378.99024,3.249456946194863,3.284142811998747
722518.45784,4368310.66655,6.446987404146597,6.279208608365467
722233.19783,4367000.51527,4.8337965263075935,4.6363641482823486
723176.351957,4367864.46934,7.045895164044051,6.662194645284453
723563.735626,4367209.93949,1.8251679339311981,2.163658377206911
723440.750385,4366292.77554,5.581801640496173,5.436713086963172
721652.766197,4367277.3915,1.9148522510052284,2.0293048129853375
722108.744706,4367940.447,16.379599673863023,17.548492363610464
722844.492416,4366885.52735,2.1001560719105266,2.0980092855259405
723131.103494,4366469.69217,3.734185216370751,3.738075281077695
722905.770411,4367648.44149,4.66194675717223,4.6081907110151965
723277.652978,4367009.27597,2.536040765467273,2.536827341697268
722318.081708,4367301.11578,6.024834911121761,6.085498349747982
723447.963528,4366893.87255,4.1580485358748875,4.291133936431523
723470.406211,4367764.62429,4.316247086932555,4.51470241993085
722117.391023,4366653.63935,1.6914834065436608,1.779196244241318
722418.741515,4367185.62929,6.0421647716089675,6.058804155301675
723339.51402,4367047.8721,2.9113730890840936,2.8946499926166425
722736.381213,4366623.41167,2.7016100663600944,2.7154102906146784
723122.466116,4367548.50054,3.9082293984222267,3.8976804054182277
722487.892031,4367817.53193,5.4824032760638435,5.452633064081797
723270.34902,4366500.6656,6.1495021095575675,5.654584214385803
723084.035267,4367247.94709,3.461356289908195,3.480839315735191
722690.036057,4366523.18424,3.9315300317807482,4.15389846478402
722256.139996,4367370.40587,5.581188789904419,5.658057763247845
722674.317176,4366839.1199,13.358436305604322,10.060991060225687
722572.707389,4368179.74259,7.222488466008243,6.878274486408565
723477.538729,4368442.65349,5.0015475445298785,4.88349228687081
722263.420774,4367994.52712,7.240270751037758,6.655584537288791
722913.487727,4367671.56504,4.505329768438918,4.525032366360551
722907.066896,4366037.89175,3.655215204996865,3.566490781224015
722217.972795,4366653.73299,3.564949968655068,3.4814098503978177
722597.324389,4366345.84592,2.4542080916619757,2.459357279646052
723068.855646,4366893.46554,3.6184249337543233,3.6286146751263972
722914.384862,4366561.94264,2.1346422865341017,2.3227305229307986
722657.725972,4368272.28313,4.929096139826842,5.3147783819547305
723354.419315,4367702.85537,5.213414572204473,5.28576686053901
722797.661364,4367401.76045,3.5536547436871606,3.5439243813459016
723161.251274,4367425.25589,3.1295171225685134,3.167873449053382
722125.111829,4366676.76482,1.890709477065821,1.8954837870743915
723269.889931,4367040.09097,2.4832563633386373,2.5038258832415843
723594.453639,4367464.25703,3.0367827869813473,3.007971299152384
723230.331744,4368064.85503,5.5782841935656,5.454332166763888
722364.45467,4367362.80395,3.9002581088672184,4.15500506135959
723301.160081,4366662.53039,7.010008203027146,6.975317224749033
722534.59028,4367447.72918,8.02496957306741,8.059502995268119
722070.829096,4366853.95281,2.59188134154499,2.6050201053454236
722898.873354,4366608.16412,8.22544442765789,7.933228892578191
722975.065698,4368049.1737,4.830666102412369,4.838030025869072
722055.446467,4366722.93701,1.0080870945859368,1.0675208538857954
723145.596853,4367640.98833,3.9629954662119546,3.9525793202113353
723254.36392,4367101.72062,2.3601249461723084,2.3587880339580747
722565.292783,4367763.67317,3.7134987197171623,3.786902260333224
723470.603982,4367541.1728,3.102482640234306,3.086391170361814
722294.832992,4367355.03182,5.663676248208877,5.673343061059972
721760.994186,4367400.77316,5.239232394151726,5.187824669892426
722712.373609,4367640.53849,3.5670474334549684,3.4838656719831325
722643.363546,4366846.79502,2.338005579444028,2.4576191155291944
722518.865122,4367779.03732,5.113661116060788,5.147134576038114
721830.775819,4367169.67104,4.554545171860902,4.4381344004701715
723539.947845,4367857.16264,4.105025225888451,4.1488895372564905
721915.84616,4367215.98088,6.297147550394027,6.349358836039406
721683.74191,4367231.18557,1.0789246209258818,0.8314969928713699
722240.633842,4367416.62351,5.3242051097209195,5.536003397333978
722588.584002,4367655.82475,4.40547974889377,4.466844377850764
722518.676557,4368025.59449,6.3991923675700315,6.203863731350493
722325.357978,4367925.24295,5.799380912732195,6.237421990921746
722580.681488,4367871.55854,4.136361780879455,4.1097067223102135
723462.088617,4368419.52292,4.931129357264014,4.899978504081323
722612.787412,4366361.27402,2.613061619576178,2.6060061192390465
723168.655205,4367818.23095,5.478175645710561,5.922863429809634
723053.964057,4366184.47068,4.000108513127112,3.9969783908482404
723409.1045,4367094.18272,5.645862031855372,5.578767916576122
722573.596275,4367023.96099,3.258944781282005,4.421049944903425
723059.907187,4368349.74493,4.25070208136521,4.252157718858624
723091.360125,4367741.09784,2.1866682235392965,2.524835255208902
722829.336656,4366484.79281,3.603741141296046,3.314743523093421
722704.24257,4368141.35153,5.905588728184004,5.920550754041516
722666.580219,4366839.11216,4.222947990096995,4.791971632054872
722611.373201,4368195.19056,6.415974009542958,6.208789821329293
723216.168554,4366523.72675,6.428301808891444,6.392222002682778
722937.391099,4366816.26886,2.651946470258015,2.627103429495568
721791.913678,4367439.3273,6.48206723362458,6.445906197974856
723277.725383,4366924.51126,4.606051551600456,4.499141653471997
722549.80894,4367779.0679,4.321604239782626,4.594838112371153
722557.158772,4368279.88685,6.575624474055288,6.594988531463409
722558.005282,4367178.05978,4.828504005534994,4.8048536757047176
722233.480009,4366607.51072,2.1316086183977108,2.296485074961467
722125.338865,4366353.10236,0.0,0.04191343526969674
722967.317271,4368064.57518,4.7418850955639735,4.768320537796406
722527.832483,4366153.11433,0.9216589069506694,0.9391725210507115
722689.237805,4367548.05243,3.394842957322993,3.413641385181547
721822.822478,4367493.29189,6.7764548050718645,6.792574238320437
722503.293353,4367910.00653,5.908654904716506,6.056421715361316
721869.453228,4367177.41122,5.345569089043736,5.434018178627701
723338.725963,4367957.10479,4.8140460406331265,5.427820996126545
722394.841516,4368110.22525,5.933633279086101,6.479831923222594
722140.302708,4367077.48561,6.960406161284563,6.671681727869544
722596.284394,4367702.06326,3.1377756016820517,3.1888807912657122
723471.828133,4366146.38336,5.697368411594927,5.681243437684572
722411.723476,4366214.65501,3.1621959473113233,2.9472199001158685
722434.346937,4367008.41325,5.273053436977975,5.1817906245255525
722225.183471,4367385.78733,5.559630914349186,5.7208218113322875
723069.350745,4366292.37895,3.6877132138086477,3.6818966707710516
722140.64022,4366599.71789,1.408930526318073,1.3328074424462704
723214.985476,4367918.44573,6.6168358871687785,6.648318840740148
722100.833216,4368186.99091,2.5525802295070474,2.4873380406112493
722410.976229,4367224.14974,6.236992398430236,6.226984423619355
722859.756417,4367147.54062,3.3415615037414117,3.253961170677839
723508.570047,4368342.52966,3.705914837912246,3.8951338496293113
723532.973988,4367001.84937,6.30195610001507,6.143794513504436
722636.12922,4366191.75352,2.041633649332422,2.090351370753987
722968.570206,4366531.17332,12.069839646992074,9.27398089988866
722628.173638,4366476.88494,3.413819012212029,3.304929779601492
721977.086329,4368156.05755,2.8395156839502156,4.002780573061403
723602.127519,4367533.61415,3.0648952400362637,3.0597002498379924
722311.085712,4366283.91793,1.2130446454068657,1.1571553528045764
722558.398144,4366661.7658,2.544551040382638,2.4667637717894846
722209.460504,4367732.50801,7.10233897284485,7.341568103623758
721660.537584,4367223.45978,0.48430263139782737,0.3890717693372917
723423.989977,4367764.57293,4.907990304099173,4.899426247985776
722874.332204,4368257.0956,4.086920549901062,3.893617102121926
722789.30346,4368179.96161,5.022588748180074,4.912548417500329
722086.507297,4366561.1369,1.2288418985212537,1.1674010296810902
723184.79865,4367024.58823,3.739639317337034,3.819957366106198
722806.228155,4366353.76064,4.9090551945184915,4.995280811757947
722681.259978,4367856.24942,3.8897049986460104,3.5948085430742878
722155.934496,4366854.03165,3.4042665450474097,3.439239072581195
722767.553236,4366338.30877,3.818770908904604,3.8361192872514422
722410.567503,4367771.22621,5.340986366979098,5.369328399328624
722101.008882,4367940.43983,17.85902331064391,17.90453768933709
722457.919566,4366522.95621,2.1747276395835238,2.169778175875577
722959.340219,4368357.34332,3.383451168953624,3.697731641319231
723516.822545,4367764.67585,4.256737101599254,4.415803481795586
723540.710766,4367001.85798,5.035013880359519,5.5010814043904945
723270.564544,4366246.3522,6.79204190775578,6.34464739534531
722024.172965,4367192.96286,6.911545849573934,6.833202036085241
722480.319616,4367601.78159,5.151936001511474,5.148882351291131
723037.00925,4367979.89527,5.139123846296684,5.1379213741895935
722318.627487,4366553.64766,2.4774829491324586,2.581015418416601
722829.683585,4366045.51988,2.317793436073322,2.252522623630934
723162.239039,4366246.23712,5.709761227735636,5.2767468155011255
722179.106712,4366907.99448,3.2112109143501937,3.7188399292187
722766.904903,4367162.85734,3.2285765533088546,3.557933056842076
722813.48984,4366954.84889,2.3295664767568347,2.392950010992984
722758.194866,4368387.95288,0.0,1.0529206451582898
722481.492978,4366037.46896,0.46232849448648594,0.48264115124518564
723029.962069,4367147.71688,3.8761830447232564,3.8239637119995358
723324.799626,4366161.63726,5.461974923005399,5.475931564581775
722543.220671,4366268.72804,1.0373128159395912,1.3855354289705104
722341.641812,4366823.38303,5.9271142877005,5.995051487265902
723069.40765,4366223.01987,3.941308326501774,3.9817496160961614
722812.714639,4367925.72756,4.767767549588697,4.772988214879736
721691.468324,4367246.60331,2.293989595825903,1.8636762221640109
723153.728789,4367170.96451,3.212263109182862,3.1971641779660946
722844.412508,4366985.70386,2.8853165516364156,2.8889995817176164
722279.46695,4367208.61245,6.442049975085352,6.431408098091754
723216.064728,4366647.02684,5.637923058339099,5.392753398653957
722983.346779,4367386.54107,3.9663840337023277,3.916142540651547
722310.985312,4366422.63344,1.7498671394555179,1.7865609346268359
722566.386469,4366330.40263,2.21212133590652,2.2181661357817855
722704.065613,4368364.78435,2.198192738496333,1.5846216333446812
723425.201904,4366377.53037,4.956721351654857,4.93870462992231
723362.249345,4367594.99071,3.259138292799679,3.292888121079137
722511.894462,4366769.60551,2.3367889190570743,2.474855182753471
722619.89781,4367178.12112,4.844123424257648,4.748550112356609
722573.643322,4366962.31451,2.9968524739749083,3.7708519483984895
722418.499814,4367509.25822,9.643549919795223,9.627111462612215
722952.883731,4366793.16682,2.725436797134955,2.7009049134674106
722309.726892,4368140.96158,5.950124461425144,5.80793333237863
722797.255318,4367910.3019,4.641421840712322,4.637870702003078
722750.539496,4368287.78653,3.2845367756728487,3.898912207408209
722504.348608,4366515.29503,2.0061858401990627,2.0253506671124364
722882.978692,4367132.15302,3.3044484568262544,3.199489721673121
722357.482213,4366322.49432,1.221470956328728,1.2102460941491644
723123.244666,4366616.1036,3.4959840795586143,3.6445506129057255
721776.318005,4367624.2389,4.810592841065279,4.839368805488687
722147.737804,4367501.29466,7.401599341275906,7.336135733654734
722481.108157,4366553.80371,2.2866282715020465,2.300616825936087
721993.242899,4367169.81771,7.210031402504808,7.172878913864378
722674.143731,4367062.58972,2.7013938566723565,3.0163910085615218
721583.138553,4367277.3312,1.2645059173423536,1.2787341219413086
723300.213393,4367764.43736,7.286194150370833,7.1229706261029975
722836.182454,4367602.13851,5.3015177116688985,5.172804862957661
723454.613445,4368126.73905,3.810799619349595,3.7757102108591423
722450.199542,4366499.8299,2.0846622625527256,2.0850048875827123
722519.695356,4366684.84628,2.360586411511172,2.415687090722717
722581.738399,4366492.25179,3.2696267709434133,3.2425765203058705
722890.116846,4367871.87278,3.947117519179411,3.8444972606889194
722179.101207,4366915.70039,3.2045693913177176,3.650846962942477
723617.871032,4367233.11712,3.3515336946948535,3.334078609942271
722093.174537,4368079.1185,4.634999797442934,4.594678258392523
723239.008341,4366962.99924,2.9191054707813016,2.8147279288128195
722682.089953,4366792.89164,3.0054595046491106,3.002880738233285
722674.668603,4366384.45461,3.1972565410519658,3.2064587708359085
723137.847729,4367656.39042,4.021956848316226,3.996400378485103
723215.064495,4367825.98581,7.956552671914736,7.3124736630998
722426.466573,4367201.04803,6.01544363943608,5.955356644306268
722782.816135,4366608.04611,2.7874960947383456,2.811171567216185
722179.423987,4366461.04157,1.1977670457368024,1.1215222650491266
723030.430338,4366577.47511,13.09958175760683,12.645282169479394
723454.893283,4367810.83763,5.4108236349771985,5.374967037186969
721660.502572,4367277.39818,2.037173651272037,2.092083687014341
722426.970695,4366522.92634,2.2933667426507287,2.2955843534813565
723177.707679,4366253.96005,6.56510406458756,6.266786855135608
723052.210438,4368303.50954,4.183705162343203,4.175408309472514
721567.587217,4367400.60424,1.7442839666916656,1.8523700834158026
723532.932945,4367048.08443,7.277609625509324,7.027623030960508
722689.056417,4367779.20716,1.6622802871813853,1.303119825402221
722404.099049,4366060.51476,0.2873049729575286,0.23898831179653163
722736.843129,4366030.01307,1.9476732278470057,1.9361844017228906
722287.422031,4366908.09658,5.586093902926925,5.53207719329316
723524.606751,4367710.74854,4.491323843364611,4.506975785102537
723030.738713,4366199.85978,3.9174914059529597,3.9276163948318383
723286.163767,4366099.94209,6.175900850772581,6.614276543846366
723532.665809,4367348.60576,2.8712329141832424,2.874105134852533
722820.394686,4367995.07945,5.134573440270787,5.116866618193018
722689.940499,4366646.48375,3.076364740784501,2.9692136140065237
723037.876462,4366931.96268,3.633657329441629,3.6180500111518983
722425.958234,4367879.11102,6.250675547831925,6.1632211151430845
723068.868414,4366878.05362,3.633528450001432,3.6129713544612363
723169.033161,4367371.32596,3.1281938961966747,3.1585114960938476
722512.44949,4366029.79219,0.5756878685464258,0.5313749274984104
722379.90456,4367393.64053,6.5440947922613555,7.48039202608155
722835.741837,4368149.19069,4.569777567548208,4.772421780891628
723500.917307,4368250.06584,4.654137047810903,4.629850532900628
722287.410811,4366923.50826,6.0260286809812795,6.01626728985682
722721.104772,4366369.08804,3.440766356656068,3.4621525190159064
722921.624409,4367178.4269,3.246713545334979,3.311114603526087
722937.621302,4366531.14142,0.9255122098552526,1.8340682451601578
722008.667945,4367239.18193,6.841837845730781,6.760036259954746
723308.639843,4366963.07418,4.268548613757454,4.064965638147408
722657.87119,4368087.37158,5.790215853317668,5.814238168453244
722558.771202,4366168.55769,1.453317759666922,1.4484796910757105
722828.464829,4367579.01485,4.9904458310796445,4.717906993770675
722379.721192,4367640.20952,5.92143474389256,5.894301573762056
722798.557377,4366268.98144,3.8553676686294716,3.7216444924137404
722488.989389,4366361.15293,1.4724971362996733,1.4401721685262352
722109.507945,4366861.69441,3.074099155640223,3.170503534492877
722689.826879,4366792.89938,2.8821214956637164,2.9339776930601484
722101.194966,4367678.4707,7.98156374703781,7.969109695081445
722256.59706,4366738.53623,4.375982899822263,4.182131475129727
722906.906847,4366238.2652,3.529515047465728,3.5364454481850442
723524.524147,4367803.20999,5.55259525105855,5.452233633226447
722797.851321,4367162.88874,3.368057193072635,3.3184237984246896
722937.974537,4366091.87058,3.7271499377948603,3.8087158632826443
722232.252724,4368302.68351,3.2223030099317556,3.8437573334302666
721753.140521,4367577.98733,4.319054735155165,4.420104700000949
723123.462047,4366354.08777,5.194470833354175,6.471307464788214
723285.63328,4366724.16293,5.388555960714003,5.385458990843726
722612.285823,4367016.2935,8.721436376192445,8.737153061575079
723269.613219,4367363.72841,2.8470189680156635,2.8586872701093515
723424.887136,4366739.72624,4.179799922947794,4.231106682668933
723547.842634,4367679.95364,5.152678116258173,5.018477132021163
722558.275313,4366823.59296,2.4921280777586787,2.656814577953733
723578.980918,4367464.23965,3.1278842008254504,3.0930687377036477
722728.662118,4366600.28531,2.8816244442107672,2.9633903369220187
722473.800938,4365975.80729,0.16375307459521513,0.2585201023802287
721900.284113,4367346.95999,6.949659539545684,6.982275794282054
721815.230687,4367277.53461,5.231938587265945,5.0385279987381
722874.850869,4367617.58876,4.977407848308446,4.668603955791771
723160.749421,4368018.55112,5.0172639113687385,5.096154085199492
722379.260531,4368256.59804,6.019477373556943,5.745044235074021
723470.597232,4367548.87811,3.1375043777855156,3.0879015258336766
723324.463874,4366554.66805,5.669130349175158,5.665661991846258
722109.045781,4367516.66909,8.24406539083557,8.2198447952583
722806.191706,4366399.99929,5.860085052639756,5.591785573520775
721846.010284,4367524.1337,6.649495860888994,6.595053338970779
722736.867026,4365999.1859,1.817212802395559,1.8149069849371924
721961.877165,4367778.50776,7.086816502238409,7.099915918568676
723371.046585,4366369.76502,5.426927409566152,5.448593950109926
722140.678157,4366545.77451,1.072915472758561,1.0943851157178193
722728.78215,4366446.1597,3.8613380567860442,3.816951027335997
723609.940283,4367448.86357,3.0128079410289454,2.9993529170848414
722495.885462,4367478.51247,7.1576863446170895,8.291067961199365
723307.494921,4368288.37517,4.212685339509671,4.258658752529281
721900.383599,4367200.55575,6.270878073333959,6.304300844835072
721652.606157,4367523.96253,3.555461748853178,3.5742347774594148
722394.725695,4368264.31766,5.922790093945758,6.046393581497682
722457.006549,4367740.45128,5.2008605605848315,5.211678445344565
722078.290692,4367246.95159,7.206223495940354,7.213023165972112
723602.370172,4367263.92228,3.4427672580545043,3.433708708841224
721830.719081,4367254.432,5.308391794765851,5.269376639660381
722783.058233,4366299.79194,3.8060557018060233,3.784977595163156
722534.372478,4367732.82231,4.989316308582853,4.790308886070502
722898.389786,4367209.22549,3.2620105730997593,3.269237796250172
722000.690929,4367585.91591,7.656292045141835,7.466351631335288
723099.238042,4367571.59173,4.071913981770162,4.062603981844195
722263.837125,4367424.35092,5.4247006806113065,5.648622003918228
723424.017086,4367733.75239,4.802492287355326,4.843884670285743
722991.241125,4367193.91045,3.3620868049160624,3.394005084382787
722713.409218,4366315.13505,3.1560512833744205,3.1428644159961947
722597.4064,4366237.95493,2.0542715287668845,2.076396235912922
723299.939976,4368080.3402,4.219882198279241,4.184896138596597
722518.782686,4367886.90709,5.493924713302905,5.509998803301995
723317.127631,4366084.56182,4.867876097443736,4.9078366713427295
722155.14268,4367963.60508,7.658195613709311,7.856273927025104
722611.301055,4368287.64553,6.139239843684988,6.059641840885763
722944.413211,4367694.7127,3.7615846006423572,3.5778016471546628
723301.782946,4365930.40863,6.484390910695635,7.161219138588322
723301.56057,4366192.43897,5.891292343475818,5.903960145253856
723145.33008,4367956.89564,5.631049359956892,5.716772874054038
722039.31213,4367670.70814,7.766727490946926,7.683195205097167
723277.210711,4367525.55042,3.898612299180137,3.888600681505302
722117.228523,4366884.81926,3.5380349402497617,3.454504407545129
722928.544057,4368180.10559,4.747823167681808,4.7748818254907235
722147.825644,4367378.0092,7.296876140032241,7.229907942274339
722334.163531,4366468.89348,2.1387860490725656,2.127320635149086
723053.616601,4366608.32427,3.3829668130873216,3.8222373511234577
723331.710873,4367124.92142,2.7342631152148664,2.7078923089070552
722303.181052,4366515.10181,2.2598036510622523,2.1664017788362138
723502.549128,4366408.44096,4.813723264960508,5.091864720440231
722457.395343,4367224.19483,5.557758892390949,5.643325706016255
722387.955121,4366969.83946,5.262177935798896,5.296617855388674
722240.934522,4367000.5225,4.803460614373182,4.629690573125457
721745.60302,4367277.47285,2.999463340604497,3.188059517997426
722009.114685,4366591.89086,0.9445592446150815,0.9163657931402952
723487.357262,4366084.74646,4.95284881301293,5.087751716999915
722775.072868,4366615.74445,2.7561470365180654,2.7746963300314116
722062.973999,4367023.47386,6.221501474433037,6.2665630042435705
722789.161167,4368357.16675,4.9947380935103975,4.588864536083468
721930.64106,4368202.24259,13.316482393029384,9.390032936127026
722093.611508,4367462.71769,7.562508592439975,7.551256170834799
722271.207335,4367925.19094,7.692339816922927,7.673403369186496
723516.56781,4368049.75998,3.6088401505509715,3.6551882945850376
723076.39464,4367132.35421,3.8691800821861047,3.933865478045325
723531.921871,4368180.75843,2.429010045171922,2.3109351916825074
721738.023681,4367038.59279,1.4889946664320408,1.5474560320868107
723478.843429,4366970.96593,6.770710244471702,6.413209782150265
723238.027783,4368111.09207,4.855096258267682,4.825060184927976
722054.746257,4367724.658,8.991070631397047,8.895227662157929
723223.639047,4366839.68759,4.206618387951636,4.18143124273865
721954.274167,4367585.8734,7.529106888687806,7.479659459185435
723061.644804,4366253.83817,3.834519591782199,3.9063769697937025
722125.187611,4366568.87884,1.2946482215804065,1.2616486930462425
722650.268199,4367917.8577,3.8832183232991473,3.9632783354238756
723038.507775,4366161.33462,3.9205895138094498,3.922190813539176
722016.809341,4366653.547,1.0771658012819092,1.0770737591683779
721992.86377,4367716.89591,7.299716104293586,7.309758451828254
722488.515604,4366993.05433,3.906615904773881,3.94374029769636
722944.507674,4367579.13464,3.306030019150607,3.404720851614261
722116.364938,4368102.25436,4.118741076043623,4.191317115244323
722186.41326,4367509.03623,7.313270374255074,7.337570316479442
723438.985038,4368303.92917,4.84292965439813,4.838138936305606
723617.753076,4367364.11198,3.0027743880733766,2.892583677015649
723083.73989,4367602.3964,4.038479961979261,3.994221930461559
721706.900804,4367308.26066,3.3579880540029805,3.291869350648381
723216.25933,4366415.83753,3.825935451635439,3.8371741319992765
722419.460961,4366214.66237,2.9956777474953618,2.922193137671925
723478.401642,4367471.83303,2.3560296576919497,2.1329367438045317
722952.939915,4366723.81217,2.8491037372289174,2.829957950810147
722719.585377,4368303.16403,3.2063733187657597,3.2215936532610523
722279.494985,4367170.08446,6.653271451414708,6.694763273874077
721977.658326,4367331.61938,6.824411037127366,6.845142188391059
722303.231263,4366445.74518,1.8888926616737596,1.9885630279191366
722843.552219,4368056.7418,5.043694968622491,5.066060916728916
722512.172592,4366399.70758,1.9112184278637325,1.9554398597363392
722751.66205,4366870.02131,1.7262310348377288,2.4602234175786966
723454.681796,4368049.69109,2.9634475001473928,3.240811047789789
722295.633038,4366253.07729,1.2772276645916278,1.2385891637858364
723091.237484,4367887.49355,5.5808660142318,5.5079393698630845
723161.108244,4367594.7734,3.7129824325268728,3.710080453402474
723463.369742,4366970.94885,5.1282479604028595,4.016694673458164
722039.360714,4367601.36191,7.622761077234718,7.6025044623781515
723262.657433,4366446.71276,6.608445258539691,6.497660280920739
722580.752842,4367779.09868,2.9143775188997236,3.709846540680968
723276.579588,4368257.52307,4.107155391441832,4.084746626507651
722736.375176,4366631.1179,2.6433846435665704,2.640928368787286
722572.903978,4367925.48529,4.798522800597189,4.812783419914207
723061.726921,4366153.65211,4.028798230659697,3.9855248769212923
722674.161665,4367039.47245,2.459791264425831,6.075135508259785
722681.272113,4367840.83945,3.5015351286411067,3.278833114770689
723176.808609,4367325.10116,3.06138721861699,3.125422484640794
722858.829952,4368295.60239,3.3438528647737282,3.700352109659479
722217.552679,4367239.37607,6.174093845606564,6.397554341431726
722279.94164,4366553.61101,1.7582319921965686,1.8581603219672957
722457.372211,4367255.0171,5.683814141633438,5.899735070945361
722558.040581,4367131.82591,3.893642554080156,3.870788758051682
722310.895878,4366545.9341,2.322205152432978,2.3075254508389578
722759.089199,4367263.02238,4.684440643706582,4.6402080349087775
722589.187592,4366869.85914,1.6661530181806852,1.74631345855124
723548.440679,4367009.57243,4.65007061293656,4.762838554628837
721992.858395,4367724.60093,7.305396032816275,7.373711721674483
722093.980205,4366938.73876,4.033122809129187,4.032849769379035
722720.936954,4366584.86517,3.013343656313954,3.188046061829714
723021.805909,4367656.26774,2.171490649703417,2.0875341619852033
722520.066062,4366191.63979,0.2232575416763643,0.32349348673481165
723594.196915,4367749.35229,3.5525252211903715,3.558178027708145
723177.437127,4366577.62961,5.145545889566075,5.447649536960753
722210.092548,4366854.08225,4.104638202853106,4.023807434353505
722612.775621,4366376.68689,2.6495841293548996,2.6396820638207967
723185.109657,4366654.70008,4.843026217799592,4.730832961842035
723308.520707,4367101.77899,2.6675210697126555,2.6380260984338264
722936.978623,4367324.84895,4.056488074565186,4.026627503091693
722140.553289,4366723.01558,2.249731434274626,2.2382977154602743
723216.246412,4366431.25038,3.823288998891765,3.822831433021563
721907.825954,4367632.06218,6.825250484705022,6.887983557866362
721559.668973,4367685.6899,3.361054230535483,3.423867081753402
723455.842101,4366732.05405,4.192709026278793,4.151271770989724
723332.511001,4366192.47223,5.676197943789783,5.6678276511822165
723293.027515,4367124.87952,2.1871685450675895,2.2316225779767973
723114.762128,4367509.9657,3.7833359877152635,3.8778046554680325
723586.993698,4367156.02559,2.3892214995497025,2.320608400993343
723092.047143,4366916.60769,3.364120022353237,3.3310849025113263
722974.989425,4368141.6307,4.889788679995578,4.870769316228622
723571.168575,4367548.99007,3.079337046918768,3.0745802987536597
723084.641592,4366515.88147,3.635174259688514,3.3446622483365838
722038.987097,4368133.00082,0.9963561801672073,0.9884278911412403
722473.77809,4366006.63448,0.36060969901377926,0.41698677682962704
722054.784224,4367670.72249,7.79874114389241,7.767084299255464
722743.177737,4367817.78708,2.676137718255527,2.5611589197847042
722086.200297,4367000.37799,5.737418370887638,5.360572628315455
722241.17288,4366669.16701,4.3541345646331475,4.0795265294403045
722805.856925,4366823.84027,2.7539170374878728,2.665939508927155
722961.019842,4366299.9732,3.8278070888789273,3.785569098318315
722720.624169,4366985.57839,1.6807852588628862,2.9966427969359377
723423.874654,4367895.55868,4.726201044763849,4.765602904360849
722984.325821,4366184.39844,4.084951964541361,4.06439392952776
721784.326007,4367215.86305,3.3593114727321884,3.6888270031794543
722410.388126,4368010.07854,6.6148030544463525,6.653530657591975
722596.682258,4367185.80371,4.809431002529752,4.7593416772416495
723510.083167,4366639.63956,3.732507090644934,3.719216804248442
723409.493333,4366647.23539,4.030605620540463,4.4028065527044635
721799.474552,4367701.31054,5.351410597760107,5.628761514447905
723215.038189,4367856.80593,7.978078231431231,7.806555269779003
722078.866613,4366422.41701,0.0,0.030730341810645403
722179.112214,4366900.28864,3.321488242394325,3.6196418403587
722881.954607,4368395.78494,3.9941704410092784,3.1101355562151802
722371.721036,4367994.63138,7.037117512379616,7.0414811509373525
723223.684694,4366785.74533,4.674500768791872,4.680888424718332
722674.567556,4366515.46254,4.41832383543255,4.383473337492901
722449.577854,4367332.06462,5.792991185501539,5.793556714640595
722255.814538,4367817.30722,7.322725893303481,7.242583870766701
723563.259544,4367741.61237,3.8686637949958147,3.865792204874002
722882.474707,4367756.28937,5.5524340555796154,4.619052173760802
723300.519165,4367409.99468,2.976314477213612,3.009388756400163
722752.030201,4366399.94468,4.175281832960629,3.940767585688032
722542.766382,4366869.8135,2.4260183109429385,2.4182648222558614
723354.727283,4367348.40973,3.505891638434585,3.4179981796639485
723253.658218,4367926.19242,7.812553942163789,7.692117551825084
722628.256283,4366368.99572,2.758325291414806,2.7812932665482974
723471.559081,4366454.64549,4.951622342399932,4.895981897241801
722170.625344,4367948.21001,7.951195134349912,8.576123804031798
723138.203904,4367232.5932,3.224729790554969,3.2232786738445576
722495.68655,4367740.48922,5.211413670806037,5.1849555581030184
721992.836965,4367755.42111,7.370327418362374,7.430691682796243
721629.586745,4367231.13838,1.4929222192827671,1.108304895646342
721915.756832,4367346.97401,6.9102232002742205,6.798745209821161
721939.124048,4367115.82911,8.028487404712731,7.850662691244017
721939.023945,4367262.23498,6.569719102690932,6.600359389391632
722411.353897,4366715.56561,4.058327395769938,4.27581090865831
723586.460877,4367749.34358,3.5907354745635827,3.6187556276258634
722828.736147,4367239.9765,4.4605039602786425,4.1249582210082725
722419.107985,4366692.45484,2.487745407362411,2.914051740143782
722464.631681,4367886.85376,6.1352057248493805,6.192094246200656
722302.309404,4367709.48118,6.004503121464782,5.841932567381326
721691.387793,4367369.89032,4.983507115905216,4.81893508065823
722162.950498,4367863.44899,10.708048699500596,10.011298473943857
722549.637237,4368002.51074,5.724251508676243,5.5763894788232955
723508.852701,4368026.63679,3.76019693455042,3.7699698359554037
722611.780372,4367671.25824,3.7036234768799297,3.7613464556738956
723355.565161,4366377.45476,5.6560923664039615,5.728740975116812
722031.202623,4368202.33522,1.3333167663958212,1.3478039582693657
722078.225764,4367339.41732,7.76337123949529,7.6452967691817895
723369.568196,4368072.71154,2.972670843846069,3.087679187640015
723470.440345,4367726.09862,4.352875777981411,4.376956621310303
723254.403331,4367055.48593,2.4698569410627624,2.4410104926658693
722797.599981,4367478.81433,3.2365478428638634,3.2221611963817587
723099.559692,4367186.31845,3.559947522801604,3.5066812492944868
722372.248088,4367285.75678,6.045650287215547,6.049644368018041
722929.647935,4366823.96692,2.595450724966388,2.533782681106416
723416.199785,4367826.20502,4.9203504194863985,4.889939757091951
722426.547052,4367093.16898,5.651897052089416,5.687402731169162
722574.117994,4366338.11665,2.2853727549256564,2.2285782406425096
722642.61055,4367817.68558,1.3113167574177538,1.6061736948983056
722510.88773,4368094.92967,7.123768353674631,7.069741109012223
721792.103483,4367154.2254,1.5493179387402103,2.1606741950967185
722295.06354,4367039.10267,6.290435047490756,6.2845805515739555
722929.983255,4366407.83185,0.666656748160234,0.6641008270678697
722311.219337,4366098.96002,0.004216461227585486,0.006548262489767182
721799.711676,4367346.86982,4.906763833486172,5.253504459501912
723206.939928,4368280.56139,4.702254860060087,4.651878083222718
722497.008518,4365983.53654,0.39341761959883403,0.4154018077840512
723378.57138,4366616.37686,8.016998283512406,7.753306236878616
722867.807856,4366754.54906,2.1218591772827007,2.3606252950153515
722232.387943,4368117.77346,5.450453870481082,5.609118630410456
722913.713089,4367394.17419,3.780399075337709,3.774188570549583
722209.074539,4368264.13884,3.63291521469493,3.80772771883873
723153.612233,4367309.66538,3.1266415721930825,3.1602201685552878
722411.598661,4366384.19756,1.678619699552792,1.6865783292996264
722767.691778,4366161.058,2.7058669350341367,2.7184280811887653
723416.023346,4368026.53375,5.081130791210267,4.854989565711645
722372.572394,4366846.53048,4.501489545835727,4.545267533754727
722411.39377,4366661.6229,1.9803939864972269,2.0404945624423023
722348.284138,4368302.79515,6.222179341817011,6.079098324088244
722657.647206,4368372.44175,0.0,1.6210335041634993
722704.510131,4367802.33783,2.9012976022211174,3.0869811813046613
722101.34234,4367470.43018,7.559636312139891,7.479003930647916
722364.773151,4366931.28799,5.240426164011243,5.3600989240463495
723083.398287,4368010.7638,5.177140588152224,5.033939837576366
722620.265239,4366700.35739,5.271891598442447,5.151521442902835
723431.494927,4368026.55081,4.6009525423455315,4.675781740788941
722999.81346,4366169.00115,3.685163709181187,3.7769240416691154
723493.339947,4368072.84857,3.6890366325378587,3.668493155130287
723377.976875,4367302.20183,3.276500854040366,3.3105436572187394
722047.145481,4367532.02215,7.744427115930249,7.5764786790273275
721861.644019,4367285.2816,6.172383403842012,6.051314070029757
723370.374224,4367148.08059,2.904053698667647,3.2067488395995967
723463.166624,4367202.12222,2.5188719081016293,2.500714590056564
721768.842884,4367231.26038,2.232907858394293,2.6460214994085334
722628.485691,4366068.43935,1.4543763022929153,1.4482295280032715
722635.066431,4367571.11384,3.8574005013518975,3.8399844601448363
722727.748523,4367763.83614,2.3779810964332215,2.2526124044512947
722974.919382,4368226.38202,4.136135953323046,4.131828286144408
723176.332355,4367887.58428,6.370921989111527,6.2732242831477345
723106.319773,4368349.79436,4.3430328511829135,4.285316725312735
721931.355931,4367162.0558,7.00003639678845,7.095900260654937
723348.091626,4366069.18156,4.564581610177073,4.153730252516858
722580.377158,4368264.50093,6.469417043318222,6.4492114539479415
722086.054294,4367208.43096,7.203867502830561,7.0184804850529305
722426.236009,4367509.26575,9.076753530388952,9.038324432031954
723215.103898,4367779.75548,7.9754960260502825,7.994386529612731
721861.815275,4367030.99691,4.534310330320132,4.509955286171997
723478.551403,4367302.31237,0.0,0.20944140589034402
722464.526517,4368025.54116,6.922583315661446,6.891221896171627
722937.372351,4366839.38684,2.508648113703737,2.4766448790259528
722991.850827,4366446.42763,0.5872025732774212,0.5975522226805275
722456.621226,4368248.96917,6.519470740173623,7.082851675914716
721869.103706,4367693.66801,6.290854386564836,6.370523189573066
722783.275475,4366022.35278,2.206305987792933,2.2165606605505457
722767.050851,4366977.91941,2.3771937777037677,2.3820525175953984
722782.066119,4367555.85163,3.4627758873241192,3.323656416225848
723245.597531,4368303.71698,4.7429823020220265,4.690306129192488
723525.073105,4367186.77941,3.3053844678053697,3.3749506611762516
723494.215121,4367086.57057,6.908932097583747,6.416369218538676
723471.032075,4367055.72175,6.286304365253684,5.508927949419387
722589.323,4366692.62076,5.341309142651717,5.216760120122405
722845.006674,4366238.20218,3.31706710052337,3.31941007257786
722379.410662,4368056.27707,6.299826319176437,6.621512724310234
721629.576859,4367246.5494,1.500757896889506,1.5431747091400996
722054.816659,4367624.49172,7.641736747409004,7.630836873011868
722829.318377,4366507.91175,2.6294977877064185,2.7094096523375626
723485.583595,4368095.95432,3.7489336409065053,3.727052186394263
723486.178892,4367425.60909,2.568319486873347,2.2417423739099123
722605.202477,4366160.89662,1.6998838453987943,1.7014144826473936
722883.003476,4367101.33022,3.0951020801731057,3.0615874726453183
721915.583081,4367601.24857,6.977639843085053,7.0121849544586565
723168.511404,4367987.74004,5.288640924376635,5.301398417781302
722929.354703,4367186.14053,3.222283581837039,3.168298856233183
722627.699798,4367093.36636,3.0992264146168558,3.314642339267876
722690.262391,4366230.34016,2.6928062540928743,2.6670383415744574
721961.850494,4367817.03257,7.884004703810233,7.688350992862761
723076.260333,4367294.17241,3.473232434143864,3.4750784570794924
721845.900939,4367685.94201,6.111324172223092,6.188827761010373
723246.751702,4366955.30169,3.3637649306418793,3.2636855449340842
722767.00828,4367031.86004,2.616479233029939,2.6595205229858676
722944.784058,4367240.09587,3.3407547569172387,3.3215676452097846
722442.467997,4366492.11615,2.0895935361780182,2.086216797127253
722046.755304,4368086.77999,4.153111106813642,3.8109390572860136
722666.430979,4367031.75895,4.4415598367136,5.142950293418915
723153.495503,4367448.36387,3.121803976608649,3.1275290271698326
722991.007231,4367479.014,4.796521899198753,4.744625831889519
723207.078411,4368118.76337,5.213930859394763,5.0453015581799745
723176.886672,4367232.63436,3.083164573935311,3.067788218374439
723169.512718,4366801.09974,3.070326642832483,3.068567906671626
722156.174244,4366514.96392,0.8581536589711958,0.9186402123931198
721699.103912,4367400.71853,4.756601204060987,4.722419284375374
722565.203765,4367879.24811,4.495648037119354,4.551508569889862
721706.88569,4367331.37693,4.329285069703755,4.184410783818439
723007.344289,4366423.32447,0.7211967960361828,1.1199896932624203
722465.558978,4366653.96908,2.1183511558634276,2.192878034302003
723045.001434,4367671.70251,1.7776050727043637,2.0189518392620953
722836.324675,4367424.91629,3.3825474740132417,3.4000040276067423
723478.27207,4367618.23429,3.644307387779047,3.7107845110122697
722713.468947,4366238.06987,2.794776821322732,2.8040643435201957
722867.715401,4366870.13921,2.1011888386484787,2.2159528685730083
722891.474826,4366184.30321,3.381643779072859,3.373030083985095
722480.848316,4366900.57662,3.401136121152185,3.378265312652878
722812.875339,4367725.39743,0.11828282114460235,0.9413028585595636
723501.835985,4367217.57633,3.5085704072169945,3.2252347073085534
722844.172163,4367286.22572,5.0757090062827235,5.066483835189006
722999.443833,4366623.68028,3.660056070656646,3.5505566931531547
722318.800802,4366314.75113,1.1061558848531068,1.0771857056534804
722666.794668,4366561.69239,4.64777925190424,4.55054579045865
722766.8988,4367170.56296,3.5988679595975266,3.672747493246885
721853.938718,4367239.0417,5.58654594275449,5.578259975002878
723417.431115,4366416.05421,4.872006779680809,4.999033386723946
722790.777532,4366322.91922,3.997978347573731,3.9835235238677824
722434.133952,4367293.52211,5.844723392797507,5.98355271665029
723231.617092,4366554.56845,6.121005903542653,6.139189645720099
722326.465466,4366414.94182,1.7780892362132903,1.7648518323211941
722419.227802,4366530.62518,2.370961975876703,2.349930052700336
722526.216946,4368279.8561,6.918065225674281,6.902227563661762
723269.968784,4366947.62072,3.8631127459133228,3.89268146585498
722960.18795,4367324.87301,3.763133462213229,3.723846419962993
722085.831753,4367524.35276,7.950065611853123,7.9784879618698135
722982.884135,4367949.01879,4.689055681809953,4.772336761240835
722751.559126,4367001.02122,2.386985152726185,2.382258408848915
722783.185048,4366137.95363,2.673907719225334,2.6920347348286424
723122.271841,4367779.65616,4.743982945078619,4.555123469682389
723346.3745,4368057.27647,3.389582752589132,3.3976265893428153
723323.941036,4367163.44158,2.673307371862854,2.722479671075171
721985.186589,4367632.13272,7.566478079198108,7.380988070974484
723540.792811,4366909.38698,3.949021472461638,3.9241369821476577
723083.1329,4368326.65602,4.301627541837004,4.313032594401412
723346.783625,4367587.26853,3.3182289390588977,3.1204133516756016
723532.349725,4367703.05196,4.567841298227245,4.56290124618086
723432.946006,4366369.8323,4.9540425828724475,4.952699502911373
723384.802574,4368342.39209,5.274893142897472,5.353203507747214
723323.127039,4368103.47984,3.657506566029181,3.5150632449246912
722410.97055,4367231.85536,6.206656486495821,6.201750351670965
722093.855769,4367115.97086,5.274925458936211,5.389121348278024
722472.897384,4367185.68196,5.61371911475494,5.585836207524458
722721.409358,4365976.05009,1.159014536927888,1.651531626742896
721714.677623,4367246.62363,2.5747576881621046,2.2025841318065615
722876.09151,4366068.68721,4.246667962529602,4.311053293966586
722295.415992,4366553.62568,2.0587961589047437,2.1807825766923745
722349.733577,4366337.89984,1.241637895716677,1.258560723385124
722311.013228,4366384.10157,1.4639417535802386,1.4555304734635406
722534.678312,4367332.1479,6.336261498707621,6.151838740743592
722481.578734,4365921.86701,0.2057640812430543,0.21515824131896671
722929.685218,4366777.7308,1.9588942028687675,2.3209630522063134
722751.789052,4366708.19483,3.2619459410222853,2.998326663182842
722356.854856,4367177.86404,6.373858516774333,6.337023156963444
721892.714969,4367100.37593,5.638375098166666,5.461649891750209
722062.688183,4367431.86767,7.708282396032943,7.705857451268517
723369.419621,4368242.21536,4.634063786463816,4.627575464537851
723284.880728,4367602.6118,4.303241420200092,4.18668575138596
722349.95221,4366037.34304,0.0,0.00030919970910319876
722843.527323,4368087.56083,4.895630188711948,4.884107003329075
722721.044875,4366446.15194,3.861628516419924,3.7741717050397976
722348.513835,4367994.60886,7.162204434604252,7.124009054303123
723409.232069,4366947.77177,7.985274705486054,6.541019417776348
722635.472222,4367047.13967,9.039414655917387,9.016221731915957
721520.964647,4367724.18183,1.7723833394451873,3.3177685755430444
723075.662468,4368010.75558,5.1871450951444045,5.108272950585542
722287.878982,4366276.18949,1.1631325235783134,1.147767696091016
723238.18654,4367926.17573,7.957585246295314,7.592025142753663
723215.405839,4367425.31378,2.7800703306943877,2.7960022743652275
723625.259773,4367618.39864,3.288248118835837,3.3773355409775405
723361.785256,4368126.63649,3.0372765683589487,3.1443943215173413
723068.5238,4367294.16424,3.461807945021011,3.474474792706488
722697.311655,4367116.55303,6.601991283946312,4.541375969670156
723037.290906,4367640.87355,2.0630624530900823,2.347430374018605
722565.535422,4367447.75973,5.066446998751987,5.3130522792222665
722565.150313,4367948.59221,5.0059686864008315,5.003240290954938
722395.060959,4367817.44126,5.800155728232378,5.878304448256373
722194.249203,4367370.34732,6.4720954273858835,6.549481595076992
722975.021232,4368103.10714,4.813852144400707,4.828686597309298
722914.761533,4366091.84684,3.9028722455721536,3.936944529441539
722402.490229,4368225.80239,5.627305700755165,5.591810583249396
723098.662286,4368257.33144,4.384922131680381,4.362841404162414
722657.653285,4368364.73732,0.0,1.7726051553645288
723262.513704,4366616.2516,6.471869215114732,6.58929504097645
721791.759207,4367670.48336,5.391266660820402,5.413836186121127
722472.536905,4367663.41539,5.016489480583304,5.022128463146053
722372.945803,4366337.92202,1.3145311453064845,1.3364548043729567
721923.408908,4367470.26672,7.36364723149784,7.336730411860675
722960.476718,4366970.41154,3.1242405674579072,3.138410023999089
723237.921749,4368234.3672,4.718003927652432,4.5442624818671264
722897.952946,4367748.60035,5.278023566792701,5.308588960304172
722410.155931,4368318.2644,6.6007001812558395,6.873808479873295
723362.323125,4367510.23227,3.1642936044685968,3.2320204912538895
721923.319227,4367601.25561,7.135321337522936,7.071296204500889
722171.60497,4366576.62811,1.2034501481561541,1.3162497203255021
722535.087894,4366792.74622,2.7044404127527697,2.904813663409156
722844.060986,4367424.92415,3.6852929733361317,3.4584698209435305
721629.30289,4367670.34009,5.876382723461129,5.847311964822819
722875.944499,4366253.64678,3.4742973245631816,3.476143756835343
722023.963769,4367493.47446,7.35038380588498,7.356715571991879
722396.259772,4366199.227,3.129910878111928,3.1475887838751757
722882.412236,4367833.33982,4.1742492585800495,4.209095035300341
722309.675555,4368210.3032,5.8061580477129375,5.76552880034297
721931.018222,4367655.19859,6.951596193581395,6.936337193330468
722349.823393,4366214.59586,2.126864700854137,2.45037511674798
722472.839375,4367262.73765,5.696465101369292,5.698151540011359
721660.256974,4367654.95698,3.8581753168520803,3.871663927932444
722983.712245,4366939.61214,3.172610175508912,3.1722611984537434
722340.955255,4367755.74872,5.493472673475342,5.578076546858704
722510.828705,4368171.97653,7.339830310949023,7.36804853516815
722473.307582,4366638.5643,2.355187324753691,2.4642095240139095
722566.19957,4366577.00549,2.3578884069914188,2.367130405892881
721660.45757,4367346.74712,3.4787507824728725,3.405413350661861
722798.375431,4366500.17413,3.2605905909690867,3.3369024812010153
722496.141885,4367139.4708,4.946103609356178,4.931220649304013
723146.160044,4366970.60616,3.1475281205150396,3.098314833408869
722937.222584,4367024.32832,3.2284799899073935,3.2252902760836872
723246.153638,4367656.50655,4.5788460635612696,4.603662552273668
723315.190113,4368334.61102,4.933646545852743,4.9178801476304885
723208.002472,4367032.31875,3.0471325754588374,2.9771826425929957
723502.623442,4366323.66957,4.8940809424263305,4.666327523230521
723447.801599,4367078.81361,2.3556843762066397,2.4280635495618164
723539.671358,4368165.35766,4.48493373141921,2.7787580875438764
721637.058941,4367639.52652,1.972361334940094,2.393943636083165
723479.107448,4366670.43025,3.8355525508775266,3.713148203803015
723044.436304,4368349.72849,4.218591095588769,4.218892248753757
722589.674712,4366230.24079,1.9797001534512566,1.9919849526554145
722938.017754,4366037.92339,3.2628496359626675,3.379866598532866
722332.819013,4368295.07566,6.106967662429611,6.045132495021156
722905.789157,4367625.3259,4.520659112242434,4.426370508399523
722504.521767,4366284.10333,0.0,0.07344520977960414
722813.348973,4367132.08179,3.2118403076760593,3.1143824136497313
722634.628048,4368133.57653,6.134915265215497,6.114741733644208
722889.702576,4368380.38406,3.4219838132847085,3.4891429888289394
722860.304157,4366461.70525,3.1350548989922356,3.26084688793345
723261.234825,4368111.11719,4.678793031222625,4.682957897673237
723517.976438,4366462.40296,4.451306200110635,4.734475822702361
723238.555748,4367494.68731,3.5475550913756426,3.517640421699147
722503.252153,4367963.94069,6.217015700484613,6.292638920542483
723138.08106,4367378.99848,3.220024536843458,3.246088361173156
723463.889028,4366377.57266,5.1946966609105845,5.114887385083241
721876.823979,4367716.79018,6.260615422746631,6.24787195911933
723440.910898,4366107.81595,5.5815111808622895,5.685763630522528
721900.341758,4367262.19998,6.455539612969366,6.432969649863253
723432.105383,4367333.0834,1.8175515437301712,2.09990807430122
722248.431612,4367331.87134,6.414231251739663,6.373918481492487
722225.588393,4366823.27303,3.8798620718475103,3.894522074315275
722193.687576,4368148.5553,5.2438793635790875,5.294859077293901
723348.098228,4366061.47481,4.296528532582075,3.974508947189399
722093.90992,4367038.91391,7.077618742070399,6.786193396461557
721861.498257,4367501.03191,6.975348482052735,6.971943759620756
723092.588562,4366261.57703,3.8268064458223385,3.884154256565883
723454.524464,4368226.90017,4.527436247223177,4.676685869302826
722990.313894,4368318.85331,4.083564298449427,4.077607199879085
722217.056794,4367925.1394,5.753425582075129,5.961378589240199
723013.584376,4368241.83198,3.945568272893794,3.945550507536206
723277.488293,4367201.91972,2.5911875084990235,2.5906085378114434
722875.167697,4367224.61288,3.9221710761338056,3.926112981152865
722635.626676,4366846.78731,1.9123641083798908,2.031269534654833
723098.843878,4368041.59955,4.9830554607924,4.966109677964453
722348.628362,4367840.51121,6.110646689553865,5.2083570813650155
722349.08426,4367224.09012,6.290144587856872,6.315968669882479
723006.002243,4368056.91094,4.799394179498837,4.833802583256569
723308.725714,4366862.89695,5.674552134102705,5.675538233402998
722472.478562,4367740.46646,5.261790528048802,5.237072232389505
723493.188672,4368242.35257,4.369722052031811,4.553738271535537
722473.840955,4365921.85954,0.20542521968508498,0.2034124816718525
722611.577097,4367933.22874,3.6033214175072175,3.580123361795795
721776.676313,4367084.86101,1.923685301593212,1.8702566913508738
723293.894875,4366107.65709,5.20912230977372,5.466955696338336
721760.815169,4367670.45583,4.8315374813140135,4.82115995759629
722696.46433,4368195.27634,6.298632164602174,6.216994773541228
722953.288555,4366292.25872,3.8944493009043293,3.8746158076372215
722868.366027,4366053.26582,3.7200823431802372,3.521311241896094
723122.962506,4366955.16984,3.1549184908022814,3.221903282846034
723114.813817,4367448.32275,3.215106151162184,3.261423139841883
723022.003234,4367417.40323,4.206424491719217,4.193282471308461
723563.252611,4367749.31748,3.8984830350251913,3.8555754184399382
722604.891301,4366569.33737,2.572837576860509,2.580582155169338
721575.126169,4367708.81843,7.1344180272973015,6.338707306360448
722766.977878,4367070.38888,2.8461250833013287,2.920741264612306
723022.162041,4367224.7653,3.594317553571626,3.5997710109101444
723324.944088,4365992.0885,4.0824994080301105,4.297020914752148
722527.316002,4366838.97457,2.483030535782228,2.591722031937736
722465.58205,4366623.14452,2.488765286156347,2.3046456276291987
722759.869946,4366268.9425,3.2092971508419197,3.273292453082531
723462.908579,4367494.93212,3.0868661068722547,3.147045898661442
722906.238326,4367070.53114,3.139166537849336,3.146119200472195
722248.915453,4366661.46823,4.034316963703451,3.84061757173873
723571.64426,4367017.30416,3.7163067526545195,3.7687878100906027
722341.52885,4366977.50068,5.8783189927820905,5.834958884714166
723394.318784,4366300.43158,4.637290773760506,5.2837437334001685
722086.539532,4366514.89958,0.9454435114607476,0.9783013024260839
721784.00772,4367693.59167,5.241039399317742,5.224979763821116
722380.292226,4366869.6557,4.535601048295856,4.573161316871081
723409.813759,4366277.32868,5.394171257159218,5.383530768985848
723316.098224,4367286.72331,2.8388056928848795,2.8759784436816003
722287.967671,4366152.8846,0.06859007087810946,0.07568968822555071
722357.521593,4366268.549,0.8491432548849073,0.913046325515924
721567.498675,4367539.29913,2.3699647952528307,2.5620838644441273
723571.341224,4367356.35442,2.889779819772151,2.8968631030541565
721892.348532,4367639.75331,6.681800358183106,6.746864561109508
722526.264322,4368218.21953,6.912449929229066,6.948407795289742
723454.394334,4368373.28728,4.946007045954714,4.867837866031048
722000.642699,4367655.26225,7.470500983009635,7.39923638867633
722435.044055,4366068.25117,0.4912702001782694,0.5283288427055889
723215.510529,4367302.02594,2.9359644404183447,2.937383230318002
722000.325364,4368109.85104,12.678526086325299,12.819686381440725
723254.034894,4367486.9986,3.5475874074143814,3.496551335297436
722216.860588,4368194.80513,5.482145132468695,5.467905684773603
723500.958666,4368203.8379,2.920293085204867,3.501586321478338
722464.928807,4367493.89284,8.343431823943911,8.074690884075828
722326.151135,4366846.48614,5.002128463797643,4.916041088801188
723392.633021,4368234.53629,4.637000698841371,4.624495829914064
723052.859218,4367525.31091,5.015166446568842,4.997512561624966
723501.233726,4367895.64449,4.10783287411106,4.149044972786212
722504.769201,4365952.71675,0.5695561406428892,0.4878102219365856
722310.542571,4367031.41164,6.149340914078633,6.24346070826453
722217.652441,4367100.67514,6.576947892784497,6.567760473748869
722782.451269,4367070.40459,2.9519681891731135,2.9109262244393177
722712.391856,4367617.42292,3.364797505022462,3.418191068328434
721807.179519,4367747.54768,6.211690863673276,6.445303804699349
723479.538876,4366177.21865,5.35005486299216,5.377047716497773
722310.76713,4366723.17544,3.6073232203040897,3.6512902151157753
723408.185766,4368142.09707,3.725407179991572,3.6595061682459242
722435.112162,4365975.77007,0.0,0.0009056608868389112
721807.663771,4367023.24288,2.2065027693859545,2.206715395455828
722086.36744,4366761.49557,2.006131018347636,1.9609061836671946
723076.878894,4366546.69858,3.5565270239872437,3.7704560896195485
721737.78534,4367400.75259,4.929257720020526,4.948887175974486
722960.758097,4366623.64021,4.444270921534745,4.300338438124346
723355.855682,4366038.36272,4.107574730515912,2.5273348512731433
723539.699036,4368134.53875,4.2647083911542625,3.5646818020866284
722844.510897,4366862.40952,2.062065272466213,2.146955729097672
722975.81828,4367132.24902,3.559850959400143,3.4419210910490716
722820.146351,4368303.26696,4.6113763884117915,4.546404482400252
722008.566368,4367385.58558,7.38130025237241,7.49908207479459
723463.612957,4366693.53181,3.9957839346576214,3.9429027336821036
723261.281281,4368057.18367,5.269471357969929,5.171545897028838
722611.277014,4368318.46366,6.106999593753602,5.999114879046587
722790.218521,4367031.88361,2.665284530531766,2.664930099375632
723369.601937,4368034.18742,3.0264976305813307,2.9462511764571073
723524.963634,4367310.0694,2.8115130669555275,2.8603310641796806
722496.269785,4366969.94446,3.526255359415555,3.509624140523952
722085.515462,4367971.24463,19.11412131738778,19.552126170067222
722426.397464,4367293.51458,5.858858582026758,5.847304514052299
722589.369986,4366630.97167,3.1648229719602776,3.0362937018166587
722441.667905,4367563.21766,6.017476472158507,5.993786834483696
723324.417719,4366608.61195,7.194895954933709,7.157651828010014
722650.442698,4367694.41233,1.7300391337595573,1.8830113138217872
723206.93331,4368288.26595,4.702642267810177,4.68552667574009
722163.435793,4367185.38625,6.006600970979427,6.226865222063319
722272.464956,4366191.403,0.6087668928046635,0.6912368819698753
723191.455756,4368295.95385,4.561935157433399,4.4679497002511175
723254.711199,4366693.30521,5.367546688387796,5.573394941562695
722844.48017,4366900.93922,2.1573006386227354,2.177844547680259
722472.845116,4367255.03214,5.691430339477092,5.642318607446231
722496.449466,4366731.06015,2.841532743368021,2.8235574507971415
722890.123123,4367864.16776,4.279424499651279,3.9835662575971336
722774.391148,4367478.79072,3.2255334596611673,3.24356991110477
723045.771816,4366739.32088,3.2338371427574644,3.434235460657349
723323.615025,4367541.01148,3.4691983153082564,3.45128571931496
722024.076539,4367331.66192,7.366326384994995,7.35125091137525
722418.775989,4367139.39552,6.011441836639205,5.933549215836172
723362.054657,4367818.44044,5.826102429619827,5.788014485528387
722481.349652,4366230.13513,0.3947117519179402,0.4237694532896722
723338.44368,4368280.70447,4.578652167328851,4.449631125172761
721962.180248,4367339.31071,6.761577116381168,6.802035259559177
723192.411871,4367171.00565,2.878958948087125,2.9170559872199116
722897.708522,4368049.09302,4.906376810450831,4.920391480091338
722341.658785,4366800.26513,6.268715976456588,5.95539553281177
722759.265497,4367039.55803,2.65727130706935,2.7033177289453256
722395.463158,4367278.07358,5.847918448770206,5.998894779892765
723052.99978,4367355.79206,3.5467160285127344,3.568301148412182
722774.543928,4367286.15466,4.437687298071673,4.4322321229818105
722580.472794,4368141.227,7.371973997478948,7.2385146228581645
721985.117075,4367732.29891,7.198543050733975,7.171587501863217
722379.99031,4367278.0587,6.098673597201986,6.049981160387728
721799.490096,4367678.19534,5.620076525946858,5.6217082189109915
723470.255914,4367934.13493,4.255445998908781,4.257677729924775
723161.075691,4367633.29961,4.0424817647761335,4.046452934661286
722751.885661,4366584.89622,3.070055611293316,3.116236476354142
723486.810709,4366708.96965,4.027184737011354,4.017720941594602
723114.503479,4367818.1732,5.157163890206599,5.211976263802098
723215.739197,4367032.32704,2.7849887163756644,2.9264748033273356
722410.930326,4367285.79407,5.907331485987295,5.884797776090646
722178.875805,4367231.63417,6.151599959072214,6.2895184876892545
722634.664204,4368087.34826,5.916464614077831,5.942595196033987
722751.316232,4367309.24772,4.755729825159342,4.692486387491261
722821.073337,4367147.50107,3.2844721435953748,3.2661550496687988
722852.652556,4366353.80772,4.574553801130515,4.317329010982014
723293.199136,4366924.52796,4.859937123927463,4.8985688374514345
723361.731305,4368188.27425,4.3953140464226506,4.150964595115387
722334.437792,4366091.27531,0.018743312986724048,0.01982099771034112
722441.731621,4367478.45958,10.197212147743576,9.991506773009094
723223.534748,4366962.98271,2.681220569491086,2.7189220845467656
722519.269857,4367247.37208,5.762655273567128,5.781094491727669
722866.565396,4368295.61042,3.153743764322735,3.619828135397183
722502.981031,4368318.35574,6.448633598548423,6.098966608408349
723609.926364,4367464.27436,2.9432224688326674,2.9471608875666853
722690.46426,4365968.31246,0.4690314276104297,0.817107863921189
723571.182428,4367533.57945,3.031183648555498,3.0349882454189854
722410.36496,4368040.89771,6.737340856758271,6.702891713247675
722535.731863,4365937.33315,0.7035309833962783,0.7473926219706357
723006.448018,4367517.55685,5.817840680430935,5.43691845615878
722804.793203,4368156.86352,4.694670978255171,4.7073811702123
722024.349327,4366938.67471,3.8600469540955684,4.268860076508225
721815.070755,4367516.40079,6.504593051482924,6.44532422612753
723363.501038,4366146.26558,5.15684111453398,5.196235769962618
723502.467883,4366500.91784,5.003161038178225,4.988382727077364
723223.168388,4367394.50036,2.8101609869776767,2.7934835042141932
722705.456679,4366592.55592,2.8875142346278726,2.9572313827558463
722535.245129,4366584.68136,2.3038809966825045,2.316897227297203
722179.090198,4366931.11211,3.542230254564308,3.7591305468213005
722905.481948,4368002.87211,5.074579483785931,5.0688141909080535
723168.163837,4368396.08759,4.4285218539424,4.633305819930679
722288.017517,4366083.52478,0.0,0.058814449762275615
722929.217099,4367355.66293,3.7489336409065053,3.8943808547648424
723378.969713,4366153.98901,5.1821426492909435,5.158819175514065
721969.964414,4367269.96866,6.645300161859702,6.689865427343678
722311.18594,4366145.19989,0.09884397845976349,0.08899751595841697
722364.892189,4366769.46334,4.068364218800857,4.435216537628026
723362.162116,4367695.15863,5.1031403218783185,5.203427470476897
722945.538671,4366307.6638,3.909165409401345,3.8464457954854403
722449.670369,4367208.77617,5.668969153696223,5.754976391841441
722179.407646,4366484.16045,1.06477971764927,1.0831491148921895
722542.982253,4366584.68894,2.3118230479167523,2.319135314954947
721954.268915,4367593.57863,7.513842176961761,7.456493802995842
722874.863277,4367602.17829,4.775157919875939,4.434015098864734
723301.416386,4366361.98337,6.459928438801583,6.290275537831849
722449.206581,4367825.19895,5.822068310784217,5.751096771370477
722905.249021,4368287.94599,3.3246832983670243,3.5698208547606787
721698.962436,4367616.46534,4.162211918865443,4.126804685211733
723495.047844,4366138.70209,5.447581590181002,5.2889331613926425
722945.637904,4366184.3586,3.880314111675077,3.885264765690455
722565.941749,4366916.07171,2.122382004623688,2.0876026238979803
721822.961973,4367285.24697,5.479240536129879,5.259627941814257
722047.441624,4367108.22237,6.022672429529645,6.015477628214539
722240.477303,4367632.37093,10.155064338936215,10.121122104809263
722580.960579,4367509.41775,4.880333160947171,4.911922717436014
721675.804601,4367539.39325,3.97367745587336,3.992905860553462
723053.33105,4366955.09657,3.6264931714255417,3.6348992201911265
721784.412963,4367084.86788,1.857636896779596,1.7840758272084942
722241.012229,4366892.64087,5.416116155749798,5.375232888926777
722797.649137,4367417.17131,3.481752326927901,3.5104761801999844
723153.664041,4367248.02083,3.1623121311648767,3.155379754550613
723006.954276,4366901.10676,2.565911941987477,2.8517222265964994
722860.487865,4366230.5113,3.353825055727173,3.329112925891163
722527.304316,4366854.38641,2.524819790445511,2.575256945569409
722334.034376,4366646.1366,3.1078624912544432,3.1105464294488905
723307.61546,4368149.69144,4.0993776134044975,4.2128768689769585
722736.176235,4366885.41758,1.662496496869123,1.7116082094718863
722613.115748,4365929.70186,0.4696090768028462,0.7630856715492447
721861.612796,4367331.51436,6.6712791792858885,6.660009310097514
721598.497683,4367454.56816,2.43639387530847,2.3034213525832543
723469.865227,4368373.30454,4.332512057000444,4.548064214144592
721590.776285,4367431.44556,2.182611598890995,2.225876855922815
722371.962219,4367671.02264,5.71518301266318,5.732102665665548
723153.131122,4367879.85451,5.370063876976524,5.813762594085747
721961.898479,4367747.68768,6.926391222225896,6.974929758522282
721970.049175,4367146.67977,7.415669898427684,7.361896554726178
722713.49281,4366207.24352,2.6959689940268374,2.715402999500802
723315.310925,4368195.92809,4.120225690251766,4.057299302931443
722891.591432,4366037.87593,3.9899104946172583,4.068965944980999
722496.374184,4366831.23833,2.8539996170975006,2.8280957233046378
722705.168703,4366962.44539,3.275791055332402,2.9164959362265304
721621.651587,4367539.34596,2.984747232107481,2.9594285279160926
722558.310387,4366777.35699,3.811541734096294,3.8501241351244313
722287.164156,4367262.55871,6.3565286562871295,6.4178472302723755
722891.136229,4366608.15618,5.129571379132068,4.629980316035759
723502.223847,4366778.34179,4.087114446133481,4.108083791224404
723339.772864,4366747.33975,6.117326876418401,6.169739877238716
723107.86608,4366500.49313,3.6769346607457782,3.6487145370937615
722806.313073,4366245.86955,3.3997161390215096,3.410079134756265
723439.916251,4367248.33052,3.077355573615049,2.6614121720077173
723114.522881,4367795.05807,4.820177624268632,4.831711452400268
723030.253524,4366793.24718,1.7138449512050922,2.095504768671532
722813.709822,4366677.43292,5.707050142914491,5.561039158063514
723555.350563,4367934.22992,4.013630467049865,3.9942840472740286
723324.924362,4366015.20899,4.054842264878104,4.0990958498627625
722209.102594,4368225.61606,4.522272990605526,4.607901777929407
722728.451409,4366869.99797,2.533294479246791,2.4997450394534697
723137.353034,4368241.96352,4.388795055037053,4.3989162529368295
723524.130919,4368242.38716,4.62286512489737,4.525126032090555
722836.157713,4367632.9594,5.7163767825226985,5.193668523445166
722650.664659,4367409.3175,4.605825724044047,4.659700581271635
722890.60348,4367270.86229,4.616507713705456,4.8514120859684065
722814.086982,4366199.6379,3.026116955339308,3.0607311260877
722171.216239,4367123.74852,6.777068040378364,6.759747496912898
723316.897776,4366354.29358,6.237863777331883,6.225795686598113
722511.029155,4367910.01417,5.789247526299815,5.9742127516773875
722396.321941,4366114.45419,1.8992907318519818,1.6279050615119561
723199.933091,4367425.29723,2.996110166870837,3.0025907514138312
722867.653698,4366947.19836,2.841797427113863,2.8236563836567394
723401.146054,4367348.46042,3.6319145716383376,3.5750028973841395
723084.418742,4366785.59782,3.8534633306324966,4.046316806810548
721614.05444,4367323.59054,1.902398457577143,1.926631926286907
722063.188796,4366715.23803,1.104074289536518,1.2496677388561597
723332.76715,4365891.90717,0.0,0.07407807983275208
722866.621759,4368226.26913,5.432478458648641,5.107651018417452
722411.881987,4365998.86821,0.0,0.0001788648622093754
722434.559189,4366723.29409,4.453726440583151,4.3260656374352635
723030.581492,4366392.52292,2.932627617061427,3.093955195115075
722659.235366,4366330.49417,2.8623192658557937,2.876870534471085
722612.101887,4367255.16929,6.87507873871876,6.892284665658537
722480.003845,4368017.85157,6.768257303245702,6.787784853649197
722155.792395,4367054.38288,6.222953772602451,6.265362266430579
723377.641094,4367687.47038,4.989735647656937,5.0623814964261875
722782.925189,4366469.33321,4.320991004476127,4.64884019938213
722982.915916,4367910.49419,3.362925867778971,3.556425143443287
722820.845807,4367432.60579,3.3606021907079158,3.363176288225566
722929.429706,4367093.67229,3.1621701714232824,3.183983570666256
722635.036493,4367609.63998,4.152400923390934,4.058390414738474
722301.974198,4368164.06806,5.7529412262088275,5.630935876800892
721923.598348,4367192.87115,6.541996558031962,6.595579127845872
722395.67476,4366992.96434,5.45161570901661,5.439844825043966
723145.583906,4367656.39869,4.086210751193099,4.0705168186099865
723121.823277,4368311.28818,4.242698475771466,4.231694984612688
723183.877989,4368111.03361,4.988251418163535,5.081211939861267
722069.885662,4368194.66665,1.7414763184690563,1.707345003007111
722139.46658,4368248.66384,3.804183679847787,3.8170081186197096
722774.653689,4367147.45385,3.6645741606438076,3.258881105797761
722217.135002,4367817.27044,8.798114641819266,8.498093696950239
723076.643542,4366831.82582,3.3779001198711316,3.332984744347066
723183.680702,4368342.17276,4.131359335025991,4.1772487386557415
722503.110822,4368148.8549,7.40453625365346,7.373617063380454
723208.100156,4366916.73072,2.6465537312938587,2.666636538567961
722256.724597,4366561.29541,1.57212786843911,1.603865000543054
722365.304068,4366206.90409,3.7560658675986027,3.38330016293328
723500.903567,4368265.47512,4.738948567901165,4.734676028256628
722054.892398,4367516.61879,7.587003380372762,7.395762500688267
722109.274619,4367193.04137,6.647720787046967,6.382486812171441
721892.401052,4367562.70165,6.812180185895088,6.784027080032829
722906.900745,4366245.97182,3.5451348509031266,3.568059712593793
723192.509469,4367055.41968,4.351972467755776,4.108674261035734
722101.895332,4366684.44944,1.636398025514034,1.66158078690248
722411.638372,4366330.25256,1.3960636454305417,1.400842927877223
722503.122644,4368133.44553,7.380816281220857,7.3661483313158564
722782.310925,4367247.63475,4.299691272516039,4.294017332463099
723463.085178,4367294.5897,0.0,0.10793203681495629
723239.536444,4366338.79768,4.23569551323431,4.3060259170586495
722294.244367,4368156.35599,5.670292187710685,5.7705703362924865
723301.16668,4366654.82415,7.13251368930033,7.127536456112504
722194.996965,4366322.34127,0.42802314388328155,0.47559660592496367
722829.464707,4366322.95826,4.603921386047075,4.6855302316585075
722419.039468,4366784.92739,3.58902503279903,3.862232891361086
722566.258025,4366499.94291,2.7574314067004706,2.6892792362288174
722533.964283,4368264.45468,6.956791381523039,6.935169964171915
723324.232686,4366824.38366,5.250366038925949,5.24058185576101
722287.085445,4367370.4353,5.560308397018411,5.5024992748219175
723301.495042,4366269.50509,4.897921165029522,5.264130911742456
723046.131994,4366300.06128,3.693102682697457,3.6940655760042316
723563.597888,4367364.05132,2.9089784321422427,2.9232886681201777
722472.577666,4367609.47917,5.107367952231597,5.078598067840042
721753.324154,4367300.59607,2.9532237057495,3.0273677903219247
722635.024483,4367625.0504,4.187319557389984,4.070236725499671
723339.394306,4367186.57538,2.8110452538233432,2.7899330779966385
721567.409885,4367677.99148,4.1076070465546515,3.9446128012634656
723192.807961,4366700.94527,5.565891762139639,5.594012089535976
722542.314743,4367463.14747,5.793894880441922,6.624370296196092
722085.449837,4368063.70189,5.079097573773096,5.063380162818398
723083.449932,4367949.12481,4.4508222289590815,4.588783944884164
722055.070588,4367262.34116,7.1330299764906195,7.164054254674468
722666.424982,4367039.46478,5.460781153145882,5.998059254481916
722898.495433,4367078.22889,3.127145163796726,3.096559678172871
722905.832982,4367571.38928,3.851817520945415,4.0035573300245435
723610.175981,4367186.87442,2.839144626576868,2.8365406017143315
723021.294231,4368272.6585,4.033219757245398,4.042409420706849
723138.616234,4366739.41842,3.7719761306698816,4.009701855848866
723224.009678,4366400.4329,3.9856182321865057,3.9657465813719623
723153.039785,4367987.72344,5.491859179826995,5.401164085540502
722187.161287,4366461.0488,1.1540833594812798,1.1410412131347314
722851.144471,4368233.95775,5.036239966257772,4.874856720364942
721745.450267,4367508.63359,5.517870513291919,5.585795245021808
722302.990932,4366777.11031,5.572313805409028,5.503461585670545
723053.337422,4366947.39072,3.6185541979092686,3.624348852601356
722975.180081,4367910.48608,2.621223342930883,3.202480541050443
722179.462203,4366407.09722,0.8568433205433764,0.793601580885969
723400.321054,4368288.47721,4.75934460492087,4.7648606680442995
722789.284944,4368203.07554,4.668078725522484,4.746543369064753
722998.317545,4367995.26429,5.086358679905392,5.09296051037859
722395.908291,4366677.02024,2.2404369183477795,2.326064446500312
723440.085119,4367055.6877,2.214496564753654,2.2372289448080336
722774.299322,4367594.37001,3.1808524966030878,3.38906059888365
721946.527439,4367601.2767,7.417671184540866,7.263550080432467
723285.580721,4366785.81168,5.178302426687751,5.178286645688831
722549.755686,4367848.41295,4.743982945078619,4.919075699873423
722286.763879,4367809.63181,6.24057447743828,6.150951692410286
723393.281745,4367494.85546,3.335591115584839,3.298375554885211
722635.668168,4366792.84539,2.755746740823956,2.9187595649039584
723524.531046,4367795.50494,5.582059784091318,5.584157485875497
721853.762016,4367501.02493,6.908802833428799,6.937460884321184
722101.965397,4366584.26975,1.3720046431272646,1.3112759212938792
722055.424994,4366753.76106,1.6221304944118622,1.5444711739606727
723408.131358,4368203.7348,4.5050716248437706,4.504586157536568
722294.32957,4368040.78542,7.128479570464719,6.734803769953391
723262.395909,4366754.96242,5.192211788360595,5.292021426322332
723123.544975,4366253.90293,3.7680066439117477,3.849344199071009
721970.075654,4367108.15158,7.409764527063333,7.4813981644996925
722991.925952,4366353.95053,3.438959351490051,3.4595558079654127
721768.929521,4367100.26549,2.069278096897781,2.0185265907771544
722836.256698,4367509.67525,3.1070363163355537,3.1666077436916447
722758.625145,4367848.62279,3.1537793504368206,3.171844512324482
721776.523117,4367316.0275,3.5494271133338793,3.7376438011756217
721645.049665,4367246.56279,1.6819405572477164,1.6214641446179745
723276.8459,4367949.33241,6.402580935060404,6.405474280416462
722658.73005,4366985.51643,5.240555428166189,7.705753779564822
723477.511209,4368473.47125,3.8869619825008748,3.9204988092288673
722348.656884,4367801.9863,5.410855951015934,5.523313046655189
722287.828938,4366345.5476,1.080838288255465,1.0801642856196585
721900.00036,4367763.04131,6.57585068632644,6.753533275010886
722294.934359,4367216.33276,6.379700025490709,6.4045958562336684
723400.2327,4368388.63629,6.1623465808110955,6.26602667495384
723014.184323,4367517.56498,5.695657969830374,5.338441850563058
722325.083607,4368295.06816,6.000565950745381,5.757446140485328
723146.699922,4366323.28625,6.803853419913977,7.313660002193973
721984.811129,4368171.47394,2.17075815282539,2.2426834462623595
723122.388434,4367640.96358,3.789854979100861,3.772978794633052
722193.743363,4368071.50844,5.505122990154603,5.422632716507638
722643.541612,4366615.61288,2.5299509233817994,3.028249609227675
723316.535329,4366778.139,5.137994323799895,5.264196083574715
722241.277884,4366522.74966,0.8768554122457147,0.8342299688813235
722820.164981,4368280.15332,4.497164967366237,4.57227725815611
723316.693706,4366593.19107,6.932716702093823,6.955278443076351
722132.560557,4367085.18405,6.804176580301341,6.604801735200563
723416.321682,4367687.51289,4.574489169053043,4.713205378306493
723153.417536,4367540.82811,3.481848890329362,3.54115075421776
723502.488242,4366477.79867,4.98812215400859,4.825726659754147
723014.602744,4367008.99703,3.5804728239762573,3.577870983908763
723238.074078,4368057.15856,5.226904210088491,5.250408514896426
722611.804234,4367640.43756,4.358620338581577,4.352065316351644
722951.833208,4368079.96854,4.767993377145104,4.763082558802922
722032.310074,4366615.03045,1.0576378730885008,1.070147025718337
722859.515038,4367448.05624,3.3561164167594897,3.415112061751472
722944.978108,4367001.2189,3.149984139459014,3.1408685139658963
722667.20363,4366029.94384,1.405851750377612,1.454863293839943
722929.411001,4367116.78945,3.1840152365370513,3.2085501136700363
723471.201376,4366863.07415,4.108026770343476,4.112680318392994
722124.965396,4366884.82646,3.5113134233621297,3.518358427142092
722520.239007,4365960.43858,0.7190958688035596,0.6795931185576747
722132.97345,4366499.5299,0.9299141159888642,1.0155265513971647
722534.266188,4367871.51245,5.088327265265093,5.003355689220981
722890.160686,4367817.93779,4.354618535784705,4.2571176209356265
722828.508094,4367525.07795,3.1744625770150594,3.2615178435322894
722178.936322,4367146.8727,6.810469744130533,6.621570237626029
722286.571228,4368071.59699,6.3174147079735326,6.254478489267868
721683.520565,4367570.22079,4.114803905324222,4.189400797999591
722588.214366,4368133.53009,7.058706934544092,7.000266203834218
723175.932097,4368357.57347,3.9480212141197937,4.082329092503381
722658.646454,4367093.39719,3.0737958080623207,4.893677463987144
722295.226042,4366815.63288,4.223754736921169,5.13469223402918
722945.507639,4366346.19619,2.799078701622159,2.6191041317452073
723317.252119,4365938.13212,5.659900657683163,5.4439332825293025
723123.519473,4366284.7292,3.6955879399621954,3.7631000712814937
722147.240886,4368194.73919,3.630107566472321,3.559580307959157
722225.400154,4367085.27105,6.436144219006254,6.46685208931599
723315.738825,4367702.81316,5.488857635371967,5.469602259879832
723431.283612,4368265.39764,4.7152928428312855,4.732969641385479
722920.947187,4368010.59303,5.060250398324259,5.054090312712007
722789.593367,4367817.83439,3.1996929395438514,2.9830795240723034
721969.84753,4367439.4877,7.190377864946546,7.20916650681604
722062.503986,4367693.84495,8.372896356976677,8.0945419603457
721939.066093,4367200.59073,6.507853124247843,6.613036665155042
722224.932501,4367732.52263,6.6679552438729885,6.604457600165209
721931.102874,4367531.91581,7.26566884919618,7.274954010399224
722790.850161,4366230.44084,3.182914760003648,3.1770784734052357
722093.812441,4367177.61586,6.507013676670185,6.3431399167703395
723277.038482,4367725.88659,6.1969424391375245,5.959263077856258
723431.915935,4367548.83538,2.8505818112863666,2.8038506602541933
722843.887679,4367640.67253,5.673971214834939,5.72613960901788
723407.954516,4368404.05379,6.095510857268023,6.064124404774354
722697.844944,4366430.71603,3.4729419745099834,3.4869683902611293
721714.434593,4367616.47892,4.421551207443984,4.283815125179076
722596.883174,4366923.80817,1.9016917365871544,1.88999726004096
722674.959114,4366006.83113,1.46116632521768,1.2492506527197254
722611.83997,4367594.20639,4.3074367345146385,4.37375786899829
722681.011384,4368172.14672,6.180225429242072,6.050973361840962
723425.535518,4365992.19717,3.3491134542223375,3.1908016900783926
722481.131185,4366522.97875,2.0928788077588574,2.1120366438282216
721753.053503,4367708.97429,5.326012114886937,4.888710032946343
723084.30391,4366924.30542,3.4263083917541968,3.4037852538187883
722541.931059,4367963.97894,5.569086433397593,5.637262312300241
723486.049236,4367572.01122,4.974342056490692,3.6485211689785304
721992.949472,4367593.61402,6.949949614464819,7.056498881181905
723579.263977,4367148.31124,2.5354856220875504,2.7129927250638137
722557.539012,4367786.78066,3.955443515731026,3.8601718124972297
723145.466803,4367795.09102,4.941617835407752,5.413208870254922
722998.920784,4367263.26897,3.481106775582663,3.498208361727648
721969.953772,4367285.37958,6.751701488829185,6.842510882251692
722256.674728,4366630.65098,2.9481343143632466,2.9767816043994055
721838.289689,4367501.01101,6.7978187843946785,6.94393307208005
722434.992908,4366137.61122,1.8420882655703659,1.8579943988250136
722851.988969,4367186.06091,3.3668307224596337,3.3991179729916463
721846.150458,4367316.08956,6.272878974732398,6.175629641495205
723169.790056,4366469.73303,3.7654248232455454,3.758283132955381
721784.377159,4367138.8073,1.5284571663062914,1.5259692183466202
722905.557277,4367910.41353,3.0504792090418027,3.148073644102515
722789.328167,4368149.14296,5.29683804148805,5.266685900093939
723315.6254,4367833.79981,6.777100356417103,6.901576878682899
722433.885487,4367624.85178,5.329336435014584,5.312664489065737
722140.111244,4367347.18033,7.565671717088683,7.556720845301194
723106.605597,4368010.78844,5.101332931997553,5.076377485857446
722001.324685,4366668.94509,1.0673711561841415,0.9958003990746995
722882.811113,4367340.204,5.319331928022404,5.344278578044538
722139.709829,4367909.65658,14.060034434023018,16.21371782532383
723285.072834,4367379.15608,2.881685806212891,2.883612111037193
722883.386742,4366623.56067,5.535071494338925,7.23506818075676
723131.365483,4366153.72495,3.019510826063545,3.0473113412449937
722858.961209,4368133.8052,4.771091485001596,4.791644398692477
722543.034723,4366515.33279,2.176776822682692,2.172089632097969
723092.620294,4366223.0441,3.486754388066617,3.516353056127749
723338.47734,4368242.18139,4.7978776339667,4.238893547283883
723540.724407,4366986.44621,4.698285373301951,4.623713406679754
723068.145571,4367748.77837,3.0424530976353674,2.9875463311989843
722534.366565,4367740.52736,4.976988124519618,4.853790552574847
722481.274943,4366330.31969,0.7671814611926936,0.779617410204318
722573.837124,4366708.0177,5.32678693038712,5.347345736369068
723563.69431,4367256.17341,2.946127065171486,2.9057033724296453
722178.853775,4367262.45634,6.7330805256515065,6.877097852513307
722031.251471,4368132.9937,1.168376666471493,1.1607697502558219
722503.187469,4368048.69357,6.768063407013282,6.745705125502334
722604.175322,4367501.73551,4.1974529438223644,4.317624794298556
723014.311381,4367363.45701,3.7625202269067297,3.7199596137899746
722225.472175,4366985.09637,4.498875409130791,4.3368781561936975
722975.110214,4367995.2399,5.04482449111928,5.062549519822476
722071.140006,4366406.99719,0.0,0.010459321196153275
722712.88743,4366985.57068,9.75569580736487,3.266544378107263
722504.215423,4366692.53729,2.5256136493256625,2.682900876934227
723015.213433,4366261.49642,3.959413002489163,3.7603529648491665
722449.583656,4367324.35911,5.829135905398846,5.837007866992211
722504.504495,4366307.22287,1.0593740907410947,0.7762479801025726
721962.291505,4367177.49508,7.0000040807497115,6.961499926084533
723494.885992,4366323.66104,4.58113742459359,4.59240079287219
722999.68209,4366330.83913,3.7172423789188898,3.698025961950315
722588.160548,4368202.87195,6.611382170917244,6.545711132029394
722402.542404,4368156.46084,5.828200279134474,5.829565822204895
721815.148236,4367400.82127,6.307571396460288,6.422203093745033
723184.811666,4367009.17655,3.042885517010842,3.0855159677802986
722852.395239,4366677.47227,15.94527980753914,8.708860874407051
722372.979572,4366291.68319,1.0939247450847687,1.0876797104169142
721962.307346,4367154.37829,7.308881548422858,7.290370141233079
722016.729648,4366769.13767,0.7848989217873651,0.935098377045863
721590.73181,4367500.79302,2.33261611055522,2.434260702055196
723423.765913,4368018.83741,5.027945901030147,4.789170887538407
722317.588001,4367971.46458,6.912288349035382,6.609146368849814
721830.631143,4367385.42439,6.52944331584181,6.514613868841511
723509.920034,4366824.58671,4.136297148801983,4.203941692781719
722279.685247,4366908.08923,5.724864359267997,5.676809358626123
722868.341593,4366084.09281,2.449870817605838,2.40845048207134
723092.270579,4366646.89583,3.3625061439901454,3.367720526119944
723532.273942,4367787.80845,5.341276826612981,5.35077094255308
722859.465452,4367509.69905,3.1157754965252997,3.326226839717652
722566.613379,4366029.84494,0.0,0.19782239394896056
723115.225633,4366955.16165,3.2146770018620567,3.2785379440161786
722750.889187,4367848.6149,3.278824531111421,3.35674999712831
722194.574826,4366915.71483,5.231067208364299,4.523684508627054
723122.827413,4367116.99177,4.48709621301133,4.303547166089723
721869.551908,4367031.00386,4.654201679888377,4.601060137827081
721969.990936,4367231.44108,6.513533052770532,6.532526846087103
723192.08567,4367556.28008,3.6431132332047844,3.641391732814845
722953.443686,4366099.59318,3.864242268410114,4.162177209900986
723215.986692,4366739.50059,5.459425418377935,5.361343218830166
722202.74522,4366306.93558,0.5685653559016854,0.5562611493774056
722612.427768,4366831.35237,2.2748165669864733,2.375800857562521
721823.07025,4367123.4305,4.28097336122215,3.3614776288069996
723292.264236,4368010.98829,5.430477557250205,5.335724605689371
723640.948459,4367379.54912,2.7929436555539287,2.9563071304867776
722218.192625,4366345.48219,0.8069892906416009,0.7981057723315589
722481.177217,4366461.32838,1.8680382370331656,1.882783833915521
722333.480876,4367401.30129,5.792345634156304,5.652426883547088
723317.311013,4365868.76968,0.0,2.58050698940974
722891.037383,4366731.45465,2.4919311038082848,2.569409396062087
723029.106812,4368180.21119,3.959380686450427,4.0142085259634905
722496.310372,4366916.00345,3.181552869799752,3.0801544161018084
723307.441309,4368350.01163,4.925288233262389,4.95051450088741
722225.455587,4367008.21371,5.0809049636538575,4.997901563632943
722550.85345,4366407.45169,2.1699254377558033,2.1376345570554287
722858.867433,4368249.37499,4.450531769325197,4.374677836603062
722952.627231,4367109.10776,3.291055767058446,3.3133245158299265
723471.88181,4366084.72948,5.906234279529241,5.605410523083199
722279.101363,4367709.459,5.7416460012409205,5.964665819403827
722905.450518,4368041.39622,4.932291195799545,4.9569926032508675
723214.919593,4367995.49481,5.325108804661302,5.34663485661267
722735.325711,4367964.17302,5.02862376841412,4.978902779411967
723439.230678,4368026.55939,4.720843891913775,4.398836174177561
722527.105833,4367116.3841,4.23808382238284,4.249538513152182
721908.020511,4367346.96699,6.917709749248178,7.053645579245038
722193.849341,4367925.11735,7.2827086347642505,7.9141857772921735
722921.286539,4367594.52101,3.9729353411266617,4.1982384386192075
722875.018761,4367409.54516,3.1232239587393216,3.5824989330390604
723308.022714,4367679.68921,5.279281968729692,5.276803854078941
721699.002878,4367554.82401,4.484288564788721,4.462240577265132
722813.035602,4367525.06209,3.103141079523563,3.163555623481875
723309.173537,4366338.87223,6.339133779007704,6.222601233088695
723493.284982,4368134.48682,3.823869918159529,3.8003057140349177
723455.389382,4367248.34759,3.1015822153692705,2.963046402707744
722767.462712,4366453.90488,4.640550461810679,4.460151503863316
723494.500365,4366762.92111,4.080240363036526,4.0801514092927675
723409.620312,4366500.81608,1.600056235487652,1.768476244185842
722897.752424,4367995.15925,5.076192977434276,5.05317378133132
722542.596653,4367093.28225,3.6731586855053155,3.789227740947006
723285.495142,4366885.98987,5.673002887817084,5.596292505433766
722326.2074,4366769.42638,4.747371512568989,4.5880011234700975
722132.576963,4367062.06696,6.868785574889569,6.827440063295609
722743.269337,4367702.21104,2.5339107922712647,2.484414708183368
723501.034429,4368119.08593,3.697169117571803,3.8498437030804515
722309.635554,4368264.23513,5.809482367840585,5.769293955865882
722727.924939,4367540.38614,3.1652778971484468,3.2484564712586206
723137.925608,4367563.92756,3.627719257323795,3.576545937836201
723299.846404,4368188.20651,4.6608495507141745,4.527981207588278
722766.679318,4367447.96144,3.3941654746537684,3.3501987325996585
723292.848974,4367332.93147,2.9067517031874,2.9117649937648515
723099.489028,4367271.0802,3.388711373687485,3.3969493994415005
723446.782057,4368234.59626,4.577587276909533,4.592962600280739
722217.168542,4367771.04048,7.6250847543057745,7.555303029883983
723068.562184,4367247.93084,3.5330648104350364,3.5536096120307814
723215.327152,4367517.77842,3.5403263012820814,3.5347115780618337
722365.494852,4365944.87637,0.0,0.04759447843536441
723247.026335,4366631.64745,6.3646934573598095,6.483121554390937
722489.023856,4366314.91426,0.6051911135005976,0.49128301004923836
722133.087027,4366337.69667,0.0,0.026448564395602402
723339.573892,4366978.51947,4.731945220649265,4.463356232718894
723316.422994,4366909.14119,5.967842114377189,5.891188054232818
721846.347115,4367023.27734,4.277907569404396,4.222244923704733
721884.795743,4367370.06227,7.111052761861306,7.115720839817391
722510.722358,4368310.65887,7.0101374671820915,6.34844434395945
722735.227894,4368087.4499,5.137736180204747,5.072411369585192
723340.314427,4366115.41376,4.972244206976046,5.004663557010709
723332.346314,4366385.13615,6.028997909397566,6.012182786469654
722418.684041,4367262.68502,6.010505825660087,6.037958892258033
723308.540614,4367078.66171,2.673139636233221,2.675383691586119
723494.452929,4366816.86358,4.156983645455569,4.171430372839692
722302.608918,4367301.10096,6.213498253554041,6.196843676706572
722619.540312,4367640.44529,4.220108025835651,4.26827019877288
722193.793655,4368002.16566,6.357722426146644,6.449184212296721
722959.562591,4368087.68138,4.788712189837428,4.788024554546043
722373.243856,4365929.47006,0.0,0.016910524406685775
722557.206468,4368218.25034,6.808952429168903,6.828310732783262
723415.826155,4368249.97128,4.662850452112611,4.670373139651035
722975.414515,4367625.39827,3.1934644077921335,3.3332076573045493
723385.726797,4367286.79914,2.9279802629193172,3.450797733280303
723044.770763,4367949.08386,5.005936370362095,4.874537514845199
723509.065877,4367787.78259,5.764882002521973,5.683615647290369
723130.441502,4367263.4074,3.239452439202682,3.243567341979693
723309.442309,4366022.89922,4.259705945300799,4.380146684455036
723315.678787,4367772.15929,7.0640321560701755,6.834782531980315
722418.494032,4367516.96348,9.267965992733952,8.695791611249199
723439.862171,4367309.9753,0.7436324463757252,1.0397693511324335
722519.281585,4367231.96094,5.729640977565052,5.736004992770308
721892.589617,4367285.30951,6.593826098158884,6.576359096097549
723222.397704,4368295.98725,4.736269799118755,4.69362420866986
722750.864715,4367879.4348,4.1537562734441345,4.0203636210560285
723222.800431,4367825.99416,7.877259884868225,7.465913135775162
722735.691537,4367501.86747,3.2130279220996276,3.2325792505675235
722696.482571,4368172.16233,6.034355062247639,5.900166986536857
722202.652217,4366437.94425,1.2338215500259666,1.1854565322951431
722480.564164,4367278.1563,5.6448617735135285,5.682037335420901
723044.937412,4367748.75382,3.9598004102392528,3.645415051553355
722225.91902,4366360.90229,0.8951601399014717,0.9056559850681158
722806.106639,4366507.88825,3.0660409205524246,3.111580077568347
722581.574205,4366708.02533,5.311167126949721,5.32426876154522
722743.202158,4367786.96702,2.03179707032725,1.649058982687748
723362.416897,4367402.35656,3.156735498551719,3.145471150789393
722999.412499,4366662.21121,3.235289440926875,3.23056642185778
723378.084083,4367178.91187,3.9037759405125363,3.331515521037086
722147.924339,4367239.31073,6.897281396189737,7.0193853864588185
723045.47353,4367101.49879,4.156919013378099,4.160255850584761
722357.335884,4366522.85958,2.486493160861371,2.451727833765377
722241.454277,4366276.14581,0.7217938252339688,0.7028309017172111
722952.595881,4367147.63628,3.376060798666379,3.354219021709558
723045.72115,4366800.96938,2.7679585486762655,2.9388811383442452
721714.702869,4367208.0961,0.0,0.047741424316390516
722999.800929,4366184.41445,3.5959310472199726,3.7058219377645925
721784.356719,4367169.62972,3.041068701618778,2.7034701805313137
722255.763883,4367886.65175,7.877001356558332,7.79103531135987
722967.880307,4367378.81949,3.9260436147757325,3.9236288634132457
722627.360091,4367532.57976,3.8742467754022942,3.8925525918007806
722720.134053,4367609.72558,3.3832249566824695,3.41137547883652
722527.3509,4366792.73862,2.4888716597838556,2.4407025650589165
722472.22124,4368079.48206,8.289214744097956,8.239108607544818
723106.631514,4367979.96904,5.006549605668595,4.8796624300217575
722659.530853,4365945.16133,0.24243790414065394,1.0952612631347116
723370.913851,4366523.89302,4.96033574670164,5.014235746961524
722287.0235,4367455.19443,5.947639588875154,6.670255174811003
722867.622828,4366985.72757,3.25074766417059,3.1646030014935325
722681.187364,4367948.70846,4.67795396835972,4.6946191425595964
723433.266612,4365999.91242,3.986844702799504,3.746571314622559
722365.399538,4366075.89129,0.04525467794108886,0.052564104015667225
723378.817248,4366331.24092,5.364093488819951,5.307025501886379
722657.701751,4368303.10134,4.8874650029245235,4.96842702955563
722658.652444,4367085.6915,2.978079740829594,3.5906349859175677
723377.48618,4367864.68761,4.343807281968348,4.592433707527048
722194.426003,4367123.77033,6.929489714797134,6.837632710418165
722487.721953,4368040.97354,6.84567806833397,6.861575508862733
722086.11378,4367123.66931,5.570087076454185,5.774962007474918
723510.232331,4366470.10085,4.684828051456671,4.789347798999469
722813.115676,4367424.8925,3.392583912329412,3.4013971404900647
723478.985718,4366809.14047,4.112673739770841,4.1741828152655325
721621.641674,4367554.75638,2.9699245576255864,3.030359742443747
722171.369856,4366907.98731,3.216209897770935,3.6227235647530045
723456.372949,4366123.24635,5.650961041110298,5.483238853411165
723076.413863,4367109.23706,4.1994538452208,4.191759007451039
722140.171504,4367262.42014,7.310140335074594,7.227307719162989
722101.396736,4367393.37671,8.012577141641449,7.922983497216674
722721.00296,4366500.09629,3.748159210121068,3.746797624611252
723455.49768,4367125.0567,2.2626014890588166,2.5658122137301493
723231.721061,4366431.26689,3.8348746834935565,3.8481884917343585
722526.246579,4368241.33329,6.983415950294459,6.9709981484698185
723463.788109,4366493.16891,5.110143284415471,5.021910914651013
722928.512451,4368218.62884,4.806235946557053,4.7748726204209495
722024.392048,4366877.02788,2.734411615107155,2.7317755188844672
722696.804517,4367763.80486,1.5245974194296987,1.549917093679333
723184.915481,4366885.8822,2.2661741425555646,2.41253199468605
722108.497105,4368287.15739,0.8165418539849021,1.5473924397009429
722031.683833,4367516.59739,7.38130025237241,7.406642946990725
723455.131509,4367541.15566,3.124308277253356,3.0984596546587535
721714.449789,4367593.36349,4.4408177219669005,4.404391126960561
723007.105495,4366716.16226,3.013659891835876,2.9411975102593297
723579.167445,4367256.19065,3.33978681461413,3.248926768109216
723432.8657,4366462.30958,4.765863596306468,4.4168501098058695
722489.052613,4366276.38188,0.0,0.018899064523568123
722542.900656,4366692.57511,3.3501783446416553,3.6276393659205763
723268.864033,4368234.40077,4.691024267169653,4.597521506963693
722852.278519,4366823.88754,2.1726234422755564,2.1652745965592355
723277.96835,4366639.38687,6.815955776420803,6.814875250424757
723013.737934,4368056.9191,4.8073008369763714,4.862945218535772
722171.249214,4367077.51449,6.4743544723794635,6.490618970017659
722975.091106,4368018.35441,4.974212792335747,4.940706371922472
723061.131468,4366878.04549,3.7161128564221007,3.733884508705431
723502.040364,4366986.40333,6.905220369706008,6.7725313178866156
723192.483393,4367086.24274,3.613842211689687,3.845882964350924
723432.503179,4366878.44365,4.456566404844496,4.46853633984245
722233.131189,4367092.98403,6.477226752679547,6.470710438908623
722967.678318,4367625.39026,3.349887885007775,3.425586891177788
722363.950821,4368040.85257,7.098369486086714,6.833179872668669
722224.629832,4368148.58469,5.846272639083123,5.839375176101597
723168.459066,4368049.37871,3.955411584407039,3.9673908237311406
722170.419596,4368233.28399,3.891286560970366,3.7901283035399294
722758.49632,4368010.42573,5.062348247838905,5.073659672375384
722379.254733,4368264.30264,6.064819853622256,6.1418946362749685
721984.789608,4368202.29228,2.3096253649252954,2.427560296314788
722132.221434,4367562.92214,8.967415291041917,8.83294994660414
722604.495788,4367085.63758,2.929432561088725,3.0749134355638557
722449.595256,4367308.94812,5.91914338286024,5.939255302653389
723471.126909,4366947.83968,3.677128172263452,3.8440962990535783
721722.338091,4367362.21214,4.379113323717492,4.528936239249182
722735.740138,4367440.22466,3.4291160399768055,3.4988054143930563
722085.717491,4367686.16141,8.154252194321339,8.379854621815676
722982.839589,4368002.95284,5.055183705108069,5.039107209102943
723069.502422,4366107.41997,4.070106976604149,4.0647352738423415
723316.574971,4366731.90244,5.89942482850976,5.83003748363871
722047.714796,4366715.22388,0.6021187815321493,0.8335431412444294
722813.959433,4366361.47498,5.315007349552912,5.065469506674726
722496.194288,4367070.11958,4.357684327602455,4.452903793498493
723502.670769,4366269.7237,4.067525155937949,4.214031089391078
722619.665698,4367478.63492,3.8217074365674093,3.937196269844477
723379.095459,4366007.56053,1.0151127552931556,0.7402598105361629
723525.03889,4367225.30775,4.604631569469784,4.418758424214492
723493.078442,4368365.62592,3.5841841671392465,3.7192243996717003
722990.734466,4367810.33749,4.236566892135958,4.211091436305663
722163.529025,4367054.39012,6.202234959910124,6.175177578584776
722435.191636,4365867.87415,0.019254214170558327,0.39886074426717
722612.992779,4366091.54421,1.3630846470064912,1.3522927755038008
722534.023601,4368187.40879,7.317885412358446,7.294954700695369
723409.171674,4367017.12464,8.203080189993232,7.082982402370407
723021.544046,4367972.17408,5.1168884880722265,5.129070729057375
722519.73604,4366630.90338,2.4376751677728983,2.42961156014366
723108.178028,4366122.87384,3.441314959885096,3.4311541202083964
722194.431538,4367116.06462,6.7584463077711945,6.609828360375879
722325.295187,4368009.99611,7.314206769948938,6.993862482989379
722882.860789,4367278.55984,4.9558822887919485,4.968339709310674
722062.628638,4367516.62596,7.367132747104419,7.489970543051075
722704.67389,4367594.29946,3.5867336717667104,3.4107459975913144
723215.543236,4367263.49808,2.949321928786812,2.9395345432563205
723129.981863,4367810.48461,5.250140211369541,5.233597019828563
723524.62046,4367695.33816,4.413451038448775,4.463655143381615
722419.710229,4365875.56625,0.0025052628072719327,0.014105930941643937
723362.584115,4367209.71767,3.4005875179231566,3.3299813232534987
722441.575197,4367686.50053,4.990155371445761,5.021219995434528
722643.047895,4367255.20009,6.322997688380015,6.366807928090366
722427.090427,4366361.09317,1.5896097874300126,1.5753726518705606
722922.517719,4366068.73459,3.376738281335604,3.366625854162617
722727.711949,4367810.06636,2.5072700654804723,2.59258733119225
722326.549394,4366299.34553,1.1151114670879656,1.0780311878185669
722913.506502,4367648.44952,4.528307626124824,4.443377072214168
723485.514905,4368173.00185,5.611040345972531,4.911408240328607
723555.385178,4367895.70505,3.913360723715888,3.875651302772159
722859.25421,4367771.67562,4.304564454214556,4.123963886696423
722024.092596,4367308.54558,7.256407226380195,7.234200512476894
722882.042582,4368287.9219,3.1072750318359823,3.2272907712233363
722357.661843,4366075.88391,0.030758710435631782,0.03116706647775555
722372.002362,4367617.0866,6.212013639345895,6.370787329716983
722388.142866,4366715.54332,4.198388954801483,3.9845632674076548
723407.947688,4368411.75831,6.098544333047038,5.955035092795982
723084.284701,4366947.42319,3.4030400744344114,3.403051975585087
723107.802255,4366577.55608,13.223216766376801,12.987887380497202
722859.768806,4367132.12923,3.1226172635835168,3.1430701372057963
722270.997957,4368210.26602,5.074547167747196,5.126590847027089
723301.737258,4365984.35673,6.856747850460217,6.739344868190683
722782.773636,4366661.98929,2.9912467953983652,2.9186091972215698
722936.25432,4368210.93232,4.8148527874572995,4.798665070803565
723594.827056,4367048.15338,3.584022971660311,3.6018377647012167
722070.397341,4367470.40147,7.580548636349886,7.490820766488768
723540.731265,4366978.74035,5.865571469644776,4.69370977692385
721799.57261,4367554.91306,6.069015552651545,5.838064060549991
722425.778227,4368117.9601,7.976173893434256,7.957813123611886
721931.113473,4367516.50538,7.266605244890045,7.281253654363617
723223.384443,4367140.216,2.7038918095237414,2.7031530133264297
722580.764766,4367763.68857,3.0303509334859142,3.201211288811063
721992.820906,4367778.53612,7.492348933484003,7.533737183039179
723377.243075,4368142.06296,3.3445307321577014,3.4195220090003713
722394.754671,4368225.79482,5.712730071437181,5.650998082215567
722929.55449,4366939.55603,2.6101701035387537,2.6407596067387114
723176.319232,4367902.99422,5.206411609667321,5.4718059590404815
723393.631068,4367094.16576,4.100733348172444,4.2766566497845355
722952.520558,4367240.1039,3.372123243232233,3.310007396215834
722843.502417,4368118.37982,4.784613438924347,4.829225528809563
721691.473289,4367238.89783,1.9427000203143026,1.347763206710597
723362.269515,4367571.87487,2.6985667803550344,2.6095373354951095
722504.654301,4366106.85183,0.8653309934673626,0.8764745857146183
722953.157974,4366454.09401,0.532333353846188,0.638935456324837
722280.025021,4366438.01689,1.8531316947364502,1.7680523844970821
723462.061166,4368450.34069,4.953784439277303,4.739550181359878
721776.620153,4367169.62285,2.6580522780054814,2.1733852567255867
722217.928665,4366715.3817,3.625879936119039,3.716173640197974
722798.138274,4366800.71441,5.6439257625344075,6.510465289097348
722511.170273,4367725.09431,5.200473152834738,5.166834716401933
722272.32098,4366391.77145,1.3071924229740066,1.3116028501545436
723293.960211,4366030.58946,7.131351850764802,7.114467510729027
722179.216357,4366753.87569,2.8855391091174747,2.9033525618122016
721706.622459,4367732.04831,4.781418767666396,4.908489232960088
723354.358932,4367772.20152,6.205268820403887,6.123824581537057
722541.693855,4368272.1669,6.909383752696563,6.865116317981024
722519.012093,4367586.40916,5.128377224557805,5.14638915197516
722457.064737,4367663.40021,4.9397461981642605,5.0046971287583535
722039.822877,4366938.68893,3.8697610014538686,4.168026043586131
723502.312043,4366678.16203,3.778333926576547,3.8713143957338785
723347.642469,4366593.22449,7.029920268895298,7.19617609402332
722875.895453,4366315.299,3.9514420976489024,3.813208250669922
722480.220392,4367732.76895,5.213737347877092,5.236402172406642
723099.803222,4366893.49806,3.309289322486035,3.3009234071628506
723338.504242,4368211.36283,2.7940506722380296,3.2043944530585917
722766.31803,4367902.5654,4.5122684836133455,4.510748707246776
723407.995387,4368357.82679,5.288770188531579,5.358114576154033
723107.277003,4367209.44357,3.4273090348107886,3.411469322653351
723479.23577,4366524.01129,4.901858720463668,4.917782470864538
723571.630478,4367032.7158,3.680807199387705,3.668103288283511
723462.253228,4368234.61341,4.562451829338436,4.615777648224627
721683.636375,4367392.99961,4.446917374278418,4.508294852515601
723099.128421,4367702.5804,3.5829253804875094,3.3168201402011968
723061.63855,4366261.54471,3.833648212880555,3.8974696592569895
723640.941471,4367387.25467,2.808473051025815,2.967324295657976
722000.330773,4368102.14639,13.515215259246064,13.669064785520366
723409.473217,4366670.35397,4.093471857325398,4.193791188851388
723169.551495,4366754.86339,4.276939627101289,4.14312134305236
722620.336155,4366607.88368,2.4683175050031867,2.476949082786527
723346.394643,4368034.16199,3.513023865126685,3.453826846778831
722543.325023,4366130.00943,1.1952013830899717,1.205701627734242
723208.041498,4366986.08374,2.7652057223050828,2.750777924810087
722093.524356,4367586.00175,8.224057146280702,8.170005385286334
722689.514939,4367193.60185,2.1228628980572646,2.730442036017486
723625.412963,4367448.88093,2.929077661734746,2.996120852707656
723555.737413,4367502.7407,2.969350178508517,3.012062334226487
723385.585822,4367448.61461,3.260719855124032,3.264363497724741
722054.365516,4368263.99319,1.625928975465016,1.5751359004350944
722596.200959,4367809.93417,2.4154621230037554,2.9899933039604085
723392.734717,4368118.9658,3.427793005962343,3.363531269139078
722682.382226,4366415.28788,3.296638747464926,3.36249319680005
723261.870134,4367371.4255,2.8249513454208386,2.824047450428794
722256.223883,4367254.82375,6.61806235778178,6.574442973518445
722719.957722,4367833.17351,2.9702569511668737,2.982639992282936
723424.907312,4366716.60787,4.128325859246974,4.2068812519967285
722217.558242,4367231.67056,6.21433731641695,6.218874989154145
723270.499287,4366323.41769,5.082550773340939,5.145417826490554
721923.561601,4367246.80997,6.479162637285764,6.489607971209505
722117.455843,4366561.16542,1.3197947162943804,1.293618340972485
722658.544829,4367224.39333,4.752664033341588,4.60214845737448
723262.820502,4366254.05047,5.726542484993814,5.682367868096945
722333.54321,4367316.54153,5.991336259253383,5.9690860041045175
721954.539109,4367200.60481,6.556681119919736,6.549487277313792
722201.885696,4367509.05084,7.1398394275101005,7.241587061007845
722943.837618,4368395.84954,2.22608878950614,2.31115615817573
722441.255256,4368110.27053,8.870017828008024,8.632488439691816
722543.209034,4366284.141,1.9161206555256374,1.9441655963361302
723067.926726,4368010.74736,5.196374786636402,5.147111648578063
723462.540531,4367911.01146,4.386148602293379,4.410075168083928
722781.499942,4368264.7045,4.718907237878065,4.723439379186642
723069.458179,4366161.36682,3.933078893351623,3.973971965784084
722681.399002,4367679.03312,2.2564600951972644,2.455598618492765
723224.081027,4366315.66164,5.341793498518019,5.239820718408944
722821.964064,4366022.39174,2.2576671377155493,2.2336149013905207
722813.275397,4367224.54948,3.816931202985103,3.968881270984292
723269.328925,4367695.05762,5.338275666872701,5.275892296338579
722875.754198,4366492.54638,2.307001610351688,2.4052011753562565
723068.8111,4366947.4069,3.5764387051406494,3.5802423790734466
722264.677674,4366260.75463,1.2059286729128227,1.1978382309490987
723330.775417,4368203.6497,3.3386572921173383,3.570121601666906
722063.322609,4366522.58451,0.8636334396468291,0.8393009431010221
722835.56734,4368364.91902,4.756084916870697,4.5905765982665505
723255.082999,4366254.04219,5.699950232261126,5.479386321474918
723394.08572,4366570.1561,5.517612369696774,4.478548051002962
722388.068919,4366815.72151,4.340547978632923,4.379363701845459
723324.391323,4366639.43681,7.541596268229975,7.5274223320703015
722418.609277,4367362.85633,5.3921057236833105,5.430636529847333
721869.520824,4367077.23804,2.252832812206463,2.8041505525166106
721838.357098,4367400.84208,6.813890627659641,6.870067181281253
723331.204333,4367710.53518,5.467493656049153,5.581425959621001
722278.977059,4367878.96901,6.938202734384093,6.894733245758176
722178.996851,4367062.11031,6.290338099374546,6.2843424516171495
722133.005935,4366453.2922,0.0,0.22078490812874962
723122.41431,4367610.14271,3.5923489682119287,3.644506152961312
723518.172921,4366238.91424,6.402032331831376,6.471569656977097
722070.456938,4367385.64259,8.050819326338651,7.990954223902784
723563.356334,4367633.73966,3.0635300797570206,3.7058522963746983
722914.823103,4366014.77925,3.2515220949560244,3.3678467058724917
723385.296327,4367779.94058,5.402723465981991,5.43387365514701
722922.153028,4366523.41921,1.1004921143497868,1.2324130162367362
722341.052158,4367624.76192,6.630067766172397,6.916803659843224
722976.019419,4366885.66272,3.0529254177597327,2.936417522053455
722921.811372,4366947.25396,2.6574132668109414,2.6428537233661693
723254.192979,4367302.06751,2.8870462291383117,2.846272547156806
722233.170087,4367039.044,5.883256421843336,5.6971071904741795
723463.82176,4366454.63707,4.933356086218862,4.910978041141953
722419.523395,4366129.88971,2.202107211045668,2.0178362036452038
722990.817013,4367710.17139,3.6202323236350886,3.638657572033745
722201.702209,4367763.3208,8.448025761032628,8.242898897251603
722473.71516,4366091.40851,0.7166270580942538,0.6042366332320918
722202.602907,4366507.30095,0.8526640680695149,0.8463860318012476
723533.137814,4366816.90636,4.104864030409516,4.101766293129507
723540.10645,4367679.94506,5.430412925172731,5.2811894629264655
723308.884045,4366677.95112,6.477484511559944,6.3853111339311655
723052.261999,4368241.87286,4.002625701715838,4.024119322214043
723015.207223,4366269.20303,3.813349123977059,3.714737864372791
722766.856211,4367224.50235,4.2056177448950445,4.197613991186113
722294.658152,4367593.89666,9.079528862572827,9.075986501515258
722418.1239,4368010.08611,6.71752573900633,6.677367952633802
722527.07659,4367154.91244,4.76412083850318,4.6547505212558145
722805.040598,4367848.67021,4.12070966140332,3.9506899999392355
721985.28278,4367493.43895,7.157234689504271,7.205866668396063
722720.225092,4367494.1465,3.154653999413815,3.1816742865432897
722403.440041,4366954.44272,4.998384804595915,5.006258586659485
723479.147934,4366624.193,3.7796246445522748,3.836787647564571
723284.488564,4368057.20893,4.588205019208216,4.436907809826171
723129.519526,4368357.5237,3.845233897482343,3.896442351044227
721830.744907,4367215.90439,4.907280120676465,4.891085534171515
722247.768843,4368241.0621,4.733204007301001,4.707861061079255
723060.261712,4367925.98551,4.7265238204364675,4.651025104073268
722806.064026,4366561.83221,2.75808330583903,2.751818270813268
723509.783985,4366978.70597,6.380990743466433,6.156111323476189
722356.146177,4368133.30172,6.067659817883598,6.0827955047472555
723254.75036,4366647.06818,6.460186967111476,6.606278959807868
723060.152327,4368056.96813,4.83105351016246,4.854194962793175
722356.036864,4368279.68913,6.388445745831149,6.3067643314770265
723223.567376,4366924.45318,3.0395421535032243,3.0164370479523614
723408.124623,4368211.43945,4.533406635379749,4.524028636352847
722178.299958,4368032.97013,5.880706917215872,6.337808135857807
723184.785711,4367039.9998,4.3178605805808985,4.109063382690025
722767.329691,4366623.44287,2.7058313489200536,2.7130453598119004
723346.61621,4367779.89819,6.397256098249066,6.348318107245023
722093.557065,4367539.7704,8.223476227012938,8.230504493777833
722317.96862,4367455.224,7.237560050931362,10.886575653956024
723276.586198,4368249.8184,4.270130176081807,4.139523894497818
722519.677956,4366707.96456,4.661753245654557,3.292007702150368
722411.678135,4366276.3072,0.7120992540597322,0.7540568146922543
723378.657835,4366516.19514,4.852804897235366,4.620621133791839
722604.210957,4367455.50344,4.320442401247101,4.314590578328357
723478.121748,4367787.74818,5.661998122483061,5.68376224746122
723400.896722,4367633.55941,3.6067423010363258,3.8506072622118617
722410.86717,4367370.55429,5.250107895330805,5.4400016493939365
722595.908079,4368187.47043,6.5206648947478865,6.584889023781058
722952.80251,4366893.34461,2.6543411271998654,2.709003742116458
723378.204481,4367040.20833,3.857045794355289,3.8801346395526766
722983.731152,4366916.49444,3.129213774990611,3.0710273326493787
722395.187626,4367647.92966,5.655673027329882,5.5007683862379775
721652.636218,4367477.73099,3.645823933311184,3.5490618316830203
723510.042413,4366685.87674,3.766489713664866,3.722495864224954
722441.528714,4367748.14123,5.181110074910361,5.224644106359924
721977.567817,4367462.61073,7.209999086466069,7.213866153694849
723469.920141,4368311.66818,4.895275097000593,4.891152892337697
722953.350648,4366215.19307,3.8475575745533974,3.84116712790617
723052.416555,4368056.95993,4.82814891382364,4.856206972060497
723292.357606,4367903.11955,7.278997676316007,7.30875258742315
721807.288071,4367585.7407,5.516644042678917,5.3514447885138114
722743.919134,4366877.71948,1.7020138185948028,1.915840951746648
723416.314896,4367695.21812,4.702351808176297,4.874521076753484
723121.790666,4368349.81085,4.0520988640182205,4.031072457266632
722280.152609,4366260.76915,1.3140695837889365,1.2640764645022933
723122.440257,4367579.32165,3.7254718120690433,3.7236045936591315
722077.588263,4368240.90129,1.794167234914205,1.7955864953200116
722387.013388,4368233.4919,5.8426582440363415,5.823866133578663
723038.331479,4366377.11809,3.9150388494417054,3.7515847644719287
722634.513489,4368279.9643,5.509996171853119,5.438851101466818
723416.15229,4367880.1402,4.827696873996077,4.7092385695477335
723617.912658,4367186.88312,2.99695903995979,2.968003938500521
722720.109772,4367640.54633,3.443283545244797,3.4185254023709044
721799.845134,4367146.52664,1.4824370112143799,2.0258566068225528
723036.7009,4368349.72036,4.198098495167599,4.201321093638469
722210.186172,4366723.08053,3.2797282260518035,3.2337425448636514
722628.120585,4366546.24157,3.8763765562409307,3.5322051522528737
723153.670533,4367240.31525,3.1664655115720124,3.167198523198371
722426.724858,4366854.28858,4.113319291116075,4.094811215556
723563.831898,4367102.05946,4.09085772062046,4.146257150453391
721637.323239,4367231.14511,1.573231615047861,1.5021841663411477
723206.84745,4368388.42485,5.001838004163762,4.94594435437845
722688.825999,4368071.99336,5.731319103290869,5.792794504703776
723255.004828,4366346.52069,5.033303438594967,4.88660793733502
723091.880721,4367116.95909,4.158371311547506,4.109830603921105
722743.567632,4367324.6509,3.574792895453568,3.609522337512137
723423.98318,4367772.27801,4.917542771263791,4.9239657640091785
722326.297328,4366646.12922,3.102863507833699,3.155273310520308
722148.159452,4366907.96561,3.4997923708378154,3.6226598667629264
722364.025499,4367940.68998,6.574914290632576,6.3851502131386
722635.863685,4366538.54294,4.257673112578372,4.4778279069307665
721838.253305,4367554.94767,6.326483203986595,6.352494665176816
722139.941101,4367586.04501,8.858237862459069,8.780419746283354
722054.719142,4367763.18318,9.381467615071543,9.537321135850847
722783.11259,4366230.43303,3.193064304455397,3.1195767948445394
723448.300083,4366508.56473,4.722069977812032,4.730873473843722
723106.735102,4367856.69005,5.6215934561937395,5.561083377945913
723069.496091,4366115.12673,4.020762693741962,3.9900869436511957
722264.100055,4367062.1905,6.231312469907547,6.200347247745631
722813.054124,4367501.94616,3.1770476677566095,3.1917060586543173
723586.696502,4367487.36454,2.9537303750711215,2.958944691799405
722062.128261,4368225.47769,1.5631788263549484,1.549305922175096
722433.943288,4367547.79959,6.993840181075468,6.683798958217931
722387.7096,4367301.18268,5.8507260969928145,5.828769384581796
722023.472584,4368194.62348,1.3745638618020857,1.412079577235733
722767.263162,4366708.21045,4.208845116906481,4.377054017811546
722867.077331,4367663.81191,4.834345129536622,4.797428185385319
722782.18257,4367409.45014,3.6625732592453715,3.5646573907818
722589.20531,4366846.74132,1.9909630623804289,1.9914389991492123
722967.393467,4367972.1172,5.050407471525762,5.032915317583744
721714.505597,4367508.60629,5.062219368398705,5.051252225089188
722496.077915,4367224.23259,5.651509644339327,5.6760869789764845
721722.099417,4367724.35692,6.763997741568432,5.257061702095336
722434.77071,4366438.16448,1.87895278675905,1.8491222291912524
723200.089785,4367240.36477,2.981194006705453,2.97786562668308
722395.451747,4367293.48462,5.851371648338052,5.859804803335246
722503.87269,4367147.18401,4.948136826793349,4.954396000305236
722953.363014,4366199.77984,4.039028565208287,4.079060390586698
722186.385645,4367547.56252,8.80289126011632,8.943301695407763
723439.801197,4367379.32499,2.907913541722925,2.815735538476425
722403.866958,4366376.48374,1.6270034837530059,1.6173520619924262
722218.269375,4366237.59157,0.4385632218924393,0.4915203241901372
722511.626798,4367124.07462,4.58091159703718,4.7248687275825505
723625.273666,4367602.98815,2.4573546735765697,3.3591593969163402
722210.213693,4366684.55018,3.276791313674249,3.2684456616615196
723230.668149,4367671.90032,4.610698521027818,4.6294266072573445
721954.343227,4367485.70537,7.23827023435407,7.25110402592623
723486.444442,4367125.09083,4.938681307744942,4.134616569750237
723416.341955,4367664.39731,4.252574103323447,4.276373359309931
722967.804607,4367471.2844,4.4417860489847545,4.299478841496531
723053.844198,4366330.89543,3.677515195298797,3.6817649952240763
722613.080625,4365975.94293,0.8526770521922218,0.8001916615696627
722804.910806,4368010.47322,5.157518981917953,5.126947339100113
722318.906796,4366168.32705,0.18566655882224498,0.35265128947406027
723098.675304,4368241.9222,4.412450395392186,4.387955902150887
722411.085171,4367077.74254,5.8482089084040885,5.858545916657697
722341.006585,4367686.40305,5.86854031334632,5.840235353648661
722302.59761,4367316.51194,6.109581414419802,6.109261311745238
723471.208155,4366855.36817,4.124421004566309,4.1451706998502384
722410.602097,4367724.9959,5.056152032125926,5.117579398055545
721822.801786,4367524.11293,6.44156561921905,6.425028632742226
723130.853556,4366770.2346,2.908794538493244,2.9579451340231118
723362.950743,4366785.89534,6.115197095579765,6.123599861189704
722557.509383,4367825.30572,4.400767762674185,3.843381467892038
722805.139254,4367725.38949,0.13794337974699086,0.3010738204664642
722403.736365,4366553.72898,2.5460612381214496,2.544940867219064
723230.17294,4368249.76808,4.695735868674486,4.690368575513124
722898.588565,4366962.64178,2.879062051639284,2.815547004590483
721869.182177,4367578.09106,6.49684797419907,6.5112799185343615
722797.360097,4367779.31714,0.5205475694866879,0.7412726147745476
723501.870082,4367179.04795,2.030709674095238,2.8320471065409367
722875.409072,4366924.08857,2.32479659096785,2.441346655257534
723471.336575,4366708.95267,4.021117785453317,4.0342335787056305
722573.566834,4367062.4898,4.255026659834701,3.2822990296417744
722016.200743,4367531.99363,7.449911049757507,7.429074506658363
723200.181042,4367132.48543,3.2401945539493813,3.2861723754152603
722007.979915,4368225.42745,2.0433086973402674,2.0338837422434604
721869.312693,4367385.45909,7.183794626198223,7.124840918383711
722032.043325,4367000.32818,4.655686294096523,4.684573653444302
723502.785479,4366138.7106,5.204604219786556,5.524968532687588
723269.7187,4367240.43954,2.7338081900267004,2.7343978419344968
723486.614169,4366932.4449,4.373401079156064,4.10195709519738
722000.947479,4367216.05822,6.633133942704899,6.683850162981298
723176.240686,4367995.4532,5.315975676570766,5.309838369918686
722186.788509,4366985.06003,4.783483916427557,5.012137323452456
723469.947661,4368280.84986,4.793359543979538,4.7916458506059545
722837.348318,4366138.00825,2.9139710677696624,2.924221419026533
723495.081526,4366100.1685,4.834990680881861,5.180798466737419
723463.909166,4366354.4532,4.794714894032738,4.818597070666321
722241.228176,4366592.10564,1.9681756384942197,1.921489171502832
722541.687895,4368279.8715,6.885050544957457,6.85042461347928
723044.655166,4368087.77089,4.5586112220205,4.622995333142298
722605.044172,4366368.97286,2.569968566635776,2.573464245636543
723137.691815,4367841.31296,5.493504989514077,5.575027680181528
722852.112345,4367031.94664,2.954917989494687,2.9539993179939392
723099.012168,4367841.27178,5.321107001864431,5.314304758091007
723316.528706,4366785.84511,5.085939340831312,5.196230397805894
721961.909172,4367732.2776,6.893118782628675,6.938004652455245
722975.812049,4367139.95469,3.5211563501606293,3.4491523933299333
723045.492576,4367078.38156,4.235566633794114,4.159291574517012
723470.242279,4367949.54483,4.2040688833241715,4.2005098802760665
722951.826857,4368087.67327,4.785775277459874,4.7879384330722425
722905.588661,4367871.88877,3.799116986631594,3.776107448840427
722357.487851,4366314.78789,1.1698160766968817,1.175259041325387
723409.713748,4366392.92643,4.957044127327476,4.958010070652763
721776.477056,4367385.37617,5.228291876180424,5.303339183648267
722526.677669,4367678.87889,5.273924815879619,5.200422102726686
722264.049805,4367131.54164,6.718880704344783,6.718925414353805
722782.035535,4367594.3779,3.560818901703251,3.4951543875774895
723045.116588,4367533.00811,5.327141637383729,5.164821685716971
721652.721189,4367346.74036,3.0327584783717842,3.1426418440883337
722829.422023,4366376.9035,5.453132639263492,5.050052727596521
722093.180036,4368071.41382,4.823663139875214,4.843930632925968
723131.052303,4366531.34284,3.6551828889581266,3.639448666161355
723168.85094,4367587.07637,3.708012687426892,3.5777170891615833
722990.40962,4368203.28441,4.315569219548582,4.321697124541664
723571.196282,4367518.16872,3.063149212157625,3.058114364089326
723138.949667,4366338.6911,8.181393050283052,7.215490173138685
722644.008128,4366006.80054,1.4237951347073778,1.7213156463488197
722334.000614,4366692.37325,3.421370962692955,3.39107548581729
722581.779341,4366438.30753,2.4062580150424235,2.4446881505903537
723277.190881,4367548.66638,3.7858531763039895,3.8163256819787135
722441.899232,4367255.00201,5.99921060069218,6.128765330686578
723231.016306,4367263.51471,2.879052433770612,2.877130398895277
722387.371087,4367755.7936,5.176011065655435,5.178880128970791
722750.484132,4368357.12713,4.201551694735445,4.448563342467978
723130.305878,4367425.2229,3.2348050850605725,3.192064852980589
723239.204367,4366731.81928,5.315652900898151,5.290115559084249
722921.574481,4367240.07187,3.293895731319791,3.346080026147965
723469.899572,4368334.78187,4.947459344124124,4.942479448710266
722503.791085,4367255.06239,5.70269363312101,5.742641092094277
723052.474424,4367987.61648,5.215092697930293,5.186556536211211
722526.512674,4367894.61965,5.35954308279405,5.426443362625798
723293.126563,4367009.29269,2.6409417049239905,2.6678291242754812
723424.14579,4367587.35336,3.083922846701379,3.0992324404039318
722589.016606,4367093.32799,3.069200390411038,3.158594293632245
723448.125227,4366708.92713,4.2224317029067056,4.064883283608035
723301.173277,4366647.11798,7.177242934059138,7.099159934085938
723438.950857,4368342.45198,4.918414150165437,4.917235014854896
723277.078288,4367679.65564,5.256368743121258,5.161266291677921
722543.255424,4366222.48872,0.9630931660812828,1.1560462500288082
723602.162224,4367495.0873,2.999950581831401,2.985644053349493
721970.086273,4367092.74024,7.286516541328703,7.322801211987172
722310.096418,4367640.14248,6.916451732025934,6.848481408520863
723239.256528,4366670.17013,5.896584864248415,6.001110620650813
722341.506246,4367008.32389,6.054654151151138,6.01149300062281
722364.795903,4366900.46447,5.039499654307945,4.926342561723053
722883.090196,4366993.44928,3.3006405502617984,3.0337731438961852
722341.489307,4367031.44119,6.146016978665731,6.115423307850914
721977.370409,4367747.70188,7.108955297061406,7.145018065792737
722968.125611,4367078.30085,3.5316128969803735,3.484222767673591
722812.348757,4368380.304,3.3107093046167075,3.5421256108066443
722580.717136,4367825.32875,3.352405073596501,3.5086793303491444
722085.994663,4367293.19177,7.418122839653685,7.347436085331299
722194.778043,4366630.59292,2.730042025012282,2.5032734905722998
723355.518802,4366431.39981,6.733499864725589,6.139427681429599
722108.991146,4367593.72135,8.318066041824224,8.239677799168248
722921.091924,4367833.37991,4.236857351769841,4.255897460510089
723239.399911,4366500.6325,6.446212973361159,6.404473292270719
722805.875201,4366800.72227,4.440107923258937,6.574924373861838
723307.595408,4368172.80557,4.352036715118502,4.297281274688943
722844.768431,4366538.75263,2.129375349292168,2.207100710357695
723547.566254,4367988.15566,3.9129090686030725,3.911250408674008
723517.745502,4366724.4161,4.046128475861648,4.022141452533364
722627.2046,4367732.91457,1.8472711426401092,1.8487438894562815
721753.354717,4367254.36326,2.3744151754445473,2.995746363294035
722859.216928,4367817.90585,4.241504705911948,4.210931728903373
722163.922331,4366499.55859,0.9716001709212978,0.8974097463996321
722829.385506,4366423.14195,4.66565810033522,4.718722709449724
723347.343927,4366939.99839,5.689461754117391,5.711749883663664
722078.344781,4367169.89594,6.494201906170145,6.626578124884867
722085.37314,4368171.56724,1.9697698964052224,1.997105529596135
723083.378854,4368033.87829,5.048471202204801,5.040550859654288
722705.156645,4366977.85709,12.45329791549214,4.96238965044312
723123.14856,4366731.69598,3.53571126317871,3.71808341883088
723402.056251,4366300.44,5.4975391083496845,5.23472410284915
722844.707188,4366615.81502,3.9896846670608515,3.8212351784410314
723115.019999,4367201.74608,3.3961986920909397,3.3942040446154254
722256.719041,4366569.00159,1.749134450220118,1.810033523839594
723579.02241,4367418.00703,3.0895479533726387,3.089048672113014
723068.216185,4367664.02181,2.3540835781449405,2.2672006557553086
722318.951421,4366106.67399,0.028998261765152775,0.041551347569509
723068.453469,4367378.9248,2.4334667731569604,3.4031632066210005
722922.122035,4366561.9506,3.3884855461310757,2.3051484961614728
722628.20322,4366438.35331,1.98145252912322,2.146485326450513
722433.542934,4368079.44411,8.622360787432731,7.921393505407494
722588.435183,4367848.4514,3.5723726549810486,3.549309207112416
722549.690585,4367933.16712,5.268083691877995,5.393453739534587
722086.560986,4366484.0745,0.8515926374994995,0.7044403223424418
723192.013788,4367641.0379,4.417162381611767,4.481653333404794
723371.053231,4366362.05856,5.399496093970556,5.499722714628537
722434.139656,4367285.81663,5.869218180730293,6.009005578183483
723277.758266,4366885.98152,5.488438296297887,5.408498676036624
722845.104233,4366114.89608,2.9178501465622873,2.694997560822106
722356.968328,4367023.75023,5.935731128600747,5.9633321318686106
722085.635689,4367801.73692,11.897118883669808,12.251535152882466
722845.140791,4366068.65581,2.220221697259101,2.405765404544148
722820.090354,4368372.60755,4.5376019496942925,4.523993899688912
723084.201648,4367047.59906,5.019394076922123,4.9368831879507065
722930.273873,4366045.62219,3.2251589398550964,3.396002130554756
722897.984236,4367710.0748,5.012455361747696,4.8348016913013225
722983.787687,4366847.14094,3.0239869821432994,3.0119696112399814
722434.685029,4366553.75876,2.419160578222725,2.423674680256823
723130.31236,4367417.5175,3.2358699754798903,3.239198411670611
722991.900944,4366384.77638,2.06559252962283,2.0916875638401864
721946.823732,4367169.77542,7.045378876853761,7.032864589340016
722959.853794,4367733.25442,3.847525258514662,3.9679245635059224
722983.548651,4367139.96275,3.575631958316477,3.533947063299011
723409.406361,4366747.41546,4.490678292019373,4.277367170602061
722510.940792,4368025.58682,6.505045476025233,6.007730892810102
723185.206605,4366539.10642,5.904911245514776,6.0962589881839415
723355.849149,4366046.06957,3.1231400909245037,3.7454136582729567
723493.915246,4367425.61768,3.073605566619997,3.0107100965155786
722000.89948,4367285.40784,6.92729453245153,6.921662953339395
722665.588698,4368110.49356,5.938377581344418,5.900718238719261
723061.783672,4366084.29173,4.023344514408162,4.016164969341049
723107.012953,4367525.36816,4.128390491324449,4.176667967118446
722550.333351,4367093.28981,3.4887876055037883,3.669193254410045
722921.68681,4367101.36999,3.1498775734741327,3.141257589839104
723494.953473,4366246.5954,4.503555079311637,4.487344067795297
723254.626102,4366793.48455,5.229776490388571,5.2195936919635475
722597.441462,4366191.71542,1.7861216954130505,1.7834908982512845
723029.726874,4367432.82221,4.244731693208637,4.152040687273974
722619.683558,4367455.51888,4.091858363677052,4.14564383127907
722852.217,4366900.94714,2.1535892954597466,2.269863376739114
722681.519688,4367524.9288,3.094682548741653,3.186103511271083
723408.375723,4367926.36148,4.689313825405098,4.6625583251250164
721815.313079,4367154.24601,3.3898732122230126,3.602500393341721
722116.705352,4367624.54923,8.64369245071681,8.158975076432
723509.95411,4366786.05641,4.0872110095349425,4.0974804757287275
722519.287449,4367224.25531,5.693011901801445,5.6956951548189325
722905.814247,4367594.50503,4.246248623455519,4.325476539516696
722349.174983,4367100.80008,6.478807930289156,6.399475818470637
722464.800782,4367663.4078,4.976439521290589,5.019155443750649
722032.021943,4367031.15114,5.339760281080845,5.421935419490065
722388.239328,4366584.53899,2.7538362473910323,2.757102319013003
723022.130306,4367263.29328,3.554816582222688,3.5489152049668458
723162.059219,4366462.01849,3.76445688094244,3.76140024533565
722380.439856,4366669.29927,2.6492323077188953,2.65782063009967
723479.127694,4366647.31166,3.7198241995850894,3.7445185752202574
722480.923462,4366800.39935,2.3899413008410835,2.39675274814537
723409.25889,4366916.94802,8.02471104475752,6.597116275622156
722055.515969,4366622.75785,1.2241495327537617,1.2332462315316686
723107.980873,4366361.778,3.7454808260534067,3.7773439047246917
722557.627819,4367671.20436,4.566163172501425,4.516602362177115
723114.729833,4367548.49231,4.034865566932479,4.015261632185383
721939.045022,4367231.41296,6.462639908337477,6.4769170788523525
723346.609489,4367787.60325,6.393802898681222,6.3566743146763125
722766.281246,4367948.79482,4.948556550582178,4.864941909616016
722495.575132,4367886.88416,5.799187401214521,5.831780416871909
723030.54377,4366438.76143,1.0345373875770298,2.0791023466609286
722967.564508,4367764.08285,4.0303151609065795,4.020351099360451
723408.450262,4367841.60658,5.022718012335022,4.817028347427237
722859.011142,4368072.16729,4.866940086464617,4.924191261480344
722403.68519,4366623.08472,2.545877344472448,2.558951646239319
722750.993187,4367717.62917,1.7831817053175216,2.0038001608643596
723486.321928,4367263.793,3.19816658378567,2.7967364008949187
722425.882814,4367979.27446,6.738470379255063,6.7368624547374205
722255.504298,4368241.06951,4.870296337916252,4.817888540747627
722698.172319,4366006.8542,1.6084761024375018,1.2830181639556708
723152.994115,4368041.65738,4.2105878747097725,4.375300619760144
722852.768656,4366207.38366,3.2413240764461704,3.24058038783145
723137.750386,4367771.96755,4.76689617068705,6.060677179057087
723261.586225,4367702.75437,5.270633196505456,5.229609975843542
723331.037013,4367903.1617,6.743956411545334,6.872009897651901
722441.284407,4368071.74699,8.24903590536504,8.022758947117724
722163.715105,4366792.39122,2.9275995876772973,2.945267051128182
723153.677024,4367232.60967,3.1576099551713375,3.1692146000547092
722016.920727,4366491.71712,0.5845885327511706,0.5158336047392763
722650.153633,4368064.24953,5.690333133019039,5.748103958401353
723036.938732,4368064.64838,4.8392183112351415,4.789851686448731
722566.240526,4366523.06175,2.3362887898861513,2.324331777841262
722836.718716,4366931.75496,2.2702242270531654,2.4245271077253183
722032.102139,4366915.56432,3.455708292709493,3.43376283166596
722976.132272,4366746.95449,2.922103552803607,2.8123345337353545
723369.958743,4367625.82026,3.9324014106823952,4.0421839751721755
722372.185359,4367370.51682,4.363493520280094,4.373520794690982
723007.513541,4366215.24892,3.6698024340536812,3.8734852987318176
722217.779675,4366923.44249,4.105412633638541,4.101544538067225
722046.771587,4368063.66587,12.058512105985427,7.202159115058054
722155.655357,4367247.02356,6.90896441362248,7.112789062612284
722604.838322,4366638.69309,3.368541164224189,3.310394871098646
722008.017728,4368171.49533,1.5337562272295882,1.561184992166413
722202.569985,4366553.53837,0.699467914775967,0.8459201108885388
721791.733415,4367709.00872,5.237295740116016,5.433276607867635
722465.708411,4366453.60706,1.8790139564038015,1.8876581978424622
721853.715151,4367570.37194,6.362337464250019,6.383996143532627
723223.879813,4366554.56018,6.199201484131105,6.155990301449956
722883.046888,4367047.38994,2.998914737375472,2.9997805729223335
723469.981974,4368242.32673,4.603340466779311,4.63985714812962
722520.054479,4366207.05298,0.07827882925297018,0.20498942977336862
721908.18818,4367100.38983,6.495234480550724,6.334486444101327
723006.644644,4367278.68822,3.542456082120717,3.5294175191996815
722194.783543,4366622.88672,2.5544939930153188,2.367903108154962
723509.613522,4367171.35088,1.8919455655474913,2.3733573083776465
722325.71055,4367447.52604,3.072288688041486,9.594015444734195
722147.946316,4367208.48856,6.2834963323163295,6.659364618205005
722766.434572,4367756.17033,1.251955271976744,1.6255785700601761
723370.707749,4366762.78553,6.554485937574133,6.60475843709466
723292.563782,4367664.26205,5.082292629745795,5.01933039201237
722859.229332,4367802.49577,4.651426347704502,4.420034111192704
721923.698068,4367046.464,7.069582820437919,6.794582891528662
722194.986008,4366337.75416,0.5105689826505774,0.5423345664779016
722387.399849,4367717.26827,4.8876912151956775,4.969868222549161
722333.57155,4367278.01405,6.211335771961925,6.15210924060697
722736.284805,4366746.70972,2.1283266168922195,2.5952248489359246
723268.743998,4368373.08303,4.980021985013382,4.974924352267828
722216.905462,4368133.16806,5.612976615293493,5.5797768860139945
722944.664845,4367386.50082,3.9580899684747,3.912998867180417
722341.194454,4367432.1302,11.653528277968869,8.223951889864834
722967.532854,4367802.60815,4.133844592290729,4.1997348539522195
723301.396649,4366385.10284,6.623290631191651,6.570629856377501
722689.219719,4367571.16821,2.9041473767085066,3.104248170457612
722781.715915,4367995.0398,5.2829286798152095,5.213622346636685
722302.133488,4367948.33516,7.270477783531973,6.525021433010266
723122.38202,4367648.66883,3.8482354419373714,3.8167865109993904
722410.924642,4367293.49963,5.81935761067782,5.831157923020294
722890.179422,4367794.82271,5.002677067026671,4.987695912478684
722272.198932,4366561.30995,1.863946218628154,1.840294787263383
723386.328492,4366593.26647,7.600041363143957,7.571722312114582
722541.901445,4368002.50312,5.852178395162222,5.985744241128033
722751.776937,4366723.60703,3.2556854779465803,3.5766805493337515
722906.188583,4367132.17688,3.430439458706017,3.231885126677194
723409.573515,4366554.76039,4.181574996789821,4.544365562721101
722426.529766,4367116.28603,5.9192076302229655,5.908162550630604
721745.709677,4367115.65625,2.604622516888984,1.4817141572114838
721745.613218,4367262.06187,2.759554839745782,2.8749503541131847
722990.912183,4367594.59351,4.1472372820585335,4.0398729806074885
722573.977713,4366523.06936,2.3913805187090995,2.435961066601676
722906.412243,4366854.76695,2.161279743249544,2.1770537030401576
723060.556986,4367571.55092,4.74963055756257,4.630055939413551
722396.050283,4366484.3652,2.072953853946687,2.0073611102805424
723408.990229,4367225.17966,4.903923869224831,3.834708113549605
722263.211424,4368279.59965,4.178541521010803,4.115902196293161
722465.645224,4366538.37624,2.2559663138196657,2.2765794357531557
722356.84346,4367193.2752,6.3275480944059135,6.3326250841276055
723176.155411,4368095.61582,4.602437156553674,4.637030489997235
722727.400481,4368203.01235,6.142079807946332,6.070440305245068
722720.35835,4367324.62749,4.0929878861738445,3.8957757163690547
723261.718371,4367548.64969,3.8396509170758626,3.9031295420254315
721861.534699,4367447.09487,7.3368295359234885,7.3339789319910915
722047.837535,4366537.98279,0.8478135845410623,0.8459067885534807
721621.586843,4367639.51301,1.134300461589389,1.1060069908205556
722667.020229,4366268.84981,2.6575102149271537,2.690027197100824
723370.360821,4367163.49201,2.910007928804851,3.012613732408162
722310.968508,4366445.75253,1.924030583078522,1.9474697757082824
722287.079803,4367378.14068,5.474690130103979,5.42174353916294
723425.081506,4366516.2457,3.096392798148833,3.338155490350974
722596.027784,4368033.37614,5.636180300535808,5.710755430667378
722759.857956,4366284.3555,3.339754498575395,3.3388319753105744
721606.273569,4367392.93232,2.1992834048036896,2.2841785341804615
722844.054786,4367432.6296,3.6972014336105388,3.465389210742076
723332.418832,4366300.36464,5.380971694194339,5.687104615327099
721668.283971,4367208.05546,0.0,0.14872228645889302
722612.71089,4366461.45702,2.690308493598865,2.5493227816508455
723371.145997,4366254.16696,5.80519010540983,5.7551163564523895
722225.372417,4367123.79944,6.655175789411683,6.657943640432567
722333.916164,4366807.96367,6.6202244546591515,6.257089314732994
721915.493377,4367732.23527,6.501979299492734,6.4913069854072125
723255.10249,4366230.92242,6.767386309058803,6.467098506805625
722457.775972,4366715.61048,3.8500747631421235,3.884367671685698
722704.800979,4367432.48808,3.560883533780725,3.6086547726724723
723369.763695,4367849.26905,5.549432895839332,5.4043374205186
722565.824284,4367070.18793,3.250618400015645,3.2946931818968253
722565.476309,4367524.81299,4.999191551420088,4.981906774115216
722038.905518,4368248.56976,1.732656348182467,1.615436032321928
723501.171911,4367964.98904,4.01853596478712,4.0102067724101
722170.658662,4367901.98084,7.601493276598622,8.199942193372934
723309.416138,4366053.72638,4.821339462804162,4.779772638473696
722040.137683,4366484.03202,0.6388736109286338,0.6132076720792013
722866.734351,4368087.58485,4.834248181420413,4.829499217188783
723045.733781,4366785.55728,3.2134216776430424,3.2509266407804174
722619.975078,4367077.94727,6.400838177257112,7.409027136806125
722945.009368,4366962.68966,2.946627194342409,2.981317617477193
723029.86679,4367263.30132,3.52845015704641,3.5365809681864784
722458.296984,4366014.32635,0.38205458865679304,0.3843633492911672
723556.218693,4366963.34577,4.733042427107318,4.780264454536019
722024.071158,4367339.3674,7.414282617050496,7.240509906651869
722109.318156,4367131.39648,5.375905000978149,5.31231970617073
722078.301546,4367231.54051,7.057674360163512,7.1485829934479375
722373.198978,4365991.12455,0.0,0.0003901682647463108
722689.026139,4367817.73229,3.286795820666429,3.032650118558233
722248.898863,4366684.58652,4.587301324267833,4.357217709394281
722077.599254,4368225.49216,1.8632943194895943,1.8341056721343079
723246.522225,4367225.00331,2.7329593169377473,2.724892539643711
723184.662247,4367186.40873,2.8849970460391465,2.943787944881067
722147.290766,4368125.39746,4.172312989259088,4.220598670249205
723177.055419,4367032.28576,4.344033494239506,4.241201172901528
722821.654229,4366415.42773,5.203539329367241,5.400193256145593
723486.096987,4367518.07388,3.082887002245449,3.0780548848066456
722055.371501,4366830.82079,2.2166330781003603,2.220972661983834
723091.075802,4368080.1153,4.601017174423002,4.625785329882884
722921.910945,4366823.95893,2.55068916416884,2.4834537877900056
722403.946316,4366268.59329,0.6701002336807212,0.6946886566624966
722039.182332,4367855.6285,8.966608159502995,9.29402864868497
722131.863723,4368063.74538,5.057378502738924,5.023451020114229
722999.129196,4367008.98095,3.573469861439102,3.536138108806924
722891.185558,4366546.50633,1.7983109974526688,2.0816125666229013
721567.518358,4367508.47822,2.184509204379897,1.8558806649193598
722426.19562,4367563.20256,5.956643452810742,6.062362521262114
722611.511178,4368017.98203,5.395268463617274,5.402706906320421
722495.622044,4367825.24451,5.469107149697499,5.428850663602517
723462.129819,4368373.29591,4.596079360647011,4.750521066789722
722395.537623,4367177.90129,6.170124358848431,6.201806224563065
722820.993493,4367247.67414,4.589334541705004,4.562292975233453
722147.875012,4367308.66031,7.472663079887003,7.340492069557112
723223.560837,4366932.15907,2.9250952870325904,2.854122569622306
723300.0801,4367918.53791,7.232525673753904,7.172702700660588
723393.825263,4366870.69539,7.789285624844003,7.575519553232069
722866.609203,4368241.67836,4.888756105614996,4.555900556538427
722814.208225,4366045.50422,2.4823074644155003,2.438542280572721
721938.913048,4367424.04884,7.215066549111753,7.18134563060669
722620.23568,4366738.88781,5.035626730951273,4.9389196198719585
722356.364223,4367840.5187,6.08150454747897,5.462748592825053
722582.170305,4365921.96471,0.5644603533739668,0.6164560016909666
722983.239257,4367517.53262,5.2746349993023305,5.141981016155671
722657.925557,4368018.02864,5.278281710387845,5.3195455978233825
722046.706348,4368156.12193,0.7854507950917405,0.9086766195257312
723479.154705,4366616.48679,4.028443523663091,4.033373703929061
723153.560315,4367371.30944,3.1938387352408317,3.1880283564876226
722078.361043,4367146.77912,6.199330748286054,6.290791935819963
722419.551743,4366091.35645,0.5512932988051986,0.8245706176148065
723146.859899,4366130.62121,3.0469711876225296,3.150521198167933
722736.39924,4366600.29309,2.893490970577767,2.9021207794427086
723323.695019,4367448.54702,3.3278783543397235,3.384165933559535
722829.470813,4366315.2518,4.496164709024392,4.409160489537506
723392.470069,4368419.44561,5.845336628104006,5.975305525067424
723299.772781,4368272.95758,3.963092029613416,4.043293534820758
722480.645547,4367170.27826,5.363447937474714,5.4457002365818425
722434.25489,4367131.70483,5.7986711140242315,5.769586008988265
723540.058247,4367733.88123,3.9930086024737506,4.0892118701535916
722325.335174,4367956.06235,6.687254074434641,6.515084087210295
722139.897144,4367647.68633,11.005082338976807,13.610284257818606
721908.146333,4367162.03485,6.85016461171189,6.880951760189501
722164.079967,4366276.07367,0.11330934912051048,0.19810191970119892
723456.017201,4366531.69214,4.736850718386519,4.726149730741476
721760.779242,4367724.3912,6.80724198740435,6.280524527080652
722837.086151,4366469.38799,4.25225132765083,3.7885827505158787
722882.212014,4368079.89609,4.793004452268184,4.820267662907973
722000.776531,4367462.63195,7.265959693544808,7.235099715487918
722581.215043,4367178.08276,4.719230013550685,4.65142704557705
722332.962277,4368102.46051,6.145274479204287,6.1602678177644785
722859.148397,4367902.66058,3.9189113880836324,3.9368490097712074
722171.626857,4366545.80324,0.8064857952166424,0.8583416847451131
722550.992986,4366222.49629,1.338751439267385,1.1125043485417982
723021.576027,4367933.64958,5.004806847865304,4.9745895411790615
722503.35212,4367832.9571,5.38242399236375,5.420740422390529
722147.792682,4367424.24146,7.035858725727883,6.891339730836151
722526.601056,4367779.04497,5.022718012335022,4.988372064708147
722372.447459,4367016.0593,5.766205036536433,5.7905618219035215
723299.685738,4368373.11677,4.8560965166095285,4.864416847082359
722998.062073,4368303.45236,4.064427048081456,4.07291440015334
722349.525434,4366623.03288,3.0309060768656364,3.043791443296763
722890.291969,4367656.13069,4.95791550622912,4.920865615625669
723237.954895,4368195.84392,4.697220482882633,4.645353304573174
723293.587113,4366469.86508,5.996499900585783,5.985832967890129
722202.278503,4366961.95718,4.079885271325171,4.05018588763631
722008.448464,4367555.10218,7.559443185336964,7.534478626073923
722774.617096,4367193.68773,3.9457941004502,3.9123518219878184
722001.356381,4366622.70844,0.9977212442677653,0.9794194353466144
722356.90027,4367116.2189,6.4172324114799455,6.410278614718011
723362.65091,4367132.66075,2.8707166269929525,2.8979489619660375
723447.679833,4367217.51655,2.8083376314349175,2.9068488694368755
723208.197644,4366801.1409,4.234565990737521,4.19113807823431
723176.46307,4367733.48336,4.872975106698662,5.313486101267712
722612.834397,4366299.62231,2.428319289843927,2.4255325008548945
722914.502405,4366415.52232,0.9142782507107841,0.8721681287523915
722867.008911,4367748.56832,4.622671613379699,4.569637096027534
722085.848112,4367501.23697,7.723224716801113,7.581721395398229
721714.723044,4367177.27385,0.019260347064626857,0.425172108637577
722535.407792,4366368.90459,1.9723873031855048,1.9110116569599507
723409.084368,4367117.29999,5.585061328546346,5.360171720924867
723036.713731,4368334.31131,4.184737736723784,4.1853412172031605
722766.624341,4367517.30948,3.202939547292629,3.151599378558172
722937.297544,4366931.85817,2.6096086123657063,2.6592360949097795
722906.740322,4366446.33995,1.1837512142577657,1.2594967251310898
722093.201953,4368040.59486,5.541203462689179,5.608411223858782
722426.902228,4366615.4009,2.3588857799726637,2.3695908486717254
721737.846347,4367308.28788,3.3283946415300134,3.4552831886849282
722851.908612,4367286.23358,4.984314247444137,5.074099945317689
723068.350947,4367502.21126,4.489258309888701,4.4741392226969285
723525.795239,4366369.93423,6.219726785305759,6.161250400002541
722371.698029,4368025.45052,7.038117770721461,6.992026359533556
723393.838672,4366855.28338,7.594813089734086,7.283759788558793
723146.404753,4366677.77759,4.046677079090677,4.2087622751258875
722434.673642,4366569.17123,2.497930537928246,2.5013543337479955
723238.437269,4367633.38255,4.492517997938874,4.526275560523587
722998.030081,4368341.97495,4.125776354619511,4.137147610762834
722605.003025,4366422.9176,2.588225012590801,2.606337627166987
722565.286836,4367771.37826,3.6622504835727523,3.814189350986799
722264.411787,4366630.65829,3.0618261781431624,3.0086804773154503
722727.894551,4367578.91247,3.282471242196938,3.291202708856031
723478.748465,4367078.84769,6.854553437544107,6.004835265326208
723161.607834,4367001.446,3.3817407271890687,3.433185572574289
722047.161649,4367508.90639,7.492316617445264,7.433553269565214
723400.788641,4367756.84223,5.140898920138714,5.207672191398062
722968.931417,4366084.19566,3.4869478995842877,3.612196790564514
722642.230832,4368303.08571,5.25788567336814,5.3113296366142615
723386.40843,4366500.79085,3.173633132020823,3.2328171081540797
723045.537105,4367024.44103,3.892706543101038,3.8452431591051397
722727.930952,4367532.68088,3.293992294721255,3.2617446501877185
722147.677277,4367586.05227,9.08578971036328,9.077127109182756
723455.219796,4367440.98569,3.0892349879260674,3.2229771033602423
722201.316701,4368294.94958,3.349081138183602,3.4716759071316607
722472.367581,4367886.86137,6.08176307578886,6.206299001858732
722233.34183,4366800.16244,3.774654899452291,3.73919694962293
722239.988194,4368302.69092,3.1878814273856535,3.694490523257534
722898.507889,4367062.81736,3.0943822788817252,3.0916818825903816
722380.075864,4367162.47508,6.191682234403663,6.2692506453174905
722898.601003,4366947.2301,2.7895810563089696,2.6573428382363837
722812.770285,4367856.38311,4.231790658553648,4.212154473169337
722999.844698,4366130.46788,3.7552591207744292,3.787268970429948
723416.686331,4367271.42185,2.8251610149578785,3.2790787817780473
723361.697548,4368226.79761,4.626512220697636,4.341682679005499
722883.46682,4366523.37957,1.6451146998910922,1.6635588239340782
721722.378653,4367300.5688,3.6673171767889428,3.4354057309859676
722466.017573,4366037.45399,0.5865829420882533,0.6210990562370163
723268.877308,4368218.99146,4.707515449508697,4.676371702007379
723154.539911,4366199.98932,3.596738178758891,3.8248371118077222
722868.311021,4366122.62634,2.7191822971378237,2.758569758400704
723076.853497,4366577.52362,13.174904288465703,13.09439956225163
722310.632466,4366908.11862,5.45826357984241,5.396439561467314
722657.973908,4367956.38994,4.645003919720369,4.593507367903741
722565.606318,4367355.29481,6.158248214612759,6.264725808972501
721737.988221,4367092.5325,2.430794736882621,2.3108152653238876
721730.140351,4367262.04828,3.1753630018800947,2.8875862468326057
723145.499413,4367756.56562,7.936092002817555,6.676373387974035
723417.711185,4366092.3772,5.438158002456586,5.474941044139591
722650.592784,4367501.78178,3.1787967733532225,3.2012224011041903
723115.385939,4366762.5122,3.062703904838131,3.0637926017907238
722047.42554,4367131.33931,6.470965904889094,6.383455867839065
722131.841648,4368094.56418,4.4184207835487594,4.393263668399487
723456.185209,4366339.03169,4.491840130554901,4.52646132157799
723005.957559,4368110.84434,4.820468083902515,4.797823081415598
723061.493067,4366438.79368,6.979091756539717,5.692398032677408
722209.404724,4367809.55815,9.075688639969636,8.704883629491311
723524.853948,4367433.35746,3.077490993205943,3.0769894048119726
723301.593314,4366153.90563,5.552627567097286,5.558767789117709
723069.306412,4366346.32453,3.654989377440456,3.706674468721355
722650.087267,4368149.00152,6.155472497714141,6.1093960795331945
722202.548053,4366584.36313,1.5283086664140026,1.4729459311545199
723462.765613,4367656.74339,4.0601994177281755,4.108344021512329
722233.358476,4366777.04449,3.5808279156876117,3.6117953899696436
722983.819086,4366808.61093,2.921771159262316,2.9017477642560037
721791.944452,4367393.09529,5.685492267359256,5.806278481895016
723433.173236,4366107.8075,5.614719373096785,5.683923295979133
723037.25895,4367679.39949,2.149380900843809,2.146979018574293
722990.569024,4368010.66586,5.03759531631097,5.024790205992618
722170.458541,4368179.35184,4.416419882150323,4.421981749411507
723014.722769,4366862.58501,3.551589210211253,3.5217455284845753
722178.182945,4368194.76841,4.64013073802185,4.550753545655102
722913.161048,4368072.22346,4.749469362083635,4.777757896000465
723502.339155,4366647.33727,3.701364431886346,3.7055297592252248
723130.493177,4367201.7625,3.3129360335715528,3.303775798095222
722566.590151,4366060.67187,0.6069079992371628,0.5115478004067757
723455.362207,4367279.17005,0.9292848188416806,1.1699325634411657
722721.110775,4366361.38156,3.40336285010703,3.4000046666179324
722163.775118,4366707.625,2.364510694286551,2.3582740150459194
723455.727475,4366863.0571,4.4356540806345,4.377741534803147
723339.460852,4367109.51833,2.814850082669821,2.8276973461829775
722411.932841,4365929.50695,0.03728957387787283,0.03715515844243284
722047.489929,4367038.87108,6.145984662626998,6.1697122247121365
723231.375968,4366839.6958,4.486741121299976,4.471670785930362
723276.839236,4367957.03729,5.901780821619553,5.893473497967582
722503.901816,4367108.65564,4.6532010368317875,4.568646598523968
722372.90062,4366399.5733,1.7428318608796305,1.7517607773812331
722790.976959,4366068.60109,2.429403800715337,2.4053694182322904
723362.041176,4367833.85055,5.856309077399294,5.860604139014546
722619.933479,4367131.88714,3.9255596436241786,3.8950544768216
722318.649871,4366522.82274,2.5294765700989177,2.4005478419775548
722387.783911,4367201.01061,6.1419505437913875,6.198544986881882
722348.358853,4368202.63593,6.021220131360231,6.053469518266841
721938.791366,4367601.26972,7.341056781562025,7.236033795199047
722511.591779,4367170.30852,5.11295093263808,5.110276154886464
722565.417142,4367601.86549,4.931032793862553,4.888325071212621
722349.593067,4366530.5584,2.5452835372606653,2.490293357742305
722224.61856,4368163.99399,5.967842114377189,5.828219051675266
722194.166117,4367485.92768,6.664372780150197,6.778292762078114
721977.322286,4367817.04678,8.012190118606108,8.103909872151974
722000.878063,4367316.22974,7.036051852530806,7.034067296892527
722580.419041,4368210.5688,6.758931048352239,6.5728007939997655
721985.415947,4367300.8047,6.850422370592289,6.866395600695627
722775.338883,4366276.66459,3.563336475006725,3.56249560359979
722434.764987,4366445.87079,1.8980902294843944,1.8554355003290346
722968.937644,4366076.48895,3.476782197113172,3.5770072235132786
722317.741646,4367763.43143,5.817905312508406,5.800760213586665
722101.943856,4366615.09436,1.504369118039626,1.4415110690424675
722325.209481,4368125.56709,6.232086900692985,6.106135521354425
723338.611847,4368088.08722,3.450480404014368,3.3457465719481063
723594.363537,4367564.42682,3.1603241177104597,3.1793795061662857
722278.761826,4368171.75039,5.35182993683419,5.35219342148247
723131.129153,4366438.8667,6.837416703859827,10.396862972969279
722541.72356,4368233.64413,6.890020290057437,6.8825158857026425
723346.743518,4367633.50013,4.495551473717893,4.619060072146936
723184.264567,4367656.44003,5.1485474340211015,4.548166426312714
722783.021946,4366346.03081,4.0267007658597995,3.9439852315335884
723517.799946,4366662.76675,3.762939950695558,3.7547947669972648
723160.762527,4368003.14148,5.269277846452257,5.269060638814449
722497.042874,4365937.29564,0.3545521970117135,0.33350611487045684
722604.157422,4367524.8514,4.344969120503876,4.403593450940712
722186.074647,4367979.04393,7.20296419260493,7.161804395899604
722612.196894,4367131.87944,3.8374565041597535,3.7606488539622687
723440.877557,4366146.34957,4.42823139430852,5.211470651676626
722256.785525,4366476.52655,1.6977861882415213,1.6534471156967945
722944.564278,4367509.78703,3.3945848137278483,3.532311862890493
721908.250962,4367007.92143,4.8708126251065424,4.760250418870087
722294.437402,4367894.39362,6.365822979856601,6.550473295823967
722240.376383,4367771.06256,7.030952843275879,7.009571474846501
722866.721893,4368102.99428,4.859452768061163,4.794520598851118
722922.542364,4366037.90752,3.2810189440275277,3.362406394765855
722247.943646,4368002.21716,6.830510304724139,6.131509754887694
722875.14291,4367255.43519,4.6084394760342375,4.252462858822536
722046.793318,4368032.84689,15.9194300542679,15.705127822255973
722635.42456,4367108.78551,3.5668539219372946,5.37795068586612
723361.663777,4368265.32078,4.6963167879422505,4.682233735255477
722170.592007,4367994.4389,6.639620233337014,6.690163899046885
723036.662241,4368395.94725,4.244054210539412,4.196928871544467
722062.601557,4367555.15217,7.5397242462717395,7.515494152856787
723448.454419,4366331.31672,4.826567351499285,4.896996260765139
722210.351096,4366491.89565,1.0433541839669567,1.0131127961573139
722070.29974,4367609.09568,7.879454297784336,7.7641032608658955
723494.520677,4366739.80271,4.059747377900611,4.0493409697996725
721892.657609,4367185.13769,6.3146070597509265,6.362871601435111
722704.437283,4367894.79759,4.288815771336959,4.0830894946655745
723029.529281,4367671.6862,2.0774527081965077,2.1023083324012477
722744.190638,4366530.94473,3.7555172643695744,3.6932108198573705
722093.817877,4367169.9103,6.342845122170693,6.252839938378611
723371.086379,4366323.52603,5.4759489167557165,5.497252446619767
722032.166165,4366823.09355,2.024671383785847,1.961134857631842
723517.35013,4367171.35947,1.9975820796002108,2.401459397794359
723254.756912,4366639.36193,6.476903592292183,6.539076883952805
721644.909992,4367462.31374,3.358924064982099,3.5308073000685862
723199.900407,4367463.82421,3.1845767277100956,3.19387211270756
723207.335069,4367818.27246,7.737069061681737,7.05657763459888
722665.473586,4368256.88181,4.989413256699063,5.426374273627989
723508.652918,4368250.07451,4.603889070008337,4.619912504231983
721753.125133,4367601.10289,4.447304397313763,4.385320069073082
723586.814159,4367356.37177,2.883112328494261,2.90671548306341
723199.45465,4367987.77327,5.373871783540976,5.350582275363512
722086.07051,4367185.31425,6.694579812644411,6.439237501770381
722132.63146,4366985.00946,4.653039841352849,4.647827934862442
722920.984918,4367964.36391,4.785000846674439,4.877100527961565
721900.299883,4367323.84372,6.885405251954066,6.922479736601857
722504.174891,4366746.47984,2.855716406655378,2.659542856061639
723176.743521,4367402.15606,3.084736133676246,3.195754291904534
722388.59559,4366099.03351,0.9210327837001511,0.9154688029063259
722820.363683,4368033.60349,5.165361007318017,5.178280444856542
721838.16496,4367685.93504,6.033160907673376,6.09733509380755
722890.516386,4367378.73935,4.605277120815022,4.357312522343641
722789.943383,4367378.63634,3.813413756054533,3.845914724476857
722527.681998,4366353.48415,1.9713029846714702,1.8008359492002715
723107.309142,4367170.91529,3.5459415977272997,3.5913012826207944
722016.017874,4367793.96746,8.471326394391154,8.395076597888778
722495.704096,4367717.37399,5.17665661700067,5.180620466148882
722845.031058,4366207.37579,3.1954910850786105,3.1969183348555674
722387.93226,4367000.66264,5.573249816388145,5.552161789875536
722573.51382,4367131.84121,3.7168872872075354,3.7040249401832934
721745.358415,4367647.32679,4.343807281968348,4.487203743091347
722998.362196,4367941.3301,4.467668118294733,4.518520809202723
723462.403816,4368065.10928,3.532516207206008,3.988302061891401
723417.31081,4366554.76877,4.066653777036302,4.195151592132786
723563.742444,4367202.23385,1.6867200609053732,2.2374094764348578
723098.623297,4368303.5589,4.349132503494432,4.33881932985826
721930.944067,4367763.0695,6.650044464118022,6.7397034546508365
723524.771651,4367525.82227,2.612070979103006,1.93010884188386
723510.035605,4366693.58296,3.9037759405125363,3.8785166412793286
723269.222862,4367818.33933,7.394338235143606,7.3106423847415245
723316.343543,4367001.61193,3.35718130717881,3.256967487134571
723278.360875,4366177.0008,5.904298010208279,5.847914115343299
723230.799718,4367517.79501,3.6536986594647285,3.6320626391112523
722906.777386,4366400.10162,1.057018193809989,1.3202143929556496
723548.358461,4367102.04219,4.275487328931877,4.342983283380788
722332.996625,4368056.23219,6.694128157531596,6.604760261412008
722380.201269,4366992.94941,5.5280038997242995,5.551140104461154
722093.84498,4367131.3821,5.649315231423216,5.453623956158408
721753.44112,4367123.36877,2.5816252311083625,2.282419964408707
722295.153275,4366915.80979,5.693754016548148,5.705457899369898
722682.13773,4366731.24328,2.0001285065097005,2.253718093929634
723379.141696,4365953.61254,0.0,0.012484560202503475
722928.638794,4368064.53478,4.737947924844573,4.757218925910859
722837.147214,4366392.32424,4.801782488647362,4.8240130187017325
723006.7522,4367147.69257,3.687971742118541,3.671890945387286
722070.861363,4366807.71715,2.1228015360551407,2.1891894781781813
722611.732548,4367732.89916,2.349352548545388,2.5370025127088196
722396.26544,4366191.52044,3.091629452510545,3.10675184093957
723300.790672,4367094.06488,2.6265127859855077,2.633785717864397
722249.191765,4366276.15309,0.8034748252503179,0.8641487525470231
722696.822743,4367740.68965,1.70791322688058,1.6883376349345052
722798.314751,4366577.23687,2.9158007711057463,2.907083706243233
722255.747015,4367909.76643,7.990825369853797,7.712611703416098
723154.025888,4366816.49538,2.841048772216467,2.8968572403861104
722510.929047,4368040.99641,6.638942365953037,6.258030669015182
722636.02905,4366322.7647,2.675569686931785,2.6744750399809476
723495.041089,4366146.40885,5.272085494674866,5.255622613491457
723230.470473,4367903.05252,7.628795712754019,7.398678196047516
723152.843753,4368218.86616,4.4459813632993,4.438937283988862
723246.804126,4366893.6543,4.469249680619086,4.385510208950718
722280.019451,4366445.72319,1.988106940099715,1.8265071543377396
722990.861392,4367656.23532,2.88158251030336,2.925261082930466
722882.124241,4368187.762,4.995415576179625,4.926629618170278
722650.020762,4368233.75251,5.699530893187046,5.6182536189815115
723532.590297,4367433.36609,3.0787076535929,3.079286779320504
723030.297729,4366739.3047,3.118499276933094,3.133070439917347
721854.031992,4367100.34121,1.563598357786401,2.0063002212793046
723185.329216,4366392.68539,3.9450843017422397,4.011579275739718
722402.715986,4367925.31784,6.538898834890218,6.542016459325788
722164.074522,4366283.7802,0.13684773619259666,0.18021836560774765
721520.949922,4367747.29683,5.022685696296284,4.504899925113371
723122.394922,4367633.25839,3.7271822538335986,3.7330242011247883
723324.07374,4367009.32614,3.3556001295692,3.404956218942245
722642.556446,4367887.03028,3.080708554991336,3.3026420094966022
722913.274278,4367933.53632,3.2484563031382705,3.4003040500950754
722688.910975,4367964.12604,4.829601211993052,4.796471509261214
721714.611869,4367346.79451,4.565743448712601,4.419910172066921
722913.066534,4368187.79414,4.901535944791049,4.916680513179341
722713.169839,4366623.38842,2.6729911363409324,2.7862001650319397
722233.319707,4366830.98625,4.005368717860976,4.014758188312195
722310.429933,4367185.52516,6.399031172091092,6.403561839172753
722155.852524,4366969.61951,4.617120949011955,4.476197480447548
722905.425379,4368072.21541,4.760183667783779,4.7844037132189525
723014.64061,4366962.76197,3.4527717650466845,3.4866822925230525
722217.829381,4366854.08953,4.1592103744104145,4.111492423127686
722844.835674,4366453.98315,3.92265504728536,3.713331129509721
723447.061963,4367918.69929,4.461568850697961,4.446212013639764
723462.239489,4368250.02271,4.649005722517241,4.653971432728958
722032.357931,4366545.67488,0.8165256959655358,0.8276189052962889
722272.442846,4366222.22928,1.1456667626067771,1.017865027098027
722232.348524,4368171.70598,5.613912626272614,5.783032050227746
722805.416166,4367378.65206,3.5538159391660957,3.6598236537060593
723262.356578,4366801.19889,5.211252090612357,5.224042597543654
723191.429336,4368326.77203,4.313568318150146,4.402767122905354
723099.822386,4366870.38021,3.30735305316507,3.3188875537780884
723463.626402,4366678.11945,3.8401672042661525,3.8671607052466466
722248.904421,4366676.88038,4.541603752491167,4.323246818635272
722326.083595,4366938.9568,5.790570560314278,5.737583706666676
722124.687636,4367277.81671,7.407892505105098,7.38364193947962
722542.672848,4366993.10739,2.7619204507242445,2.8488983653403106
723386.008117,4366963.15819,6.59011513971064,6.277904452111272
722589.258281,4366777.38746,3.605451583060599,3.570533565759292
722193.854928,4367917.41251,6.492200620056963,6.9480243476009065
721877.101163,4367308.41192,6.865493955515409,6.561717342958537
722713.433101,4366284.30908,3.0229155515732873,2.9901267626602355
723633.079684,4367525.94358,3.1096148669264037,3.0777492837621216
722442.416513,4366561.47253,2.428041910511438,2.4402957996169112
722597.201136,4366507.67966,2.5727567867636685,2.63623512394659
722070.968722,4366653.59654,1.3211856524616674,1.3752439676488093
722194.668262,4366784.71415,3.1151753415201955,3.249382787041394
722210.120115,4366815.55254,3.642371118458085,3.671221249344521
721838.149297,4367709.05031,6.014281800900553,6.030622115043308
722636.311582,4365952.84527,0.5433414373449063,0.7008720345405584
723177.804095,4366138.3605,3.7377999961322788,3.82880924117146
722597.535041,4366068.40894,1.2123314804448702,1.0735636823624761
722719.713745,4368141.36719,5.803834755356632,5.70091273315887
722442.399369,4366584.59116,2.566373407326337,2.560752547521174
722272.032022,4366792.49292,3.9605105936619647,3.974287494969732
722728.397138,4366939.3511,2.039603894327973,2.0184015305926026
722906.263187,4367039.70802,3.0601996041934245,3.0239970262759135
723502.852911,4366061.64306,3.8810562264217765,4.841663291943584
723129.858403,4367956.87908,5.704081299212944,5.724576006332068
721768.581969,4367624.232,4.691185462648589,4.719938569630015
722899.107781,4366315.32266,3.832002403193473,3.833314550550048
721815.251355,4367246.71268,4.869876614127424,4.848563580270244
722589.633739,4366284.18648,2.219101792630981,2.214458298043392
722410.89015,4367339.73249,4.417355893129441,4.810139711725561
722417.949604,4368241.22663,5.503767640101402,5.692688875294836
722914.564197,4366338.45799,3.6622504835727523,3.4440111158504756
722960.633215,4366777.76274,2.7602390549230766,2.7660411726965157
723200.668131,4366554.53549,6.183549364654971,6.161392450536828
723323.133682,4368095.77509,3.5072473732025315,3.550965961934054
722442.129705,4366946.77424,4.40835202919385,4.468953335234284
722503.942521,4367054.71567,4.130972311990646,4.1658826176848605
721784.448666,4367030.92802,1.132857877467338,1.2790544965130222
723106.566662,4368057.01744,4.865261960738801,4.8360216363827915
722380.609653,4366438.11244,1.7319915610998886,1.7642388555430024
722844.719395,4366600.40258,3.5758901019116216,3.5449664143232167
722325.392131,4367879.0135,4.546444618150948,4.86983412700022
722503.586572,4367524.75189,6.093735783425996,6.194527890904423
723013.558674,4368272.6504,4.021956848316226,4.030699530179604
722247.904253,4368056.15049,5.510028487891855,5.568798732168438
722318.267935,4367046.83047,6.157699226668986,6.180723590212348
722148.110332,4366977.31813,4.7082898802941315,4.6753632900211795
722574.193829,4366237.93211,1.9133549412104356,1.9375060813490885
722565.031338,4368102.68812,6.729530377967453,6.775416149120553
722225.289129,4367239.38339,6.325805336602622,6.431589084836152
723532.039356,4368049.77732,3.6308173651802846,3.593753654853705
722341.472364,4367054.55841,6.13033254315086,6.11781486168362
721845.89571,4367693.64713,6.093542271908323,6.127776751514989
721884.685893,4367531.87382,6.896926689193128,6.938086205826148
722194.27687,4367331.82023,6.997261064604577,7.040420414667862
722364.807199,4366885.05266,4.683246489132316,4.718438926155579
722318.32426,4366969.77276,6.1263953724314595,6.111990074209013
723107.706495,4366693.14909,3.295638104408337,3.280710925243167
723609.891631,4367502.80137,3.1207681321527194,3.075767144132462
723317.271731,4365915.01132,2.976811336309185,0.7894235035954337
721791.712789,4367739.82883,7.3649060181495765,5.941007481351402
723324.378082,4366654.84923,7.48056973736454,7.4199837602831815
722582.100497,4366014.44649,0.0,0.11697556690277726
722874.601355,4367925.79135,3.8218690167610934,3.849398761624662
723231.134186,4367124.81285,2.4719674861640546,2.6402231027884744
722929.60431,4366877.90877,2.368648109031693,2.369508465086402
722867.25755,4367440.35877,3.4095267497812736,3.403782731628901
722155.181462,4367909.67116,9.100698945663222,9.915990048918024
722342.057905,4366253.1212,0.6959341174686555,0.7195638547688494
722829.568135,4366191.94692,3.059373429274535,3.0570384846779857
723455.25374,4367402.45844,3.0272916818188547,3.0411496179020583
722549.998016,4367532.5029,5.070803508545468,5.118927545479265
722387.926619,4367008.36847,5.645313428626344,5.646906306950273
723455.423259,4367209.81939,2.6491709457167683,2.6024341463026905
721853.907638,4367285.27472,6.047973964286602,5.893018918638008
723386.275207,4366654.9163,7.486701321000045,7.335547303985647
722240.191031,4368025.3241,5.137994323799895,5.6189412611977625
721853.746425,4367524.14067,6.688351280892697,6.671012652756424
721722.211336,4367554.84442,4.925481744780064,4.799857139069776
722682.245141,4366592.53277,3.5771488885633587,3.8290928436496956
722936.557499,4367841.10101,4.345421160331443,4.341080573111908
722356.071425,4368233.46184,6.049587457934948,6.065051370340327
722781.660458,4368064.38301,4.803783390045801,4.785321194027543
723378.304704,4366924.62024,5.314265234806213,5.829301546641427
722681.760342,4367216.71097,2.4205707501273532,2.731884463945349
722976.088362,4366800.89689,2.9459429791651144,2.92016180475994
723594.48134,4367433.43526,3.0145570466255585,3.0515985708374136
722217.591461,4367185.43714,6.360691654562937,6.475233595588964
723524.082547,4368296.31954,4.948588866620913,4.901168106325987
722858.748495,4368395.76089,2.6555964514188797,2.9403943703282547
722179.183471,4366800.11163,3.1869583043505543,3.1597765836037026
723239.562418,4366307.97166,3.2472298325252718,4.078079109453893
722425.754969,4368148.77885,5.672260773070386,6.173169738086421
722719.609841,4368272.34588,3.4259213687188548,3.51334331840273
722619.228904,4368041.10417,5.60652225598537,5.56316828796477
723108.031786,4366300.12602,3.781528597834498,3.738785903844652
722380.195559,4367000.65525,5.600842327462679,5.6097406041277065
722882.487225,4367740.87926,5.28031492782502,4.968796609095378
722953.002305,4366646.75084,4.312503427730829,4.222583460467306
723061.499413,4366431.08724,4.669337127459473,3.8352115768508686
722140.743241,4366453.2993,0.33708326214351786,0.49149528706261336
722998.971339,4367201.62414,3.4522554778563945,3.4996310699470423
721977.637065,4367362.4411,7.042700492786097,7.121293954598913
723246.021569,4367810.60915,7.642543878947926,7.418497816500867
722566.01808,4366815.89464,2.921419337626309,2.751963470237745
722364.585671,4367185.57707,6.283012361164776,6.269408936200062
722279.112602,4367694.0488,6.286852968482712,6.252290885802751
723176.919163,4367194.10617,3.0144699087353963,3.0195264616402917
723540.450338,4367294.67549,2.7603067647185253,2.834943018329067
722248.157269,4367709.42944,6.035968555895986,6.158465411478565
723502.352748,4366631.92481,3.777656059192571,3.7798347542030046
722410.849872,4367393.67053,6.638813871227586,6.625378352705879
722426.953605,4366546.04508,2.420606336241439,2.4351844679486248
722843.546054,4368064.44655,5.0144562631461325,5.014904662033325
723347.430276,4366839.82083,5.329142538782166,5.490133014001327
722549.696526,4367925.46226,5.205088190938112,5.203517028222795
723286.098456,4366177.0091,5.850306757918734,5.8266796271571115
721791.826173,4367570.31656,5.329336435014584,5.423713547197763
722905.632608,4367817.95378,4.421454259327775,4.4917214899129885
723479.511987,4366208.04525,5.123020071707734,5.184572627663122
721760.850995,4367616.52001,4.559289089404473,4.537158971437877
722922.406606,4366207.45467,3.5258683363802104,3.6801481476325666
723439.767337,4367417.85236,4.96282061925163,3.3487893555156996
722572.611832,4368303.0159,6.077212669762963,6.01706954398217
723138.860042,4366446.58123,3.758615372226064,3.816756692721144
722828.167755,4367948.85817,4.950525135941879,4.922779182929429
722193.659624,4368187.07845,5.176236893211842,5.116607425480741
723246.384162,4367386.81985,2.6847543667983977,2.738677363766989
722674.71617,4366322.80305,2.9442067615125174,2.9539722102234434
722520.273568,4365914.19754,0.2720886391109043,0.37133289114368223
722580.508632,4368094.9988,6.321738901728279,6.364577536651164
722009.093509,4366622.71542,1.0218898902738984,1.008874385760202
722094.131393,4366722.9726,1.8861236772832106,1.8070454208369275
722046.662734,4368217.75872,1.3320677899701288,1.5020704641622074
722132.292767,4367462.75365,7.181470949127168,7.129912615199871
723022.491246,4366824.06314,2.934660642141226,3.0668264518971555
723416.348737,4367656.69213,4.129713525338908,4.294607349849908
722782.13968,4367463.38788,3.291023451019711,3.2914084700759365
723254.206171,4367286.65637,2.86890596703684,2.869639950837364
723440.36802,4366732.03705,4.054035133339187,4.158471227353278
722341.523256,4366985.20654,5.951028156365527,5.886432826845118
721869.234422,4367501.03888,7.110471842593542,6.953443807697249
722132.429525,4367270.11839,7.355643625904093,7.180490835988318
722063.349332,4366484.05323,0.6926520197844762,0.5870278754770372
722620.188389,4366800.53607,2.6398700819966026,2.730180759690146
722055.242733,4367015.761,5.5740242471735835,5.624530891013932
723092.155704,4366785.60597,3.584603506213329,3.970236316343413
722070.936521,4366699.83303,1.2885358736822423,1.3141473858063402
722449.113382,4367948.4777,6.690094038695986,6.638835597608191
722936.997394,4367301.7324,4.13632946484072,4.047173390737179
722928.890764,4367756.33749,4.730815698152475,4.379517295361012
721760.876601,4367577.9942,4.506556239051917,4.534990842233287
723323.994114,4367101.79571,2.7369836255473103,2.74807249991229
722913.060211,4368195.49884,4.986218200726364,4.951175376959853
722348.530997,4367971.49441,6.6986462475187585,6.860756064143642
722224.663555,4368102.35668,5.429089506443523,5.491968171053638
721791.908522,4367447.03259,6.576463921632942,6.493629145163291
722797.452463,4367663.74048,4.3270902720728985,4.217672154402956
722588.417334,4367871.56626,4.007143791703003,5.082552866189168
722403.211082,4367262.67009,6.013733197671525,6.066787452573329
723338.551361,4368157.42996,3.3307183186010683,3.510456562825589
723578.794079,4367672.28312,3.617198463141325,3.819209567968545
723145.075442,4368257.38099,4.39266759367898,4.384400156867277
722688.789604,4368118.22174,5.899973431738788,5.856339293664968
722882.368519,4367887.2747,3.208632363759341,3.452881235243188
721807.215702,4367693.61244,5.669130349175158,5.6344472529326985
723477.957518,4367972.66811,4.091696783483371,4.105151414633711
722827.81947,4368380.31998,3.42124169853801,3.9068762820228566
722502.975108,4368326.06021,4.252541787284711,3.9567438188746813
723579.284621,4367125.19403,4.162760522094469,4.054585330826131
721977.806977,4367115.86426,7.360710319120286,7.252912915425091
722767.73988,4366099.40463,2.4133806238658515,2.395745563014521
722248.837863,4366769.35305,3.5987710114813174,3.6597163398356916
723061.676381,4366215.30521,4.044934321287386,4.035565251489754
722813.447034,4367008.78978,2.6217848341039303,2.545927713250687
721652.601133,4367531.66772,3.559883275438878,3.5957302488202703
722619.18089,4368102.74218,6.104772864798756,6.094662459686494
723307.722505,4368026.4149,3.2933471280907662,4.062862345303809
722921.848737,4366901.01857,2.327252417554452,2.315266132564479
722890.647028,4367216.92317,3.3829668130873216,3.4309710113774674
722713.64782,4366006.86955,1.6961790423865,1.6412456102168702
723438.93715,4368357.86107,4.939423422491641,4.947791452207066
723501.829148,4367225.28202,3.2673677259498324,2.9195604740665617
722101.521866,4367216.15094,7.215615152340781,7.116713144566576
722820.605151,4367733.11044,0.1284208121316068,0.25752976874862576
721923.498436,4367339.27556,6.837771410856439,6.838085670483383
723060.81288,4367263.33387,3.5288371800817546,3.5232039640083475
722596.835965,4366985.45497,8.13911674675024,7.877151214878406
723424.75955,4366886.14111,4.596208624801959,4.656326503677498
722294.198789,4368217.99291,5.538782837501916,5.536135861546182
723246.555059,4367186.47507,2.608346747995995,2.5979067854595517
723485.432454,4368265.45781,4.728330825602482,4.721791716713346
722450.661675,4365875.5959,0.06352397877871231,0.09565022559856434
722078.694971,4366669.01588,1.4355164312574358,1.4542662127056707
721977.881146,4367007.98448,5.302711866243161,5.573570439966472
722589.645471,4366268.77343,2.123698690844826,2.146492046647718
723300.658313,4367248.17855,2.723219686048782,2.7364872761987793
722759.12573,4367216.78892,3.842845973048562,4.013504891539927
722805.862966,4366816.1343,3.2039594260865654,2.99202313436894
723060.396696,4367764.18039,3.5574303342128784,3.0839282177039604
722427.351776,4366006.58981,0.0,0.00011074855551968977
723090.835943,4368365.18686,4.309760411585693,4.2899261704331195
722101.260532,4367586.00889,8.303156037094789,8.278354100602362
723417.417722,4366431.46708,4.763087879407848,5.279823193899311
723029.828705,4367309.5347,3.5184456500542294,3.530088190879024
723091.951183,4367032.19568,5.1588743319711545,5.067096537280858
722688.686174,4368249.2007,5.063768229969577,4.836669210558168
723308.447907,4367186.54182,2.5691068056028037,2.544100438041727
723006.091607,4367949.04311,5.009034478218585,5.002748359093474
723239.750584,4366084.4791,17.38517015693235,13.773176410732189
723602.390909,4367240.80541,3.3069979614537157,3.322267989937564
722333.599877,4367239.48639,6.193747383164825,6.256145669859132
721845.994632,4367547.24945,6.407034392970092,6.443573609371387
722055.43573,4366738.34909,1.2781505952693544,1.2867435878948041
722388.397911,4366368.76251,1.5590543957325131,1.558448271493396
722959.733642,4367879.65011,3.079575762419197,3.016427426621263
723067.649074,4368342.04868,4.265966793091251,4.266918024155172
723331.157565,4367764.47105,6.751346781832578,6.779118643844376
723231.999934,4366099.88436,8.150637414559812,8.095545602301842
722549.909469,4367648.08124,5.044856807158018,4.920494014265666
723338.927052,4367725.95388,6.291499937910074,6.513768640540075
723029.930322,4367186.24524,3.885671264525147,3.7101169998126564
722914.779978,4366068.72666,3.5869594993231195,3.6785447323564284
723285.514934,4366862.87195,5.459554682532883,5.496510311098486
723216.090699,4366616.20196,5.9220799105230455,5.683025442932217
722859.725516,4367186.06885,3.332234864133202,3.3735919948819393
723269.381867,4367633.41603,4.50839556025667,4.529542638174637
723068.357375,4367494.50587,4.423616740919894,4.40087282596326
723424.806613,4366832.19915,4.509073427640643,4.722513006850792
722386.967108,4368295.12827,6.131365117531443,6.189747058441991
722303.024545,4366730.87417,3.643952296067693,3.661472596510018
722178.864752,4367247.04527,6.446277605438633,6.592517627136439
722650.213962,4367987.20159,4.982313346045701,4.969202430591637
722751.298012,4367332.36421,3.2304162592283556,3.403095313316627
722480.278806,4367655.71779,5.014488579184868,5.029756470962999
721691.458236,4367262.01431,2.4269154657326237,2.362280197627841
722859.669872,4367255.41935,4.686215717548609,5.087756381666236
723284.774522,4367725.89499,6.2835609643938,6.142198070798397
723052.96144,4367402.0249,4.221721519483997,4.054491934011733
722294.539365,4367755.70411,5.928631217947382,5.9214693343648825
722812.862962,4367740.80757,0.18210240511693687,0.5356489695862849
722643.089637,4367201.26106,4.470346887077142,4.3955864313883035
723479.30992,4366439.24116,4.909733061902467,4.282546453955177
722086.475041,4366607.37403,1.3728340881215013,1.3571666284333748
721877.179346,4367192.82935,6.003761006718083,5.887526773230385
723090.946213,4368234.20935,4.3018537541081585,4.274276419260978
722775.266479,4366369.14234,4.173700655351022,4.339353661709043
721846.310909,4367077.21729,1.4706705106815672,2.1424299602041468
721621.601768,4367616.39766,2.638295252180317,2.5997552282509693
723371.059878,4366354.35203,5.405014442299562,5.479756874102514
721722.383652,4367292.86337,3.5444569835191535,3.3568923967912045
722914.192631,4366800.83293,2.507847714672889,2.5009752414147868
723239.477948,4366408.15583,4.276584535389934,5.013972803665185
723516.588535,4368026.64545,3.7256010762239913,3.750584786587117
722418.390158,4367655.65737,5.363544885590923,5.2737650476923825
723355.253637,4366739.6504,6.545966044790098,6.479367883372651
722163.54002,4367038.97864,5.921692887487704,5.8627611591961255
722820.913557,4367347.846,3.6665104299647693,3.597308966179094
723363.037229,4366685.7158,7.2526954985024545,7.351205953609907
721884.56001,4367716.79712,6.317091932300917,6.285077915415282
722696.786363,4367786.91999,2.2011971683119604,2.1135117393279184
722812.801191,4367817.85812,3.8631773779907967,3.8668070595818467
723122.142058,4367933.75609,5.7286403345084596,5.675034333258115
721567.557697,4367446.83611,1.5716115812488174,1.6783441031808013
722519.794073,4366553.84136,2.2692755204874007,2.2792777822843204
722070.635258,4367131.36067,6.059624280965864,5.972083317466699
722999.41872,4366654.50506,3.2995756598424832,3.2763723273835863
723161.859593,4366700.91243,4.984249615366663,4.979314476127597
722805.557248,4367201.42484,3.832583322461237,3.769812441073464
721753.436024,4367131.07436,2.446230454313645,2.2413591955875
723130.89209,4366723.99808,3.953571878487538,3.936204403285393
722573.872319,4366661.78104,2.965658071082869,3.0913542845184176
722433.665094,4367917.64307,6.529959603032103,6.519600449058802
723075.339183,4368395.98831,4.333673895535972,4.292156900036611
723145.258321,4368041.64909,4.4428832554428075,4.425725820258002
723154.116087,4366708.61033,4.811528467329652,4.8009928013253855
722674.513989,4366584.81878,4.03670527285198,3.744592265791159
722170.962968,4367478.20053,6.681574145911951,6.706377445833367
721691.307126,4367493.17539,4.559902324710973,4.454601402717936
723269.500899,4367494.72067,3.655279837074336,3.6216371976329236
723185.103175,4366662.40623,4.830730734489843,4.8075428263993105
722821.958064,4366030.09849,2.349029772872772,2.274742832942808
722086.534148,4366522.6058,0.9830535136501661,1.0161298713543148
722719.81757,4368010.38639,5.0014829124524045,5.166798376246969
722395.600461,4367093.13907,6.110872517110274,6.15108498145093
722295.192439,4366861.86851,4.550317541507621,4.577597114450336
723332.1615,4366600.91403,7.242303583760184,7.154949192294125
722852.419774,4366646.64769,4.723522275981437,4.501196016947596
722179.249147,4366707.63946,2.54085893295699,2.571376610298424
722851.73536,4367501.98579,3.130475639360322,3.1752228214441907
721660.41755,4367408.39006,3.8760864813217952,3.876606879958586
723478.9315,4366870.78865,4.081498764973518,4.160568437472017
723046.295665,4366099.68915,3.905938037389908,3.903648455278575
723014.848917,4366708.46416,3.0342430925799304,2.9177350560680537
723191.75163,4367949.24045,5.35221734458428,5.354399617441836
723447.11644,4367857.05937,4.802234143760181,4.823701317427839
722163.237734,4367462.78268,6.703035073350975,6.596805292995392
723293.803325,4366215.55063,6.131171606013773,6.089223188704257
722867.499207,4367139.84284,3.3523404415190265,3.1778291399760663
722959.885386,4367694.72877,3.406267446445846,3.3913012237351787
722249.230296,4366222.20743,0.7621114979011563,0.8237578169073544
723145.830424,4367363.59574,3.229286736731564,3.2184077850459185
723524.303621,4368049.76864,3.6541826306162823,3.6111544640498088
722820.407116,4367979.66973,5.086132852348983,5.072630101847524
722155.92902,4366861.73753,3.4539012875434763,3.505633496378294
721729.998288,4367477.79889,5.683297854443149,5.555319006075159
723152.974468,4368064.77179,3.9308198483580394,4.209219489751509
723464.137403,4366092.42782,6.089733980629121,5.927080238137135
721699.134195,4367354.48633,4.882204798190659,4.831560227188726
722914.459085,4366469.46697,1.1348910949045095,1.239017862873531
723013.706026,4368095.44299,4.812593742463719,4.788920220874369
723098.921618,4367949.14127,4.971114684479255,4.998632737092244
722975.173719,4367918.19098,3.0538420006441345,3.487637972428333
722882.680452,4367502.01762,3.2125276005713315,3.203529818975896
723238.305386,4367787.4856,7.7926418762956375,7.59644319074859
722396.417821,4365983.43989,0.0,0.00020923559082836418
723454.442334,4368319.35555,4.899147635642521,4.922373829005831
722441.800993,4367385.99511,6.510015221125213,8.280428256305225
723410.059888,4365992.18041,3.429664643205834,2.3970760966823064
723168.746592,4367710.35967,5.537233975931045,6.027471138147458
722310.480631,4367116.17446,6.612317797181614,6.620578025977812
721970.059799,4367131.2685,7.632862147628361,7.491346473034934
721784.064364,4367608.8355,4.9361960504802065,5.001906264870724
722982.833288,4368010.65773,5.0082923634718854,5.022172924629337
723462.547375,4367903.30652,4.413031314659951,4.437267782028809
722558.939515,4365945.06254,1.0571892956936566,0.9845530185311305
723524.206964,4368157.6356,2.586663070718537,3.026933998668981
722496.715248,4366376.57331,1.5899744008313512,1.596466475072608
722752.162541,4366230.40195,2.9619403801265554,2.961620744495712
723199.592546,4367825.96921,7.093561321180417,7.410277828867185
722356.186361,4368079.3688,6.2276976901460195,6.217053561801722
721938.7278,4367693.73114,6.803918051991451,6.8049430951961725
722503.328634,4367863.77699,5.591322176336799,5.606524681227149
722171.062203,4367339.5038,7.280384957693196,7.249518886524125
722566.228804,4366538.47429,2.432085454858348,2.4520564244013845
723323.601739,4367556.42205,3.2992528841698645,3.355940250490895
723539.851161,4367965.03226,3.985166192358942,3.9729422194416366
723508.770093,4368119.09458,3.961543168042547,3.896200810968112
721822.682514,4367701.33136,5.855663910768805,5.865746175536217
723115.000719,4367224.86296,3.3795136135194777,3.362600568377606
721768.85312,4367215.84939,1.491941100499579,1.239944433794322
722511.830528,4366854.37131,2.7732383738622155,2.883188099602508
722542.754738,4366885.22529,2.368489991270732,2.3898507074430664
723455.889304,4366678.11102,3.835100511049963,3.8939546316050775
722271.111251,4368056.17264,5.951415564115617,5.901701732731313
722837.439549,4366022.40742,1.9084302077358397,1.8663209492696748
722820.827354,4367455.72193,3.27956664585812,3.2833815161441997
723339.805992,4366708.80913,6.6278733532562875,6.636193074340925
722890.135673,4367848.75778,4.2813607689722435,4.250313604492839
723231.636577,4366531.44956,6.2194040096331396,6.268405625531413
722588.36966,4367933.20559,4.001625058659246,4.017780375791133
723431.29045,4368257.69305,4.684731103340462,4.695511323757031
722535.122894,4366746.51008,5.414857753812806,5.389136123632564
722185.918441,4368194.77575,4.829504263876842,4.7591613968335515
723386.780257,4366069.22335,2.773657905293671,1.496572332034112
722286.741262,4367840.45166,5.778372025120733,5.7371556753476085
723192.35972,4367232.6509,3.0061985416778354,3.0003204296616026
722526.234774,4368256.74245,6.9971964325271045,6.933544333542741
722789.402316,4368056.68612,4.924061762649391,4.8983053565643155
722179.177974,4366807.81765,3.288925601505065,3.2522868990243436
721954.660505,4367023.37485,6.338133520665857,6.126173652089694
722720.152239,4367586.60991,3.3350425123558107,3.3319504279781236
722449.641477,4367247.30403,6.0289655933588335,6.01978823307499
723477.81361,4368134.46955,3.9169104866851963,3.890459424264616
722635.537576,4366962.37585,8.214181518728719,6.7902627557451005
723114.800878,4367463.73355,3.218930408103379,3.3106463052686235
722999.46272,4366600.56165,3.7348630837547243,3.80102389336893
722930.267761,4366053.329,3.2413887085236444,3.3392298719235303
723602.176134,4367479.67649,2.947543777226811,2.9514650265264035
722651.45653,4366384.43152,3.001999957287942,3.010136000163847
722077.741551,4368025.17094,6.148340655736789,7.415972996710416
722156.28825,4366353.13097,0.4156144582592634,0.4398609223205972
723277.863416,4366762.68513,5.208767218062366,5.193641153683951
722070.326878,4367570.56973,7.760434327117736,7.772935200397656
722992.044675,4366207.5263,4.218688043704978,4.143457354258764
722395.14161,4367709.57065,4.900438738332996,4.947166123007787
722310.851149,4366607.58371,3.0285598939818907,3.035252914930388
723006.053299,4367995.27235,5.1011071044411445,5.06817003453848
722364.226111,4367671.01514,5.787698664728943,5.770175327348408
721791.934223,4367408.50594,5.86118225909781,5.959424029426034
722620.524763,4366361.28167,2.674746782088243,2.700206576950612
722736.627526,4366307.45177,3.247552608197888,3.2937098633146995
722154.93746,4368248.67846,3.703881620475075,3.6536478378772297
723153.942053,4366916.67306,2.80039211776795,2.8116919016056015
722890.279446,4367671.54105,4.993511622897399,4.900852949928931
723579.360405,4367040.43033,3.5918003649829005,3.6207370305267776
722132.243439,4367532.10125,8.490141253801252,8.50322080577027
722032.283459,4366653.56108,1.1723203773415884,1.169888037638371
722611.845951,4367586.50111,4.203326383862724,4.360150046744052
722851.319143,4368018.22578,5.117791798297861,5.120422613156486
722549.785285,4367809.88802,4.4587288864366155,4.419863182623005
722690.071865,4366476.94645,4.3056616606726115,4.317588232547868
722402.652428,4368010.07107,6.630035450133658,6.660751376370171
723500.910397,4368257.77052,4.675694923366138,4.690408462738064
723539.823527,4367995.85192,3.9077777433094085,3.904529597471065
722628.102814,4366569.36028,2.6457856483017457,3.4386825257620846
722774.256474,4367648.30648,3.25413623166096,3.2619266218018423
722349.457803,4366715.50619,4.101894801993223,3.9770536186214427
723463.430591,4366901.59553,4.128358175285711,4.145875734443136
722178.260953,4368086.90329,5.1328306824674925,5.068765136700125
722063.19417,4366707.53201,0.9845186997635961,1.2339196193933104
723423.861039,4367910.96864,4.6609141827916485,4.6487409052753925
722070.381112,4367493.51734,7.55005152893654,7.542313086443214
722403.159464,4367332.01955,4.724361338844348,4.939595296113083
723299.973375,4368041.81614,4.428489922618411,4.375723473588142
722844.443265,4366947.17458,2.612558220329907,2.6792246741932995
722046.766135,4368071.37056,5.275215918570091,5.9923274213997395
722356.432884,4367748.05858,5.250721130637305,5.259225357836834
722155.13165,4367979.01474,7.126123577354928,7.175553203797704
722334.398658,4366145.22183,0.14785352342516855,1.268489247363354
723462.881308,4367525.75353,3.0915423146203804,3.086670950314324
723184.954308,4366839.64633,3.1160111343077537,3.2539220440339385
721799.680798,4367393.10211,5.872122777069112,6.002005199390578
722960.156486,4367363.40048,3.854205830093944,3.8389604933719785
722411.609977,4366368.78473,1.5964482844128822,1.590891674374912
723301.12056,4366708.76734,5.914528344756869,6.0568198266450715
722736.567517,4366384.51636,3.642693509415956,3.7179263013282458
723013.449663,4368403.62717,2.8795010111654564,3.3924159120160513
723223.181532,4367379.0894,2.9564185693648266,2.875125878869932
722450.388235,4366245.51836,1.8654048645908865,1.606508655875533
723224.093941,4366300.24864,5.951092788442998,6.600292013528542
722581.709103,4366530.78322,2.5076024590217627,2.5447218771978455
723115.21284,4366970.57343,3.302867279216644,3.513938029309475
721946.548718,4367570.45601,7.4647564224094705,7.421381623624166
722163.824283,4366638.27017,1.9023565236697357,1.9451104205530294
722759.954137,4366161.0503,2.6800716188995777,2.6860673393680843
722294.635563,4367624.71736,7.782767018173152,7.8024423367415086
722859.811994,4367078.18917,3.043747278043815,3.0189263274097673
723301.462258,4366308.03786,5.078484338466593,5.283206505416796
723439.679271,4367518.0226,3.180784786807639,3.135365278386289
722433.688316,4367886.82349,6.306958545868537,6.193166560845168
722634.940588,4367732.92233,1.608902077840967,1.6386606579726326
722773.770585,4368256.99193,4.57119754967888,4.6186080030810235
723493.840174,4367510.37714,2.52643020637588,1.9488073776927834
721900.388845,4367192.85022,6.340037473948087,6.374680872245216
723502.060744,4366963.28566,5.509544132025556,4.408889794239032
723029.081069,4368211.02979,3.8779258025265477,3.8828685760450505
722224.999505,4367640.06142,10.248977055793024,12.063510967066872
722612.722693,4366446.04432,2.6820273163152595,2.471501433871266
722921.854975,4366893.31267,2.2783180482550525,2.273270988186537
722945.606914,4366222.89167,3.6337865935965774,3.6646914124654835
723471.538899,4366477.76465,4.872910474621188,4.9368817017976605
721652.535997,4367631.83489,3.23832291670589,3.3991048626825084
722836.835287,4366785.34173,3.144604288438877,2.9510183219229678
723479.606104,4366100.1515,5.545398777003724,5.56262677118139
721575.303779,4367431.43217,1.9768796172846286,1.6848207326638382
722960.263358,4367232.40638,3.38806582234225,3.323584576902285
722551.219084,4365921.93452,0.8891155979774409,0.8694752007480975
722681.084264,4368079.69025,5.76636661673012,5.795080862905528
721753.094503,4367647.33366,4.484191616672511,4.594694639161739
722813.146354,4367386.36539,3.5046009204588606,3.5436140673533574
723223.050311,4367533.19735,3.69597496299754,3.694251231646784
722488.966295,4366391.97861,1.6289689913947318,1.7741642459955833
722976.319947,4366515.76871,5.42786342054527,5.651066242896687
722233.186705,4367015.92675,5.211349038728566,5.232568094082665
722751.212788,4367440.24036,3.4058800386957557,3.4515069541467285
722395.623303,4367062.31618,5.96442123084808,5.983616824746249
722456.76748,4368056.3526,7.521007104407346,7.634296029118104
723439.611444,4367595.0757,3.369219031608162,3.343271329577654
723183.983027,4367987.7566,5.339727965042109,5.346076457776773
722573.507911,4367139.54685,3.9100044722642537,3.967150917538577
722719.835839,4367987.2719,5.185789360376458,5.167747949959771
721938.695949,4367739.96144,6.644138323324175,6.653107057417384
722844.141291,4367324.75326,3.4809451953889794,4.140357416698936
721892.751508,4367046.43612,5.554918928129602,5.690450365604999
723494.11983,4367194.45076,2.7711084006662072,2.8085565171984443
723548.372206,4367086.63069,4.2587703190364286,4.990654736573182
722117.261077,4366838.58384,2.851850215806776,2.8748757813913564
723114.146334,4368241.93866,4.430748967611991,4.411204416663792
722472.665021,4367493.90042,7.989825111511955,7.768546357638
722952.394896,4367394.21429,3.947085203140676,3.907299690609511
722688.917059,4367956.42113,4.765508504595114,4.743104515894517
722750.919783,4367810.0899,2.2785633039061755,2.3718799993254662
721977.429205,4367662.94607,7.310946697184019,7.201420710115646
723053.831539,4366346.30835,3.667866164732716,3.7259418403887246
723269.764864,4367186.50002,2.5522026319830022,2.5452506291459325
723223.619521,4366862.80556,3.7356375145401617,3.819662863505058
722721.080835,4366399.91368,3.5324196438045465,3.5816513206603164
721892.58445,4367293.01495,6.676217377776627,6.595167260701634
722773.918537,4368072.0799,4.800878793706983,4.815435709550006
722673.590503,4367771.48652,0.42953343780078124,0.8179845106256791
723586.641126,4367549.00745,3.0733731989128934,3.062729702654895
722055.097529,4367223.81351,6.96295528119728,6.982273970734156
722349.271322,4366969.80232,5.732803332784267,5.6876196360364535
722194.635271,4366830.94993,3.737154444787041,3.6669986245148203
723238.014509,4368126.50151,4.643455058149497,4.686480159693589
722163.309376,4367362.61289,7.16552837001715,7.1138735057738645
722922.270664,4366376.99823,1.5663995620370006,1.6481038627828872
722967.697323,4367602.27451,3.3032866182907266,3.397311175186871
722349.14094,4367147.03405,6.467157998324641,6.411437761019711
721745.343115,4367670.44207,4.513623833666544,4.512500957501718
723378.484758,4366716.55729,7.24714483413471,7.152099613241831
722549.476855,4368210.53797,6.840321300198645,6.896295507713134
722410.272135,4368164.17303,5.724767795866533,5.775600359268405
722101.911485,4366661.33117,1.5746289951871544,1.5977969285033269
723130.189417,4367563.91931,3.711820593991345,3.677657359323923
721745.445228,4367516.33888,5.499895101459478,5.5349778509224
722688.753113,4368164.44985,6.086313097100012,6.093536034912862
722310.705425,4366807.94159,7.343799797707157,7.205095085269197
722642.760658,4367625.05808,4.039157829363232,3.975026711660256
723285.830189,4366492.97583,6.091218594837268,6.0605058144132675
723247.085041,4366562.29119,5.946122658628272,5.901793883454637
722814.026281,4366276.70361,3.9112628742012427,3.8950733493882126
722573.602176,4367016.25523,3.3299758191396207,4.578954418469723
722294.369355,4367986.85196,8.086803235471768,7.26405039811359
722937.776465,4366338.48177,3.3899378443004866,3.005160119825456
723253.770786,4367795.20739,7.647320497244981,7.45977762266321
722806.264506,4366307.52179,4.096763861414307,4.083619524636049
721969.613062,4367778.51478,7.1856335626882295,7.169155057469527
722426.518318,4367131.69732,5.925565426129631,5.853086540098093
722751.443874,4367147.43031,13.058401891102577,11.228774855111542
722503.831861,4367201.12343,5.549174752244188,5.531741264992788
723200.213612,4367093.95683,3.191576612529276,3.3490515259201037
722116.699939,4367632.25436,8.432535606464924,8.102551139686737
723215.458201,4367363.6701,2.929322917385869,2.9409638681846153
723346.293723,4368149.73376,3.130962880587224,3.41143328565359
723448.722209,4366023.0498,4.255768774581401,3.71734165148158
722572.689439,4368202.85647,6.770419400123073,6.842044664531556
722659.436428,4366068.4699,1.5679131260298478,1.5523564423562537
723370.78757,4366670.31185,7.532657036371859,7.406432403381771
723409.693763,4366416.04576,4.997351845500587,4.95031290266578
721706.95631,4367223.50038,0.0,0.5138530164598085
722163.298336,4367378.02372,6.955888071297402,6.907761559108928
723013.507403,4368334.28681,4.136039005206836,4.135262962466609
722186.180357,4367832.65112,10.272922471067291,10.144101841442032
722380.705732,4366307.10357,1.2213063945957578,1.2124519615621459
722209.627453,4367501.35283,6.945496156555128,6.9679144881909005
723215.804411,4366955.26848,2.7112594816409197,2.7135371910704524
722682.584193,4366153.26638,2.2648314880890097,2.245278458604874
722109.43753,4366961.87056,4.366817455692992,4.4049181465381615
723362.577418,4367217.42329,3.8559805192212253,3.487094924864955
722952.908699,4366762.34259,2.72586594643508,2.7411907482962934
721892.511108,4367400.89073,7.245821415405502,7.2389324515421265
722766.728134,4367386.31819,3.940404631561391,4.002447244855639
722426.143606,4367632.54945,5.369741101303905,5.382904154069885
722921.655616,4367139.89854,3.3500490804867105,3.2914473281889487
722433.641861,4367948.46261,6.700453637399523,6.633667061165356
722905.544765,4367925.82339,3.268110225411277,3.4341030772352017
722984.431693,4366053.3846,3.5429404379870166,3.551723118642629
722635.090355,4367540.29284,3.762681807100413,3.723890879907436
722543.232232,4366253.31496,0.8365312475171738,1.042435080527718
722959.378401,4368311.11624,4.080982477783225,4.042726934251136
722233.799269,4366160.54038,0.37362185780759305,0.22609146805127517
723362.937482,4366801.30748,6.1053214680277845,6.104622427483037
723633.239877,4367348.71835,2.862948659181662,2.9021269733501143
722534.88343,4367062.4517,3.7931465984750248,3.7284570719335446
722410.521219,4367832.86623,5.944025193828372,5.931436095454407
722650.105359,4368125.88746,6.022995205202261,5.900569507998129
723006.365445,4367617.72543,3.4577091941079297,3.4300163671243027
723462.369603,4368103.63328,3.721082986236826,3.746185778124999
722697.100845,4367386.24776,4.6357419121896335,4.602455206600166
722426.896498,4366623.10711,2.0934693448952926,2.1387392469847506
721961.642078,4368117.52015,26.151172658830937,22.65635065772556
722280.196898,4366199.11691,0.7305751316884979,0.8178848644688829
723454.647627,4368088.21516,3.6760309658053987,3.5479292316606172
723293.907976,4366092.24367,5.086358679905392,5.467919291364793
722511.865416,4366808.13555,2.6738238514105195,2.653445260435147
722456.56851,4368318.30993,8.477716506336552,8.155504693195244
723114.509894,4367810.46819,5.098557599813683,5.106107417436039
723098.82447,4368064.71396,4.7781590796162225,4.757793708208973
722372.407683,4367069.99956,6.0291914209152395,6.0326187991987235
722527.012271,4367239.67409,5.7800178348078175,5.76899615279695
722982.648588,4368234.09475,3.9651252470505876,3.9781583193227714
722000.926158,4367246.8804,6.825605191701628,6.777369856791583
722574.147184,4366299.58428,2.1726105543315346,2.178783589057441
722434.364147,4366985.29587,4.942069875235315,4.8965360349771965
722914.730728,4366130.38035,5.236198533657962,4.769124289231546
723339.792788,4366724.22142,6.411391287478318,6.516610305240633
722348.272676,4368318.20417,5.024202626543167,5.371903026598504
722248.998488,4366545.87565,0.997782606269889,1.1650066589670127
722363.881747,4368133.30924,6.037291974625196,6.0414000325574175
722998.394051,4367902.80546,4.848931973878694,4.797979566447176
723015.301161,4366153.60386,3.819965063478867,3.8155846936767754
723293.100178,4367040.11597,2.5541358235859897,2.598145451055258
722340.863851,4367879.02844,3.929045159230761,4.164402758550976
723478.48334,4367379.3677,2.959775013173837,2.84910600242935
723353.894524,4368303.83524,4.802815063027945,4.775738557917229
723409.880364,4366200.26264,5.2922553194234165,5.276891251266843
722944.318629,4367810.28898,4.663140911746494,4.533235563119132
722047.607813,4366869.34325,2.639069875323127,2.6981403063612466
722620.359753,4366577.05881,2.541882081826273,2.562514498743184
722218.165183,4366384.01421,0.9455661392863105,0.9718882088720272
723238.351524,4367733.54986,6.194909221700353,6.0632058129095165
722588.064721,4368326.14491,5.092103240505556,5.413713997639808
722564.965797,4368187.43955,6.980059698842824,7.0259787785987315
723471.552404,4366462.35194,4.939358790414171,4.900597617829171
722263.398197,4368025.34623,6.73356449680306,6.2924661251444896
722867.480677,4367162.95985,3.341239112783538,3.3001409677705342
722434.776435,4366430.45809,1.8533479044241876,1.8375515061459569
722588.827277,4367339.90689,6.789395839726854,7.050381523528309
722991.140036,4367317.19974,3.641112331806348,3.6694690433317785
722844.743955,4366569.57771,2.131947552089696,2.5463891012618767
722395.81159,4366808.02303,4.135361137822863,4.148168284821081
723216.265826,4366408.13113,3.9737097719120986,3.910043608910746
723231.850908,4366277.13718,8.099550373894335,8.821351634894894
723532.198094,4367872.56403,4.1415254222118545,4.10714844503237
722673.457576,4367940.99579,4.579975586058062,4.488227213582172
722449.10177,4367963.88743,6.7191392326546735,6.734599783422605
722589.698082,4366199.41445,1.771373270877299,1.7627812371533538
723022.592278,4366700.76606,3.098555087383577,2.9409331692943175
723292.157531,4368134.26506,4.41406388904053,4.509462186508921
723222.490307,4368188.1225,4.637871693028269,4.658038235390598
722202.460158,4366707.66113,2.966729501652884,3.104259412207246
722612.904811,4366207.14387,2.0460292076727113,2.0159359888044976
723245.544401,4368365.35328,5.206217713434902,5.105252612045711
722804.600948,4368395.70494,1.9882425520479847,1.8668899531523189
722728.445365,4366877.70388,1.6416907386440092,2.100107296043697
722016.479206,4367131.31091,6.788621024226671,6.815919801744817
722727.833736,4367655.96455,3.433763394118916,3.404424533159498
722357.454089,4366361.0265,1.4049223757278761,1.4395029037487121
722449.45049,4367501.58306,8.24651833206157,8.43933799296752
721784.382286,4367131.10171,1.723029631071708,1.737394982438422
722767.721865,4366122.52469,2.572731010875627,2.5489848993842537
723247.156687,4366477.52174,6.5895980830908565,6.589342594796881
722124.780404,4367146.8221,5.736546991985994,5.93164597812341
722627.860158,4366885.30932,1.6651429496127967,1.7412415895751916
722751.023661,4367679.10352,3.305255588365173,3.2881544923467496
722535.16948,4366684.86144,2.2890227360865243,2.4107043584223
722526.53626,4367863.79987,5.188274617641197,5.31402122870862
722983.844181,4366777.78675,2.9506032212512405,2.8690099211933013
722450.399609,4366230.10525,2.1474961832989234,2.2965710157996653
722558.374768,4366692.59032,4.152756015102288,3.6849876025433526
722163.807874,4366661.38852,2.2617980123099937,2.1508205045807176
723393.604259,4367124.98881,3.266528663086921,3.44957819003341
723037.946115,4366847.1973,3.565724399440506,3.4356801053115786
722828.975769,4366939.45292,2.358714581910308,2.3722701722127995
722473.221192,4366754.15574,3.3393347747865665,3.1462572480495283
721583.059708,4367400.61753,2.101588941985218,2.0350293949639693
722998.534008,4367733.29487,3.775977933466754,3.7889718386999793
722287.978786,4366137.47134,0.03943180083968391,0.04071015950852519
723076.719921,4366739.35327,3.552912244225716,3.591811932585902
722101.265927,4367578.30372,8.377123602615212,8.36150371146285
722743.901026,4366900.83724,1.8736891195924663,1.9689006338194044
722696.683193,4367917.9045,4.367818098749584,4.121508338835689
722156.331689,4366291.47946,0.14600690466255958,0.15637313363622074
721799.515916,4367639.66983,5.506414092845076,5.516579863025987
722070.984776,4366630.47819,1.356484961702738,1.3459957558710627
722783.003834,4366369.15015,4.490387832385493,4.568729232558613
723114.250413,4368118.66378,4.483320237770867,4.460066588085509
723517.962838,4366477.81576,4.557385136122247,3.446105182849748
722860.414485,4366322.98975,4.132424610160057,3.768861606650426
723377.384976,4367980.26191,3.0089190520102793,3.260841808544645
723417.391007,4366462.29266,3.582667236892364,4.144922423803608
722442.135393,4366939.06842,4.34203259284107,4.4107181433792135
723208.249676,4366739.49232,5.499152601998031,5.328205087767648
723099.514712,4367240.25781,3.404234229008674,3.410829828641829
722612.969347,4366122.37098,1.57517115444417,1.5639651293412995
723176.730544,4367417.56696,4.602146696919794,3.39184035951899
723471.781079,4366200.33014,5.412631024857962,5.476092151441971
722286.412131,4368287.32639,5.17439757200709,5.231578403854894
722605.261027,4366083.82992,1.2871126214762227,1.3174377151117265
723029.35034,4367887.42813,4.930322610439844,4.844191489529508
722086.103004,4367139.08061,5.887871459946707,5.951067256464087
723547.93224,4367579.78544,1.8321226147676182,2.110930515258114
722897.871563,4367848.7658,4.291752298999769,4.287112612607286
723494.010764,4367317.7406,1.5398685751277523,1.7857705860944346
722387.663761,4367362.82639,4.007950538527172,4.270781746673969
723370.980321,4366446.82944,6.733015893574035,6.665350966637608
721954.681577,4366992.55188,4.945006402898124,4.844166926647083
722457.913812,4366530.66252,2.217139747421978,2.240292458345053
721761.131929,4367192.7259,1.433496197942971,0.6871241259853047
722766.23204,4368010.43364,5.0514723619450805,5.048764671846874
721861.451323,4367570.37891,6.440274901243326,6.444531162068098
723038.161173,4366585.1894,13.092966202819767,12.812062627799449
722441.30194,4368048.63267,7.245402076331422,7.271739954904035
722928.796346,4367871.91292,3.651374982393673,3.8151414780513613
722450.239575,4366445.88576,1.878003887835913,1.879982683717345
722310.119073,4367609.32183,7.677462128232228,7.818894780613842
723440.589641,4366477.73077,4.356877580778286,4.3339542387108665
723053.995571,4366145.93739,3.9819715211009874,3.9979974132671354
723207.956813,4367086.2593,3.075390065973323,3.102124301145777
722820.814997,4367471.13268,3.2099846360945645,3.246140405768848
722564.953922,4368202.84882,6.794430216904305,6.853461443970889
722201.941193,4367431.99768,5.606361060506434,5.689322378889469
723122.724323,4367240.28241,3.298413821306956,3.2743654198185235
723223.996747,4366415.84578,3.8303889095451296,3.8530577435717435
723401.051795,4367456.33699,3.2443256209011984,3.238143076411456
722217.67458,4367069.85232,6.312251066641133,6.374417386501093
723238.331763,4367756.66528,7.856573003499892,7.089831360131961
722589.809024,4366052.98786,0.6192618149204077,0.613480440328931
722882.804882,4367347.90945,5.170621596766626,5.161190655604532
722218.12128,4366445.66504,1.2133641510041373,1.2237492280188575
723385.720072,4367294.50469,3.1019694307619914,3.409240469303684
722998.24736,4368080.01721,4.805106424060264,4.801627550169062
722774.115307,4367825.52354,2.2616431646243806,2.750265680394736
723308.870832,4366693.36338,6.254612718551326,6.227822385428624
722945.526307,4366323.07675,3.799536710420426,3.7705841892429532
723346.367759,4368064.98125,3.2971227186164804,3.403287430628063
722944.513982,4367571.4294,3.3077727769538985,3.3808175872265163
722859.923016,4366939.4845,2.551841192478323,2.7250343447299814
722659.347795,4366184.06986,2.2237264486030246,2.239251991493346
722990.619932,4367949.02691,4.7794824983454305,4.8191002363907405
722859.310177,4367702.32969,2.8534767897565136,2.752330265548771
723083.301303,4368126.33564,4.324831227079315,4.3456442525660135
723301.53438,4366223.26554,6.145661886954379,6.202088066586607
722829.720022,4365999.27921,1.7892425014396065,1.8522694074137056
722852.896709,4366045.54335,2.8121490004320937,2.8130612093021647
723433.032936,4366269.64738,5.428412023774295,5.368380832287958
722024.519772,4366692.08444,0.7257504240480863,0.7243540928666118
722086.297414,4366861.67298,2.8628549811408,2.9157797938849535
723532.018657,4368072.89179,3.4797191094907265,3.5152014444643283
721977.423848,4367670.65123,7.2353333219765155,7.1950694197353435
722225.968446,4366291.54428,0.6590631042186176,0.6644706591728364
723254.58688,4366839.72071,5.156163631864755,5.1575007810632965
722272.004157,4366831.02276,4.255962670813819,4.226939814162738
723586.634183,4367556.71275,3.1030602894267196,3.1015864179931474
722232.365377,4368148.59208,5.95832157853656,5.90700614118962
723547.925333,4367587.49071,0.9537342104343401,1.9667309659481609
723471.861703,4366107.84981,5.727252668416522,5.730806714799833
722558.549985,4366461.40373,3.237419221765508,3.1601907340299893
723555.813232,4367417.9811,3.078623785778082,3.0805378624441713
722936.380809,4368056.83803,4.778772314922722,4.767424306322103
723115.494709,4366631.50787,3.444832791530414,3.3854121135899193
722039.50089,4367401.0248,7.714123904749314,7.734988101144446
722820.208533,4368226.22126,4.858936480870874,4.92252417629833
722620.318395,4366631.00221,2.823586185141593,2.8075885806660357
722564.98372,4368164.32562,7.471404293235269,7.410036607334901
722349.817768,4366222.30247,0.540220679407694,2.099861936038697
723378.611248,4366570.13924,6.681993484986031,6.60783740385363
723293.159552,4366970.76337,3.453610827909596,3.4407807157492774
722302.783365,4367062.22725,6.267360241688642,6.27289032073972
722550.923217,4366314.97457,2.090251783109903,2.077297481182147
723067.829972,4368126.31919,4.2914295233271496,4.2946497242557
723099.931103,4366739.37763,3.309612098158651,3.310424225218553
723516.464419,4368165.3317,3.8249671246175825,3.7233251895729467
722558.526665,4366492.22904,2.9949258225226187,3.1365202663062943
722434.587822,4366684.76366,2.293169768700335,2.5311443496910435
723425.262037,4366308.17183,5.55256331973456,5.436594982228884
722836.448001,4367270.80667,5.466654593186244,5.179486520201976
722874.219262,4368395.77689,3.781593229911972,3.390618753816309
723408.855537,4367379.29098,3.096628435931287,3.166503457526349
722023.450825,4368225.44174,1.8419203375833604,1.804033565257256
723416.639183,4367325.36085,3.351146671659512,3.3574725416281863
722982.788713,4368064.59135,4.762829735812704,4.783134640064335
722827.844387,4368349.50203,4.704320393535998,4.667615452409029
723161.10172,4367602.47863,3.780915362527999,3.765272695877901
723371.000198,4366423.71021,5.498668630846476,5.959907123427986
722806.458415,4366060.90992,2.491295362689095,2.494133945824503
723363.606639,4366022.95745,0.829692750534307,1.1249768845870738
723370.052737,4367517.94606,3.054319624002367,3.134323308886862
722294.996207,4367131.57103,6.6139320602594545,6.6317328762288845
722665.697556,4367971.80749,4.8521593458901275,4.782641545017823
722054.832949,4367601.37617,7.612014455495837,7.575632900583816
722550.262857,4367185.75781,5.011261207173431,5.00196346810644
723324.543044,4366462.19203,5.480305811263943,5.558906084836061
723036.765187,4368272.67489,4.069041701470082,4.073290167204625
722612.41599,4366846.76432,1.9515490365642798,1.986519852309811
722767.426451,4366500.14292,3.754549322066469,3.6152920853867645
722070.796813,4366900.18812,3.354276710839992,3.367517479831966
722736.519502,4366446.16747,3.959219490971489,3.8151065740365255
722998.132431,4368218.70178,4.003012724751183,4.021748175959831
722217.241082,4367670.87457,8.895770633163053,8.80963365612485
722766.843993,4367239.91354,4.473057587183542,4.370708793036308
723184.766179,4367063.11725,4.695090317329252,4.398827041434158
722781.431914,4368349.45434,4.7505342525029555,4.755251782846743
722781.734367,4367971.92518,5.128441856635279,5.091466796127783
722666.395078,4367077.99347,2.8941622978110426,3.1000800073863255
722163.955001,4366453.32087,1.0708856215754246,1.0732324246193456
722852.677001,4366322.98186,4.253090390513739,4.226850126767966
723231.258444,4366978.4027,2.6149882710284675,2.641140346612815
723308.089298,4367602.63696,4.188610275365711,4.142920721429084
722124.01217,4368225.53567,3.3615058856482984,3.063616475340067
723254.02836,4367494.70402,3.618134474120443,3.5688734658429317
721822.698129,4367678.21608,5.900618983084025,5.946732105263958
723401.709396,4366701.17023,5.833202340273189,4.6888853378143365
722759.229118,4367085.79254,2.9282255185704424,2.936501287918837
722240.555626,4367524.49792,12.913112058661163,9.879806952185852
723555.364442,4367918.81998,4.039964576187405,3.9792829340135327
722078.802293,4366514.89246,0.9050774128247993,0.9198160257880071
722674.722047,4366315.09652,2.9121184739061428,2.9148750620181327
723493.119804,4368319.39866,4.94307013357716,4.927574962329172
722983.806498,4366824.02289,2.9705828045574676,2.9959838242396684
721722.358339,4367331.39049,3.975000489887823,3.771916606834801
722047.457704,4367085.10537,6.372212707087254,6.106167324953132
722279.050572,4367778.80443,6.3548824618853,6.32149355220674
723508.47332,4368450.39256,4.5995325602148585,4.361510600064218
723346.246556,4368203.66661,3.007202262452402,3.463209390825742
722341.120533,4367532.29927,11.817664516429621,10.997215736844568
723285.751451,4366585.45154,6.562715755439035,6.5917627121607
722388.346989,4366438.11987,1.7112985242956025,1.7409650521909252
722124.117039,4368079.14755,4.6523296579301405,4.681067306303618
723129.96892,4367825.89471,5.507446667225659,5.482363999765898
723471.982419,4365969.1272,5.865926176641384,5.452277112917711
723610.099825,4367271.63656,3.4488345943272862,3.428015454184431
723416.87481,4367055.66226,6.565168696665034,6.463122237911213
723230.384584,4368003.21638,5.269826449681285,5.299038445182208
723200.991238,4366169.21178,6.302343507765163,6.096641363865109
723129.604439,4368257.36447,4.3179898447358465,4.387212202379441
722334.22523,4366384.12364,1.5375095042999845,1.5455885287956328
722682.477328,4366291.98475,2.8660402268874545,2.90886161524057
723355.406224,4366562.40784,6.315349174497626,6.328004807748221
722828.594474,4367417.2029,3.4066225381572033,3.4160057608409513
723563.535853,4367433.40061,3.0899288209720344,3.09510806171799
723022.775004,4366477.28522,8.101616292084993,8.385255273208015
723454.421732,4368342.46921,4.944135023996477,4.937029846598223
722179.429458,4366453.33529,1.1669922704549063,1.122108279190461
723517.575292,4366917.0672,3.9318204914146317,3.917560650183173
722240.923455,4367015.93407,5.174881543158643,5.199196765483324
721652.716254,4367354.44572,3.306513990302162,3.5412273289951393
722434.07625,4367370.57679,6.2332810552672475,6.168436034334671
722644.014028,4365999.09378,1.1442951583555248,1.1050880507408125
722054.82209,4367616.78652,7.620856739237746,7.65417450361816
723015.100497,4366400.21329,2.0199016903542346,2.1139228106897274
723330.81567,4368157.42147,3.542488398159453,3.628439784187184
722843.521077,4368095.26563,4.879332517890579,4.865077156085278
722952.68361,4367039.75598,3.382192382301887,3.346127161783459
723076.891629,4366531.28598,3.5987067641185915,3.413783465723569
722039.956505,4366746.04087,0.9548992228665301,1.0310428745504878
722650.244107,4367948.6773,4.436557775574883,4.381555754536607
722340.932437,4367786.56879,5.5755731087444556,5.678449349887363
722194.958686,4366376.28613,0.769446998247628,0.7438289698251506
722667.162296,4366083.89095,1.6803043654293066,1.694081162479382
723161.134263,4367563.95227,3.478299127360054,3.502197651292698
723038.356744,4366346.29228,3.679580728774707,3.6973886234955082
723293.711672,4366323.44261,5.70527545378721,5.737726995212999
723378.830474,4366315.82785,5.370902939839432,5.273548344415627
722612.675626,4366507.69488,2.7743646262836603,3.1140777726608397
721869.328301,4367362.34294,7.080652602564165,7.013847383822819
722821.507929,4366600.37902,2.6480189174072883,2.706087961350514
723525.373598,4366847.72195,4.091115864215608,4.139198351956741
723401.455008,4366993.99861,6.760447593884376,6.755886875194949
722782.512214,4366993.34671,2.4942515108039927,2.537323116281966
722642.826536,4367540.30051,3.660475794445474,3.623443738448263
723316.11146,4367271.31213,2.8083182033402014,2.8359693972633697
722782.791809,4366638.87082,2.6164986611246555,2.6321721576604076
722557.958239,4367239.70455,5.951802587150961,5.935479009638514
722077.582845,4368248.6058,1.7585161040371275,1.7367951902193153
722580.948769,4367524.82828,4.756149548948171,4.686207524663367
722419.005143,4366831.16326,3.945181249858449,3.9634209407168304
723408.138171,4368196.03007,4.484126984595037,4.430260903864961
723137.307273,4368295.89563,4.077755490486538,4.184704114963202
723277.031833,4367733.59169,6.753186487752079,6.820674758293328
722527.170136,4367031.62111,3.501889835637713,3.623451001862666
721853.725602,4367554.9616,6.409519650234831,6.4522321248813075
722488.683574,4366769.58283,2.65112664313245,2.5620767368340083
722170.913287,4367547.54793,8.848427636414051,8.792615243769252
722457.499369,4367085.49324,5.168072092139162,5.198548873533567
722774.176775,4367748.47318,1.0007451983567965,0.9846179311377796
722278.880899,4368009.95149,6.811276106239958,6.6053463512459345
722070.305183,4367601.39053,7.886618455800423,7.770718454021111
722278.971389,4367886.67389,7.124768612016475,7.071028009078796
722804.656819,4368326.36465,4.7849038985582295,4.899447178391578
723346.179249,4368280.71298,4.681665311522711,4.672230397796153
722047.264117,4367362.50499,7.772116575120988,7.74032296669983
722820.276889,4368141.47006,4.639162795718745,4.664211512871517
722411.695121,4366253.18774,0.9349357014009845,0.6175811044885638
722984.338242,4366168.98521,3.9483759211164,4.010672956275332
723440.971077,4366038.45501,0.0,3.5638807736624454
723176.521919,4367664.13697,4.446788110123474,4.55260312450916
722140.661913,4366568.89313,1.1676182975267397,0.9981521006434003
722156.005412,4366753.85408,2.6220752937378133,2.6395168630766404
722210.312627,4366545.83935,0.5175107274536344,0.6111216138551424
723469.858342,4368381.00903,4.353618277442858,4.299654870037256
723276.452769,4368403.90938,5.1775276111875685,5.276770067660451
722760.05628,4366030.03626,2.0973032197051595,2.0550043953557844
723176.358514,4367856.76437,6.639394790495349,5.5756571512197715
722897.519879,4368280.2334,3.226075522739498,3.380333639542581
722543.1219,4366399.73775,2.0742093705230737,2.1252904534959742
723261.294592,4368041.77409,5.161133376964736,5.275367384613075
723346.676531,4367710.55203,5.340502395827547,5.4931532348184415
723207.499173,4367625.64407,4.399347780543514,4.45188246163695
723046.19501,4366222.99572,4.059586182421676,4.072060958192056
723114.308873,4368049.32084,4.893564655236041,4.897065737940144
723541.304049,4366331.41872,5.959386853670625,5.9276212563301796
721861.706325,4367192.81542,5.3344031282307744,5.276467041704066
723509.504236,4367294.6411,2.7932568133578757,2.7619003903508506
721745.567466,4367331.411,3.743221781059823,3.6873736926572427
722752.150492,4366245.8151,3.040090756732252,3.0112618536361198
723348.012583,4366161.66231,5.3009367924011315,5.323806499077405
722365.500471,4365937.16957,0.0,0.37079435608930983
722442.187112,4366869.71538,3.9214932087498324,3.9387268893961935
721768.669069,4367493.24368,6.022737061607113,6.014196657371614
723316.370011,4366970.78842,4.246409818934454,4.184460533205926
723200.135465,4367186.42529,2.7646086450179532,2.803186588741055
722999.274101,4366831.74497,3.143410326221987,3.111527702502697
722580.978409,4367486.30174,4.860356463001546,4.794526169905392
723161.471869,4367163.26703,3.1392471355888065,3.142713410841458
723462.280618,4368203.79479,5.279088457212018,5.207616944052132
723486.16522,4367441.01998,2.315386083544825,2.0546929259018096
721845.911393,4367670.53182,6.131300870168717,6.154096464626741
722241.39375,4366360.91675,1.0464070878406917,1.0314273893418577
723617.634886,4367495.10473,3.053041601613286,3.029546408389413
723138.872886,4366431.16842,6.4599607548403215,10.04548328341424
723432.07828,4367363.90544,2.740743442768407,2.8248274041791275
722735.563701,4367663.67754,3.4078486240554566,3.380958385514288
722758.32424,4368226.15774,5.295966662586405,4.9732340220437266
723284.515202,4368026.38958,4.747371512568989,5.22949361579064
722279.908237,4366599.84826,2.6718648839194907,2.6545068223024786
722558.503337,4366523.05422,2.264654134590705,2.2702948833788543
723284.581794,4367949.34083,6.538027071273828,6.5740953725879265
723153.144196,4367864.44452,5.372451801410304,5.82529067919565
722456.802469,4368010.12395,6.925810302958133,6.805896119415505
723478.449288,4367417.89508,2.7334629085413904,2.931320736065045
723152.935315,4368111.00041,3.9950418199109223,4.17981644798502
722837.189959,4366338.3791,4.690927319053444,4.751057216417702
723548.131863,4367356.32853,2.8969989919970405,2.9060571291808395
723602.28702,4367356.38908,2.878455356483482,2.9138807452108186
722797.520136,4367578.98321,4.8791713224116435,4.173686260695734
723029.478142,4367733.32734,3.833067293612791,3.861006208000841
722720.618122,4366993.28426,4.101894801993223,5.1623878286988125
722433.839099,4367686.49296,4.967080565643647,5.0107262259241585
723076.567007,4366924.29735,3.45748336655152,3.458803588685905
721846.228189,4367200.50714,5.1292162874207134,5.123265108071461
722311.096892,4366268.50492,1.3247839856677652,1.2004489782209318
723006.454383,4367509.85156,5.582189048246263,5.480068079094425
723084.527018,4366654.59392,3.3285558370089485,3.340710883278064
721993.210944,4367216.05113,6.5300242351095745,6.613615441561656
722781.425791,4368357.1588,4.443464174710572,4.40358032331939
721877.215823,4367138.89018,5.213930859394763,5.25797384767981
723346.723458,4367656.61579,4.924642681917155,4.967620935207665
722256.49148,4366884.94957,5.171299079435852,5.043582037147392
722434.576339,4366700.17587,3.197643756444683,2.986485769205272
723439.51641,4367702.94883,4.524079995771542,4.560101413053633
723417.42442,4366423.76061,4.873200934255071,5.247051119687875
722990.345764,4368280.33053,4.021569440566136,4.026114579847151
723123.000993,4366908.93441,3.0510149243268088,3.0408172328244913
723185.044959,4366731.76157,5.622271323577713,5.47651916865296
722921.736658,4367039.724,3.1688665163071876,3.1381431631525007
722774.053938,4367902.57324,4.532374060999167,4.537383127793431
721884.523199,4367770.73231,6.845936596643863,6.672627513680986
722697.785233,4366507.77938,3.9598973583554624,4.063774093670355
722953.176687,4366430.97489,0.5133992809539062,0.5601347815710005
722844.430932,4366962.58633,2.851992175548367,2.882404138278659
722287.147249,4367285.67524,6.347814867270673,6.346884726269153
721884.769594,4367408.58914,7.2601828169059095,7.189626744797054
723060.685041,4367417.44387,3.891286560970366,3.881746159229633
723447.429135,4367502.62041,3.129675240329474,3.6207282771121614
723363.52745,4366115.43876,4.76947799135325,4.68450646265309
722812.398459,4368318.66806,4.729299152620339,4.68614271100053
723448.541514,4366231.13129,5.551691940832914,5.574901693026769
723238.713477,4367309.75642,2.896550414602196,2.88818823601335
723284.308405,4368265.2361,3.8749888901489937,3.7839926730899855
722156.054462,4366684.49958,2.2010100045876144,2.217935524105143
722295.727467,4366122.06535,0.02479409450305425,0.024374998418976848
723301.199583,4366616.29316,6.961794212091245,6.977507418113746
722433.606959,4367994.69162,6.891085180476755,6.754552465934874
722387.232864,4367940.71254,6.548838325090179,6.502268137169249
723106.877428,4367687.17829,3.7835294992329342,3.7321543660834204
723392.937752,4367887.81963,2.344205065232358,2.6774398214794912
721962.047509,4367531.94405,7.3551596547525415,7.370416068950863
723508.556281,4368357.93868,3.181165462049659,3.4683114874165204
722217.763123,4366946.56001,3.7166937756898646,3.808090063769566
722495.533997,4367940.81847,6.360820534003137,6.142112285565284
723409.873691,4366207.96926,5.294740576688152,5.306978729036905
723456.111311,4366423.80287,4.945910097838504,4.9622381411197125
722495.451728,4368048.68592,6.806984228523951,6.865186226805951
722983.869265,4366746.96253,2.9478148087659752,2.931444615560035
721853.694315,4367601.19268,6.44598714580475,6.347595912258539
722759.809734,4366346.00749,3.759648331321395,3.795768858047125
723152.889507,4368164.93351,4.597789802411567,4.48249456759773
722936.57006,4367825.69098,4.346195591116878,4.309538501964265
722874.676331,4367833.33181,4.151336032971615,4.198998579944798
722086.275857,4366892.4965,3.3586982374256893,3.306364522948461
722310.587535,4366969.76537,6.185840725687288,6.183980124371019
722674.579411,4366500.04993,4.524241575965226,4.471505560949165
722255.949426,4367632.38559,10.051632240383025,9.762851377008944
723161.199307,4367486.89906,3.1905115297525826,3.2106864819792875
723014.741674,4366839.46708,3.316808956928225,3.281941780834857
722565.641659,4367309.06197,6.931070892406741,6.755668555731524
723246.797566,4366901.36022,4.355361035246149,4.232144289503111
723278.014276,4366585.44321,6.484810249769717,6.5495696793654234
723454.428599,4368334.76469,4.931290937457697,4.926439840693932
723231.779504,4366361.90887,4.18180082434623,4.228423011851196
722821.690774,4366369.18924,5.321074685825695,5.113339893866328
722194.171674,4367478.22241,6.423912983059227,6.415274196490929
723230.720848,4367610.25857,4.441689100868545,4.389872280180567
722272.093294,4366707.72663,4.3661722890625025,4.3850453681246755
722804.87367,4368056.70201,5.099912949866881,5.135311424719979
723394.298787,4366323.55118,5.1504513873033275,5.130090170045941
722325.619733,4367570.8106,8.784173348822433,9.011242552840942
722520.152555,4366076.04007,0.8221507064581108,0.8090241639872197
723137.730841,4367795.08275,4.943909196440068,5.148209782968066
723131.071561,4366508.22391,3.690133838995912,3.6799867436382385
722418.511301,4367493.8476,10.361445334320537,10.388759286527176
721931.160997,4367447.15777,7.296295220764478,7.332857623923549
722557.182663,4368249.06866,6.645591006208331,6.686296313992026
722711.91106,4368226.11052,5.901006390834116,5.370870052884004
723385.968042,4367009.39341,5.097041054281546,5.165753581787173
722666.788704,4366569.39867,4.619896281195828,4.24526178357934
723494.581735,4366670.44733,3.754484689988995,3.7397953799518313
723494.085766,4367232.97905,2.7032818442925897,2.772484513004857
723090.90728,4368280.43695,4.321571923743891,4.3215103609206755
722441.196988,4368187.31719,5.2169320191350455,5.129452378012432
722031.256914,4368125.289,1.2813229530719896,1.239391764827718
722580.395144,4368241.38722,6.419265628917118,6.459194220709798
721776.671197,4367092.56665,2.0506215476060166,1.9578510017050945
722542.19698,4367617.2529,5.121535457499588,5.0849629201846245
723068.651624,4367140.05173,3.8809915943443025,3.8769268945334603
722077.703249,4368079.1041,4.752825613535272,4.583283120311866
723077.214781,4366138.2549,3.8915770206042466,3.9149290226146416
721652.68123,4367408.3833,3.694458417465403,3.7141996226660328
722589.896487,4365937.38595,0.6464188769908333,0.6521971728785042
722659.093075,4366515.44712,4.812657989826442,4.7050997667517915
723510.550187,4366107.89216,5.854695583750948,5.521800280560732
723340.373639,4366046.05287,4.080853598343028,4.4805311050996
723099.540385,4367209.43538,3.4744262040033815,3.4556856834085288
722758.686323,4367771.57258,1.5327396185110025,1.7782806590665183
721738.003455,4367069.41552,2.181572484359718,1.982078652758448
722906.845276,4366315.33059,3.8479126662647527,3.8666902029583903
722666.937222,4366376.74044,3.0854428546662356,3.0905883459263013
723245.803222,4368064.87172,5.285575132558881,5.302199430816902
723625.280653,4367595.28281,2.9790705736601386,3.396190038509779
722944.141781,4368026.02694,4.951041423132168,4.955010462851762
723540.621779,4367102.03364,4.380017018657875,4.495793865937171
722543.475428,4365929.63379,0.7968880278905836,0.7622228613510669
721892.353804,4367632.04813,6.716944819738567,6.767599833437575
723160.788659,4367972.32196,5.312167385291568,5.346577959609904
722914.074582,4366947.24597,2.6065135822271914,2.628154811618339
723284.234893,4368349.98631,4.827438730400932,4.849183541159966
721822.863831,4367431.6496,6.955501048262057,6.872456601485925
723246.849883,4366839.7124,5.128441856635279,5.099266846071284
723076.535185,4366962.82683,3.5723726549810486,3.7219686388250057
722512.132074,4366453.65206,1.9370847238690874,1.969318506745575
722418.999405,4366838.86926,4.07301118822822,4.085289580970065
723253.372905,4368257.49779,4.690766123574509,4.69144582450898
723137.568244,4367987.70694,5.542881588414998,5.537857853216867
721675.683673,4367724.3161,4.705546864148996,5.564214776708315
722642.910429,4367432.42592,4.116514347088778,4.179343523532726
722194.569306,4366923.42073,3.164590604253174,3.8967808715525662
722256.274141,4367185.4737,6.800174777504472,6.718939057108176
721768.648592,4367524.0647,5.937054162615207,5.919360030738083
723462.956132,4367440.99425,3.0793112710307273,2.749219772955153
722690.23265,4366268.87292,2.753413445884229,2.7548892689756874
723284.568451,4367964.75059,5.747616389397493,5.875308120533303
722565.647573,4367301.3565,6.543062217880774,6.566273643199045
723138.106925,4367348.17658,3.265270261149932,3.263439228239683
723415.696723,4368396.35791,5.860601339830049,5.853936925500717
721900.074084,4367655.17051,6.637974423649932,6.555917117981669
722851.368951,4367956.58697,4.7279434178523925,4.742258677050792
723525.781639,4366385.34714,5.669872848636605,5.767709912131419
722426.501022,4367154.81434,6.07166162068047,5.989645550277624
723084.310311,4366916.59953,3.4331501588124165,3.3897244541871183
722619.390755,4367833.0723,2.251302994015562,2.6610828633745265
723309.475033,4365984.36504,6.595730436155858,5.895190748029043
722635.000535,4367655.87107,3.661540684864789,3.64855355849777
722077.861614,4367855.66441,9.7951975481433,15.886642764011153
721977.668912,4367316.20855,6.791622568681699,6.830333656023281
722752.276584,4366083.97572,2.180946361109197,2.2327997608600083
722109.529586,4366830.87076,2.6869520497898547,2.7077840251708207
722333.378665,4367539.99712,11.704583002595605,11.072672956336321
721737.698869,4367531.7425,5.304970911236743,5.39398258843077
722603.691627,4368125.84085,6.4059371865120385,6.39608656003261
723037.666961,4367186.25329,3.868469898763396,3.772119010072072
722000.66413,4367624.44176,6.9265851184583145,7.252869078718539
722898.078026,4367594.49701,4.347550941170079,4.551251214190501
722565.2275,4367848.42826,4.41612942251644,4.196864691506801
722140.672718,4366553.4807,1.0888095778104738,1.1078539866997978
723193.047235,4366415.8129,3.809089177585039,3.8331651842801273
722039.977837,4366715.21678,0.43959594054105045,0.6326490858036742
722905.337291,4368180.08144,4.922932240152599,4.839409289021484
722998.75613,4367463.61134,4.2796826432464234,4.126717962428755
722433.850719,4367671.08269,5.123310531341614,5.094700345119214
722634.784538,4367933.25195,3.8686314789570764,4.063679913576729
722194.138394,4367524.45409,7.924602881617227,8.053328474389184
722744.226694,4366484.70696,3.6870680471781583,3.7165369082518285
722619.084683,4368226.01675,6.041551536302465,6.153630658936079
722372.731134,4366630.76124,3.008973873861706,3.001082219874584
722681.120674,4368033.46164,5.443192764348786,5.478701706963699
723424.13908,4367595.05869,3.218794988512482,3.2419471019735475
723014.324029,4367348.04602,3.6245245860658413,3.6568597647457284
722495.351717,4368179.66582,7.355288918907487,7.156244251391045
722673.336466,4368095.09192,5.856180197959095,5.884312317631877
722534.666617,4367347.55885,6.407324852603976,6.12925674760733
722643.872655,4366184.0546,2.051515432320355,2.099541430663982
723030.669639,4366284.63215,3.7008481446960566,3.6941207033191747
722388.414849,4366345.64325,1.4117447146913764,1.3973144225136085
721822.837971,4367470.17607,6.961309471510198,6.8833252608979905
722040.004512,4366676.68645,1.2749201455399422,1.1958208749162231
722379.548891,4367871.36096,6.041874311975084,5.873576367110642
722705.725489,4366245.76867,2.7156421520371876,2.776333424390612
722526.559836,4367832.98005,5.091522321237792,5.099974867012377
723177.07492,4367009.1683,3.2952510813729923,3.245410868116634
722945.12802,4366816.27686,2.68309239909195,2.6392356542935547
723448.561653,4366208.01141,5.56527852683314,5.579803152798041
723278.053607,4366539.20554,5.706791999319344,5.740633003454911
722805.94841,4366708.24958,5.593258445657762,5.81145829586595
722302.366037,4367632.42992,7.422415486799186,7.37692624421336
723393.918845,4366762.81077,7.406343643534222,7.383296050144967
723199.520297,4367910.72412,5.613880310233876,6.216800563381604
722681.320472,4367779.19934,1.2888004612493968,1.00306564060199
723107.3027,4367178.62093,3.52570675618653,3.499151226400003
722434.650783,4366599.99608,2.6545636846809244,2.6140941543311436
722580.484692,4368125.81761,7.4969316555486385,7.202369989906389
722674.400742,4366731.23555,2.235260581428733,2.292225896075369
722148.192199,4366861.73031,3.367250446248462,3.435710905574209
723038.576839,4366076.56091,3.8599180746553716,3.8450648261231035
722371.738269,4367971.51685,6.592890471894511,6.686142160331843
723633.225924,4367364.12942,3.008205790869593,2.858282299361634
723014.8426,4366716.17025,3.02304462337086,2.8966313743582464
722550.432994,4366962.29168,2.23790049402171,2.279381022410206
722774.452301,4367401.73686,3.8057975582108785,3.7589523615697136
723510.266207,4366431.5688,4.526145529247449,4.595160861113747
722906.876107,4366276.79799,3.6275257458061243,3.6143290085710595
722511.853764,4366823.54745,2.546361507981375,2.702577649339634
723286.013504,4366277.19507,4.714227952411968,5.064372419093533
722202.515099,4366630.60009,2.8587693105291128,2.5818544453086867
722187.226775,4366368.57254,0.6654400877732801,0.6479941220345533
723493.071535,4368373.33041,3.5613032575695507,3.605849529301755
722108.58528,4368163.88434,2.773603083442242,2.7609077676349285
722968.738624,4366323.1007,3.7379611916112134,3.664549396363213
722062.86095,4367185.29283,6.913191659261017,6.810602282977389
722503.0755,4368195.08276,7.253728072883037,6.770636990936761
723030.025522,4367070.65959,3.9501186789196914,4.009025283030017
722735.806965,4367355.46502,3.7426727931160495,3.7931797751206493
722573.925039,4366592.42547,2.37587382140728,2.4011065572413433
722263.330332,4368117.803,5.711439353461453,5.748011792674177
721582.91657,4367624.06921,2.141296697510594,1.8968356815235552
723277.243878,4367487.02372,3.589573636028055,3.572173528166913
722805.795868,4366900.89983,2.068732763744103,2.088305851293361
722704.661744,4367609.70992,3.4540301669836757,3.469052552853756
723247.052424,4366600.82251,6.238412380560908,6.23628354073455
722534.842505,4367116.39172,4.042739908371279,4.001037571156608
723324.404482,4366624.02443,7.367197379181893,7.397328826000386
723571.057965,4367672.27442,4.166794256215331,4.096098390308909
723478.823116,4366994.08357,7.226490268805115,7.19754770519945
723122.304254,4367741.13069,4.4070609265033776,4.199205784614447
722163.463167,4367146.85818,6.4551525899340225,6.521367740890914
722557.663323,4367624.9734,5.043275244833662,4.991184765004821
722572.719276,4368164.33327,7.403245150962988,7.248851545705087
722217.084693,4367886.61495,7.083879589860855,7.239148878978451
722163.933172,4366484.14602,1.0297546138440257,1.0670969430540227
722380.445541,4366661.59318,2.7165102608634846,2.611930312002962
723361.717772,4368203.68363,4.140879870866616,3.8231266123359786
723355.366422,4366608.64541,7.644705975825297,7.47606599339029
723308.686061,4366909.13281,5.87844787222229,5.713778981575352
723207.236444,4367933.84727,5.421667204832287,5.786044441330328
721667.942691,4367732.01429,5.107303320154126,4.97486808696664
721683.736876,4367238.89105,2.065505391732665,1.0908148857195992
722333.837248,4366915.84664,5.546173207789159,5.458382631359707
721722.317836,4367393.03359,4.527145787589296,4.635253552212247
722340.652037,4368164.10538,6.157279887594902,6.105087131350596
722078.609023,4366792.31242,2.037657814780964,2.1158116815188484
722504.54489,4366253.2773,0.0,0.006703691660449016
722859.142151,4367910.36548,4.014308334433839,3.9883909410005214
723054.033387,4366099.69714,3.999237134225468,3.9937358533815046
723525.917248,4366231.21619,6.401903067676431,6.414424246970164
723416.726776,4367225.18816,6.24689995730621,4.787307321898828
723262.415528,4366731.84412,5.18391772313297,5.202929089449759
722899.015323,4366430.91932,1.3562816399590194,1.6637102256335308
722186.672938,4367146.87997,6.853713989966453,6.779949933930561
722410.648322,4367663.35503,5.2171582314062,5.229791252662832
723317.284852,4365899.59752,0.0,0.41502719934932286
722765.930287,4368387.96081,0.3426598947566759,1.1791267143055837
723539.8166,4368003.55678,3.868889622552221,3.8678383972007166
723502.501731,4366462.38595,4.877299300453408,4.809829380036133
722681.838443,4367116.53756,6.629099823869289,6.900767565811406
723487.101294,4366377.59809,5.584157633605963,5.5469822698266755
722511.334507,4367509.34899,6.225890684980003,6.408646732474219
723347.801273,4366408.27215,5.753877237187945,5.828655499014126
722504.717502,4366022.07794,0.5257046706683901,0.5122286690226238
722224.51733,4368302.67619,3.2842140000002296,3.924766090207521
723617.648827,4367479.69392,2.962653641267242,2.9541561808153904
722588.429286,4367856.15634,3.71385381142852,4.458919615312529
722526.370906,4368079.53554,6.748312921338814,6.723139268841425
722511.62095,4367131.78026,4.6582034826852485,4.762440576071667
723408.240058,4368080.459,3.3256516253848782,3.2453180633782663
721954.374987,4367439.47356,7.222553098085714,7.206380841194097
723416.821023,4367117.30848,8.176520253299282,7.312526516750572
721660.547528,4367208.0487,0.0,0.18853993434509853
723061.188747,4366808.6916,3.755904672119667,3.404186839461442
722495.492916,4367994.75235,6.492620728560537,6.439666479487728
722968.175894,4367016.65458,3.367669785322542,3.3651657785999
722775.042648,4366654.27534,2.521463346636501,2.786573728437154
723168.629085,4367849.05108,5.240523112127453,5.322647535899897
722781.869705,4367802.41641,2.1299660787859764,1.9902100704013335
723347.52983,4366724.22981,6.556584171803526,6.580611362813855
721869.370029,4367300.69952,6.454700934821206,6.381439303164427
722070.174764,4367786.31258,10.864343681990784,10.366769366308638
721884.863711,4367269.89154,6.373309913545307,6.352688488313449
722914.607376,4366284.51243,3.663347690030809,3.682178342750701
721977.76457,4367177.5092,7.057448917321851,7.091989899936803
723425.034674,4366570.18983,3.9750651219652973,4.065897915662274
723517.697922,4366778.35892,4.08020804699779,4.077826381103503
723208.308102,4366670.13712,5.340341200348608,5.3305483095500925
723006.416258,4367556.08339,5.911042829150286,5.805767459910756
723200.525587,4366724.0719,5.573540276022029,5.572151942065282
722364.260464,4367624.78426,6.29259714436813,6.460677707703725
722797.673663,4367386.34965,3.6015467283799363,3.6376226558944933
722310.333989,4367316.51934,6.053008341464056,6.011862580691544
723307.461397,4368326.89802,4.755794457236814,4.762685393917407
722611.905565,4367509.44851,4.1926120781625835,4.195564987748742
722101.559834,4367162.21183,6.158893381243249,6.213058314544097
723246.574721,4367163.35804,2.5103650956189876,2.533977087855301
722325.318008,4367979.17684,7.183342971085405,6.7798159854888205
722264.010647,4367185.48105,6.732112583348398,6.718243793692785
723208.424827,4366531.42478,6.4199758123398265,6.374954835310771
723363.46799,4366184.79898,5.413050363932045,5.392219463828779
723432.82548,4366508.54778,3.226914585602407,3.584466625475828
723029.49095,4367717.91708,3.34278797435441,3.4499082874047273
723385.356993,4367710.59439,5.060476610595416,5.111659540642137
722410.555916,4367786.63628,5.540106256231125,5.630650240720487
722210.064968,4366892.61177,4.238116138421575,4.057523909018542
722055.145973,4367154.46332,6.657047041940426,6.626872180062744
722210.164162,4366753.90463,3.3053198357278983,3.2741529553288635
722527.175994,4367023.91529,3.460613790446748,3.521973331935915
722341.867099,4366515.13856,2.435429010723336,2.4428540797801044
723075.52688,4368172.55564,4.0835319824106895,4.100832926198666
723493.291796,4368126.78209,3.7919205125767714,3.833284170395895
722488.055803,4367601.78912,5.147773003235667,5.144251429085302
722442.85566,4365968.07074,0.0,0.019091110230716662
722635.096355,4367532.58751,3.732507090644934,3.6752030996804876
722473.082611,4366939.09846,3.8011178880300305,3.568083514125748
722573.283552,4367432.35665,4.787873126974519,6.85109401998207
723463.112308,4367263.76738,2.7549334538490857,2.401158002788062
722612.92246,4366184.02409,1.860234875465162,2.08803005025312
722728.872091,4366330.56352,3.31487268760726,3.312575967113803
723215.980174,4366747.20666,5.4534230988973755,5.416442892253079
721737.947729,4367154.17749,2.280138326079834,2.179180537348535
722442.730469,4366137.61867,1.6220562444657192,1.6451723488188403
723362.924142,4366816.71959,6.0868297690050515,6.0242604935332285
722773.900089,4368095.19414,4.993802082531279,4.884982203602292
722039.683535,4367139.03786,6.497428893466833,6.602573611270067
722395.691852,4366969.84692,5.20457190374782,5.217463907277749
723145.713764,4367502.29327,3.2263046203712547,3.3378551768740072
722518.806239,4367856.08728,5.276377757105619,5.334238138310299
722465.48994,4366746.4422,3.7911456970765887,3.5499466517484914
723508.976582,4367887.94809,4.1023791578595254,4.132116674474074
722395.411598,4367347.42298,4.047161434956979,4.410119100199717
722827.838215,4368357.20657,4.716938652518368,4.6758113000098795
723400.585649,4367987.99229,3.958025336397226,3.8654802841203164
722758.729199,4367717.63705,1.4699540756442186,1.4888148324613573
723207.845941,4367217.25614,2.856539311498917,2.871771549068467
722588.268143,4368064.18753,5.941120597489553,6.138760176722045
722967.387106,4367979.82212,4.999901350128049,5.033792991957505
723532.260128,4367803.21865,5.2980645121010514,5.14845921816021
722186.063475,4367994.45356,6.569298994187358,6.767140386312291
722527.240146,4366939.15139,2.665487852275484,2.620133082497578
722425.784058,4368110.25543,8.712916483408408,8.319386207405538
721645.014824,4367300.5011,1.9969334505369984,2.0972253253562214
722333.082376,4367940.6601,6.282108666224392,6.159723066299516
722441.27864,4368079.4517,8.62281244254555,8.29445499060018
721660.4876,4367300.51461,2.3625292209828315,2.3253176811294023
723448.742227,4365999.92931,5.297741736428432,4.805321102968032
723092.639296,4366199.92426,3.3659270275192537,3.374887175548747
722883.534553,4366438.60982,2.1236019350859894,2.238570789353857
723153.267972,4367718.04829,4.54993013375753,4.711220338697096
722921.361789,4367502.0576,3.340561245399565,3.368874590724567
722952.570731,4367178.45892,3.1099601484117163,3.14786032477668
722619.366809,4367863.89222,2.7785147366154486,3.441992350607505
723323.314561,4367887.74328,6.782844147587772,6.74160760644588
722504.203878,4366707.9495,2.558918597318994,2.697557602786503
722140.602182,4366653.66082,2.0467876727961527,1.8730519018418972
722039.468562,4367447.25687,7.555570646695038,7.541832496934289
723176.606727,4367563.96883,3.5769549923309394,3.6036360118360466
722914.037321,4366993.48109,2.9105726900532454,2.9840095084949128
722596.936262,4366854.45498,1.7231456225678856,1.7536826383654982
723401.782915,4366616.40209,4.809624514047426,4.339502286825979
722782.834298,4366584.9274,3.0195366019515864,2.9905678812055685
722589.340604,4366669.50241,2.943264402740078,2.7159499984693483
722551.004631,4366207.08321,1.4830920842496016,1.2239892735743394
721753.196661,4367493.22993,5.720023493608213,5.73620162201631
723417.777738,4366015.30934,3.9208799734433333,3.629948490002213
721845.947807,4367616.59604,6.257807774524025,6.317777904855199
722773.708917,4368334.03738,5.036692006085339,4.953252567292637
722649.936061,4368341.61607,5.323882334048304,5.08756711162862
722634.573814,4368202.9185,6.2891439448002835,6.207238557599533
723083.255974,4368180.26852,4.099216417925562,4.115268097136484
722473.232682,4366738.74363,3.567370209127587,3.500711475912096
723416.767202,4367178.95421,5.942411315465283,7.0266933385364005
721559.639457,4367731.92009,4.675920750922544,4.60437117548573
723060.883119,4367178.57199,3.7721053948248295,3.814441491493029
723417.07632,4366824.48467,4.488354614948319,5.529594724440883
722828.760748,4367209.15407,3.6626378913228455,3.655649478505065
723060.870324,4367193.98332,3.7376707319773335,3.730080470832508
723354.867546,4367186.59224,2.7931017733148895,2.997399302514798
721954.348547,4367478.00011,7.2452728121764745,7.25896026268901
722179.073759,4366954.22959,4.023150618175743,4.0775252221677984
723022.522826,4366785.53308,2.1873266628285504,2.363020150085297
722688.965544,4367894.78192,2.284966111438223,2.3693557244834773
723246.941393,4366731.82758,5.270375052910311,5.245063442474123
723385.653012,4367371.56003,3.108340114612673,3.1298203851244533
722983.661959,4367001.25902,3.434441261502889,3.4365098519221835
722511.135004,4367771.32466,5.18640259568296,5.178303321534251
722109.729543,4366545.7459,1.2860669667942486,1.2058440201837453
723378.784059,4366369.77342,5.299613758386672,5.309143175751917
722627.723636,4367062.54349,9.187705263384338,9.064034764678928
723415.928215,4368134.40092,3.6819690379232326,3.6336751413497006
722597.148264,4366577.03592,2.5199498788223424,2.501724586682807
722542.261756,4367532.49532,5.143383792688701,5.280914418812465
721637.118875,4367547.06463,3.2548460303689235,3.361351842785947
721760.89706,4367547.17347,5.72047553343578,5.7084917617872675
723301.28504,4366516.11151,5.719281378861513,5.719259519369597
723176.175136,4368072.50142,4.250734397403946,4.264778529269205
722550.608539,4366731.11314,5.370547848128078,5.360979745386697
723091.263308,4367856.67358,5.392589694834865,5.356017772294056
722456.562634,4368326.0144,6.404549520420102,6.508623317352262
722697.653651,4366677.31603,2.3262327311178916,2.5111200429107843
722580.871674,4367624.99639,4.875750438882535,4.839383720109977
722294.849937,4367331.91549,6.020219873018387,5.937824254587741
723394.425048,4366177.12584,5.243621219983942,5.266844685719688
722767.29943,4366661.97372,2.5699879947304924,2.7005159626264765
722473.50311,4366376.55083,1.4963559907558945,1.5545617094218782
722943.856715,4368372.73607,3.225262235764628,3.2583524148269465
722519.520824,4366916.02619,2.789164602595491,2.801729901745811
723409.847069,4366238.79572,5.363222109918304,5.25401282156841
722433.373886,4368302.87814,8.743123515902623,8.71557315186749
722999.337026,4366754.68467,3.0158737328466994,2.9951197891578265
722124.594792,4367408.80906,7.572158007720799,7.505578469574825
721938.648173,4367809.30646,7.389109961733735,7.389290089794801
723261.248068,4368095.70764,4.682601322501826,4.722840005152471
723060.190906,4368010.73923,5.198117544439696,5.172802303065753
722209.399126,4367817.26317,9.226883843775406,9.073800414595706
722913.688024,4367424.99585,3.68364716364905,3.7091583410130182
723177.759084,4366192.30718,4.817305343968552,5.023790460090832
723393.912224,4366770.51691,7.4086996366440125,7.435235962624495
723300.020066,4367987.88213,6.675313298121498,6.4370415757711665
722595.92009,4368172.06112,6.808597722172297,6.703924614635792
722240.112224,4368133.19014,5.797541591527439,5.77880638576684
722797.329359,4367817.84232,3.7411562475839157,3.553705285538944
722775.320808,4366299.78413,3.699750938238003,3.699237420224457
723052.377927,4368103.18855,4.433427351679656,4.458726331930697
723525.312231,4366917.07578,3.930465141361433,3.9213970112121
723208.470214,4366477.48049,6.250514352352989,5.679012632292243
722619.324906,4367917.82668,3.543424409138571,3.6068808291223755
723316.363374,4366978.49434,3.959735778161782,3.8120973664484645
723115.826558,4366230.77504,3.6227171961850786,3.5287145137847116
723355.598238,4366338.9223,5.632662853605238,5.646478586480701
722750.711483,4368072.05616,4.879300201851841,4.8883835697828655
722928.550392,4368172.40095,4.793423791342264,4.84764594018973
722959.657692,4367972.10917,4.989058164987709,5.011206281449027
723416.861407,4367071.07381,7.673783485822721,5.936404449810539
723261.777786,4367479.30162,3.4790089260680173,3.466166074078866
722465.754282,4366391.95615,1.7734226463338396,1.7740567720358027
722751.255374,4367386.30247,4.082370143875162,4.148527974258383
722705.838678,4366099.34279,1.9791707859595722,1.9719489905571765
723354.392493,4367733.67593,6.214014540744331,6.270599227468845
722442.713413,4366160.73855,1.7226002894142074,1.8512841476571582
722781.685104,4368033.56383,4.902923610882983,4.880400553737677
723501.767751,4367294.6325,2.175498800293611,2.443270427697034
722875.938429,4366261.3533,3.50014746254917,3.497390009598452
722279.044909,4367786.50941,6.403032590173223,6.395655491775303
722736.314942,4366708.1793,2.4208579396858863,3.3728730041845227
722216.961545,4368056.12103,5.3778735863378495,5.552365350142385
722951.738108,4368195.53922,4.837217409836702,4.791366729285101
723206.900285,4368326.78876,4.430038784189283,4.420215212389704
723401.495246,4366947.76329,7.425867916937539,6.760880302950059
723401.206586,4367279.11049,3.016790315731101,3.163908058353166
723277.692486,4366963.0408,3.3281364979348687,3.2454035208343903
721807.586797,4367138.82795,2.0503439759161552,2.321843444974481
722132.533281,4367123.71241,5.774531417802799,5.819559503590958
722921.96687,4366754.60465,2.5456836405974013,2.3764516148677237
722418.655284,4367301.21261,5.789409106493496,5.806586930790456
723192.039941,4367610.21702,4.136264832763246,4.117338766169548
722001.075215,4367031.12282,5.289867394989637,5.341179308349507
722967.60883,4367710.14716,3.481720010889162,3.5385336517468478
723353.847229,4368357.76703,5.783987321565951,5.658584849381095
723355.49897,4366454.51901,4.993737450453805,5.316151524295565
722372.498603,4366946.70707,5.293481790036416,5.324697459959663
722504.337012,4366530.70751,2.1378209921300595,2.1363415634198524
723099.03153,4367818.15672,4.897501825955439,4.977615850876498
723355.618046,4366315.80276,5.695657969830374,5.6743579331762
722357.420385,4366407.26484,1.7950416915338236,1.7875809165243337
723369.837676,4367764.51335,5.856373709476768,5.784033151864298
722775.11529,4366561.80095,3.3720589958695073,3.3172689288044332
723323.026394,4368219.05048,3.0283211784814625,3.1715605217171365
723175.978157,4368303.64176,4.373917366346356,4.403270139745163
722016.361598,4367300.83302,7.108374377793642,7.122491984020114
722836.620373,4367055.0482,2.9394110998354943,2.9962572521669992
723014.70378,4366885.70295,3.174691674646819,3.165764795594503
722990.772527,4367764.10717,3.934273047925886,3.938855316027131
722372.515693,4366923.58952,5.198440320112312,5.20539662829212
722773.998606,4367971.91734,5.142770557382202,5.094208847408349
722643.665989,4366453.7813,2.352134420879956,2.5817458041724617
722442.382142,4366607.70972,2.537460747597945,2.4633685929761837
722109.475428,4366907.92969,3.7450287862258396,3.817942866580316
722263.988295,4367216.30334,6.651915716646765,6.6614904033963205
723409.412994,4366739.70938,4.324476520082709,4.301305695635223
722458.205672,4366137.6336,1.1827314316425177,1.231324252728511
722488.16085,4367463.09426,9.095599936408298,9.770819899695487
722789.673328,4367717.66857,0.4905569871269269,1.0018928654437353
722449.386673,4367586.3409,5.352507804218163,5.417724363417525
722418.827624,4367070.04434,5.773531159460951,5.780711282369608
722464.608334,4367917.67343,6.457153106617713,6.3616094115967385
722310.739097,4366761.70564,4.553286385209165,4.332476469347493
722449.35765,4367624.8669,5.094782009287965,5.147218477707842
722766.022749,4368272.39316,4.494550830661301,4.462909904751186
723377.775598,4367533.36525,2.7626691056216406,2.7176134250141013
722829.092204,4366793.03984,3.2843751954791647,3.1094358464591054
722488.382084,4367170.28584,5.288027689070136,5.374969034625935
723501.082553,4368065.15235,3.6464048525789474,3.661732954523265
723309.488072,4365968.9513,6.469255463124541,6.202069503330654
722635.507849,4367000.90499,8.55875205118635,8.548657901041585
723462.560988,4367887.89653,4.532309428921695,4.565460824563955
722473.829501,4365937.27325,0.21351973818244657,0.21432278129763957
723216.27874,4366392.71824,3.9791315568396435,3.995646808472123
722558.034687,4367139.53155,4.039125513324496,4.1933176811715205
722550.626036,4366707.99492,5.39284783843001,5.442412357404436
722735.39906,4367871.71412,3.8925130315833645,3.858052191205624
721977.541176,4367501.13717,7.162333698759197,7.2083571470093615
722480.830986,4366923.69426,3.4880774220810795,3.4806197597985964
722270.9696,4368248.78889,5.364061172781216,5.248762531703041
722170.603148,4367979.02928,7.049735386647239,7.112588189193226
723338.362888,4368373.15905,5.582899231668975,5.3111959682448715
722983.737452,4366908.78855,3.113719773275437,3.0251122481561246
723237.809001,4368365.34487,5.155421517118056,5.0743838555677305
722697.124963,4367355.42601,5.083873807355403,5.054268513352197
722930.261574,4366061.03573,3.2515220949560244,3.3509496084552857
722388.629351,4366052.79326,0.0,0.120999020930146
722558.21671,4366900.65236,2.178045227203101,2.1716737369903094
722766.391699,4367810.10568,1.9654809040498171,2.7442598223079124
722527.624105,4366430.54815,2.22836072244374,2.15898952866718
723323.681666,4367463.95785,3.4031370225506206,3.3631628841867327
722597.46485,4366160.889,1.6503654791136568,1.6543145498296108
723462.792845,4367625.92242,3.7771397720022817,3.798426979958491
723262.800983,4366277.17018,3.906744784214081,4.666986676550328
723076.618064,4366862.64981,3.514927818408912,3.5169534769707393
723036.945166,4368056.94362,4.8462212737722945,4.854447825408994
723533.11053,4366847.73054,4.085597515886599,4.149703993764189
722000.733747,4367524.27417,7.409667578947124,7.399003680881436
722650.111415,4368118.1827,5.986560025671077,5.948440481879747
723076.777173,4366669.99815,3.283858908288875,3.2679247355807854
722193.592455,4368279.53317,3.036666795485169,3.4849131109721023
723494.622313,4366624.21006,3.7892740598330974,3.8155670906688464
722891.419534,4366253.66251,3.5216083899881934,3.5241188445299887
722194.81637,4366576.64972,1.3206983150560783,1.358419105955614
722047.26952,4367354.7996,7.716834604855715,7.5444778263108825
722897.877844,4367841.06084,4.253961769415383,4.245248019639847
722357.47665,4366330.20082,1.2203155617652102,1.2515015571011714
722574.088791,4366376.64884,2.247030159679523,2.266469839696018
723021.582436,4367925.94469,4.978602002882712,4.960411714783862
723176.548018,4367633.31611,4.190578860725409,4.2078725280186555
723262.572539,4366546.89519,5.826425205292443,5.831658315336111
723539.913321,4367895.68769,3.904679635452919,4.008117825579408
723044.815711,4367895.14941,5.00070848166697,4.963719349832921
723500.827691,4368350.2255,3.7615846006423572,3.9681749281688914
722232.427261,4368063.84049,5.410403911188371,5.4959261817708915
723456.27241,4366238.84635,5.5756377408219295,5.581006578228289
722829.348889,4366469.3802,4.445561639510472,4.124374548721771
722062.552794,4367624.49883,7.6706526772127495,7.676992737769583
721637.043888,4367662.6418,5.167491172871398,3.7186516555923057
723539.775169,4368049.786,3.636723121259383,3.614607805962114
722821.005817,4367232.26303,4.170860691089677,3.9941233215318044
722225.880508,4366414.84691,1.1811662196949038,1.185004997501861
722078.544395,4366884.7835,3.141661028267998,3.127972740616147
722643.440814,4366746.61691,2.820100861892386,3.4025711156217233
723423.623065,4368180.63781,4.353585961404122,4.323528374431051
722581.090902,4367339.89921,6.6464943164339685,6.7469916472019555
723123.359804,4366477.39042,3.719921147701299,3.7291864964796244
722039.774706,4367008.04102,4.807139641497436,5.002704254048407
723261.101819,4368265.21087,4.661688613577083,4.551575416000696
722974.87483,4368280.31424,4.01595414412092,4.018382138903894
721861.362491,4367701.36606,6.210012737947459,6.237079569405868
723022.944694,4366269.21107,3.821223465415858,3.716400204483109
722216.832505,4368233.32806,4.421809351039129,4.490964188166921
722643.238674,4367008.61848,8.603836002941769,8.578929791440814
723098.590804,4368342.0816,4.332092717926361,4.327409900009457
723384.748318,4368404.02816,6.663727998234456,6.4001551200712115
721815.075941,4367508.69549,6.567072265232513,6.494356194480492
722619.701413,4367432.40279,4.478318176632148,4.559147045025654
722433.711532,4367856.0037,6.123813551765263,6.026879106009501
723068.472642,4367355.80838,3.494047810237652,3.5214734762971753
722310.051082,4367701.78347,6.037227342547722,5.744046431212252
722078.29612,4367239.24602,7.27215590925779,7.207950480439022
722790.662445,4366469.34104,4.712678706126348,4.696449608015614
722340.629106,4368194.92385,6.036355963646075,6.054957761873923
723152.876395,4368180.34283,4.463956775131741,4.472467962590493
722434.128169,4367301.22758,5.67077615886224,5.9253332461633335
722435.078156,4366022.0108,0.025040299918711834,0.07461824652736243
723330.835865,4368134.3073,3.4981788771894693,3.6574038218006093
723456.352804,4366146.36649,5.5480452297473954,5.448979292711279
723293.449261,4366631.69728,7.026434753288719,7.017869010970584
723524.558563,4367764.68449,4.185383288069022,4.134675086017355
722913.443875,4367725.50105,4.773737937745267,4.939598309968422
722109.804984,4366437.85814,0.0,0.006655671879077724
722860.628349,4366053.25802,3.272466735204758,2.6910368490226397
722186.435464,4367478.21511,6.500623564724788,6.343992264602869
723432.125629,4367309.96677,1.944565309764472,1.9298153755118692
722403.182404,4367301.19759,5.818712059332579,5.819988445914536
723137.261483,4368349.82744,3.718888188605971,3.7948864439876946
723485.535564,4368149.88768,3.753871454682496,3.8557877205799795
722688.880635,4368002.65019,5.19169511645556,5.216411774384162
722063.220957,4366669.00163,1.320272339652613,1.3333336971388008
723185.316363,4366408.09828,3.9381455865678103,3.9806375150219457
721923.614155,4367169.75442,6.763609949103592,6.887537992018519
723501.000006,4368157.60968,2.920841688433895,3.5291642426307948
723369.35198,4368319.26137,4.8128195700201255,4.861514996837391
723309.206293,4366300.3396,5.108852566439744,5.375616107902711
722357.059029,4366900.45703,5.089521419839357,5.026770607481051
721931.09227,4367547.32628,7.334957513965252,7.317056684472464
722612.540058,4366684.93756,3.0692486721117707,3.1889651484376915
722898.283906,4367340.21997,4.9038273058233655,4.95299129442772
722264.583683,4366391.76415,1.256812295655894,1.2717429620678822
723021.665564,4367825.78004,4.442979818844272,4.426811871911983
722557.704657,4367571.03687,4.942811989982014,4.930419523162312
722473.7495,4366045.16826,0.49949641134241674,0.5552262270105923
723145.153914,4368164.92521,4.41290243521975,4.540365586549849
723487.161979,4366308.23951,4.589528053222678,4.620238145644763
722047.826916,4366553.39523,0.9103216518966666,0.9287714333623717
722008.748012,4367123.5982,6.861298256486117,6.827409568496465
721876.975833,4367493.34056,7.1862467979947295,7.218003345305463
722210.466195,4366330.06215,0.6977381410953827,0.6482076899582575
722605.085218,4366315.02766,2.425389109974443,2.4497560983613202
723494.635887,4366608.79755,4.036801836253441,4.069647445611018
722279.073144,4367747.98426,5.9638403115803165,6.004398052789694
722511.187939,4367701.97903,5.252496204479331,5.217211422836518
723022.352171,4366993.59344,3.5737603210729856,3.5906293933192694
723454.770542,4367949.52762,4.290719724619186,4.2957160265781305
722867.071171,4367671.51705,4.40641537515814,4.5644238352570605
723385.505094,4367541.07904,2.678771090697806,2.773500544651321
722922.283068,4366361.58532,2.374150491698705,2.772323715898058
723424.328406,4367379.30793,3.076874680181469,3.103565048831992
722783.209159,4366107.12687,2.5257232930285185,2.5334164011207987
722310.621275,4366923.53037,5.820003162023055,5.805289865790836
722960.26966,4367224.70073,3.320262156496069,3.2779822351057724
723014.1652,4367540.6809,5.833041144794254,5.756931376765463
722727.443275,4368149.0798,5.68555689943673,5.7028523718115505
723478.911208,4366893.90659,4.128196979806775,4.127216112627044
723277.974925,4366631.68061,6.817375373836731,6.8665065947472135
723439.638565,4367564.25457,2.86474623883638,2.93241699189296
723292.003844,4368311.47204,4.364139071625331,4.368278635387056
723293.593689,4366462.15873,5.994498999187347,5.958741282320217
722264.127962,4367023.66179,5.9217894508891655,6.116962825470024
723029.324678,4367918.24788,4.9737934532616634,4.889166707047746
722504.711739,4366029.78467,0.5415309216568226,0.5366589492850666
722789.574926,4367840.94939,3.669640853859997,3.6290179796745576
723378.916657,4366215.64229,5.6094914844016595,5.582005016099945
723246.895691,4366785.77014,5.270891340100601,5.25647282307944
722465.160785,4367185.6744,5.79237795019504,5.716244626851721
723299.792908,4368249.84375,3.3565680718723083,3.408269985959673
723385.363748,4367702.88925,5.006937013418687,5.048180810280723
722264.116849,4367039.07324,5.698272106535309,6.091358694098342
722379.778542,4367563.1576,6.5626834394002955,6.666325040524318
722619.024493,4368303.06239,5.892518814088818,5.840563880806738
722735.307401,4367987.28757,5.287801861513726,5.184475758774118
722394.847319,4368102.5205,5.97923390274656,6.488302004680072
722797.427858,4367694.56112,3.134496677894538,2.533753611266662
722665.99912,4367586.55533,3.683195123821486,3.6517887180974595
723425.001172,4366608.72117,4.035123710527624,4.088952323888479
723494.811684,4366408.43243,4.84812522705452,4.8199133667867295
723007.632373,4366068.82207,3.6963946867863684,3.693739460238197
723555.709849,4367533.56211,3.032858504205968,3.0487013733326176
722596.759157,4367085.62998,2.7822131918344186,3.218517619952
722837.342292,4366145.71497,2.9359225065109373,2.9812364695956375
722356.741094,4367331.97474,5.194018793526611,5.28363023485559
722804.706429,4368264.72829,4.723038304829886,4.698443121736763
722240.650562,4367393.50737,5.292545779057297,5.38143091510737
723332.708105,4365961.26934,3.3119357752297063,2.5184603519511426
721970.027998,4367177.50213,7.032276262005088,6.96515947433172
723161.290267,4367379.02315,3.1273677212777855,3.163867282052429
722619.85624,4367232.06031,5.78237344320286,5.7724605067841495
723439.563978,4367649.01249,4.171215782801031,4.179817858349291
722511.719986,4367000.78283,3.4662290868919663,3.4925791993935347
722943.901094,4368318.80459,4.097409028044797,4.09271939990745
723563.29413,4367703.08656,4.235953656829459,4.029940189830104
722604.785299,4366708.0482,4.7410137166623265,5.091026967146306
722542.993934,4366569.27649,2.28140653824287,2.2895667962191113
722093.958593,4366969.56205,4.426843728216584,4.510324243772263
722302.822731,4367008.28697,6.270426418221141,6.259671794415517
723060.326013,4367848.93586,4.994963921066807,4.96191669656012
723570.974839,4367764.73645,4.028411207624353,3.889944385858395
723563.425417,4367556.68677,3.125270064120515,3.106796956822626
721845.932215,4367639.71143,6.2402840178044,6.325465999729611
723425.435573,4366107.79914,5.658641871031423,5.618193701583262
722883.189207,4366870.15501,2.0575406423283535,2.095824865575376
722418.465186,4367555.48981,6.314122703884624,6.398514742556316
722055.258816,4366992.64373,4.712840286320032,4.818792882778213
722077.926972,4367763.20478,10.460520923080253,10.341112151996144
722983.586467,4367093.7284,3.5955117081458923,3.5351860867694924
723045.193183,4367440.54387,4.328349058724633,4.2374760150167035
723207.917667,4367132.49372,3.1422032837037017,3.089956327114646
722502.986955,4368310.65119,7.230815231989351,6.103435446420158
722550.392009,4367016.23239,3.1323828627178956,3.112334689773601
722620.229827,4366746.59392,4.8259545009075335,4.568930579946224
721838.263726,4367539.53722,6.448601282509689,6.4683158096662
723137.659291,4367879.83795,5.710309830964661,5.8464334498473205
722605.190729,4366176.30988,1.7729869568830177,1.7714266071527303
723524.041011,4368342.54695,3.9519583848391924,3.340080879794615
723286.131118,4366138.47569,5.525809486808189,5.919637674369579
723084.768564,4366361.75362,3.945600588932529,3.831613651250051
723169.448148,4366878.15978,2.3615255002082645,2.428034073102619
723300.419585,4367525.57561,3.759099343377621,3.7405569801157355
722612.998654,4366083.83754,1.3308801755465631,1.3321850028394504
722883.460646,4366531.08583,1.6291528850437307,1.688852653047014
722921.098229,4367825.67486,4.280134298359242,4.246441972623562
722743.610183,4367270.71229,4.936518826152826,4.769903884427763
722418.689806,4367254.97952,6.061108510459262,6.082744365385408
722952.614661,4367124.5192,3.289022549621275,3.3423175428536647
722070.726861,4367000.36375,5.672486600626795,5.362019054583679
722704.794918,4367440.19343,3.4124636621588276,3.4921181303108755
722225.538637,4366892.62627,4.482287663390284,4.344114992980909
722944.90935,4367085.98254,3.2703692704048577,3.3077293861317396
722442.490854,4366461.29095,1.9339090959911045,1.92420423138909
722348.58827,4367894.44577,4.328252110608426,4.590436156994049
722341.46669,4367062.26411,6.112615274913566,6.134542395066284
722580.514538,4368087.2941,6.254516155149864,6.169048057789737
722960.982497,4366346.21215,2.9144583089965668,2.8071864044862544
723532.487318,4367548.94692,1.8276043324230837,2.2302016154006017
722256.730153,4366553.58915,1.3592797219813249,1.4692385312215055
722009.167628,4366514.82881,0.6128654513603726,0.6096630768748846
722998.616585,4367633.12777,2.646240765847284,3.201005214240989
722109.247421,4367231.56918,7.241851928647366,7.205439857392165
722976.06958,4366824.01493,2.848232550684646,2.850974885499966
723440.219895,4366901.57006,4.252799930879856,4.411328984221117
722542.285303,4367501.67411,5.599809753082098,5.73731779721968
722605.301935,4366029.88276,0.7978981926371599,0.9024350449101739
723084.863709,4366246.15583,4.252832246918591,3.9989193048303617
721722.145204,4367655.01136,4.335255457860324,4.344898096775604
722070.180142,4367778.60761,10.697625238149081,9.854040299608236
722256.207147,4367277.94029,6.711070994983454,6.604048063622863
722047.317979,4367285.45049,7.19857536677271,7.211816343510652
723331.604463,4367248.21209,2.698831464100873,2.868836545260761
723052.371549,4368110.89335,4.3781126806609,4.367689253933714
723332.135074,4366631.739,7.544791708917423,7.561269235421853
723516.911829,4367664.50876,3.863629033103615,3.792791837618345
721784.223542,4367369.97228,5.208153982755864,5.297158157242921
723346.327376,4368111.21003,3.086875724740927,3.107573998282351
722186.557055,4367308.69657,7.18353609788833,7.213031000303249
722696.531314,4368110.52482,5.867249595370596,5.838550123010896
721776.364213,4367554.89242,5.531424783253407,5.569180363041898
722604.306063,4367332.21676,7.944385683330434,7.940568068874039
722395.176163,4367663.33998,5.518128656887064,5.3502850247449105
722642.640598,4367779.16046,1.0681714590363052,1.350793612922785
723386.534779,4366354.36884,5.228227628817699,5.205736321410992
722411.182526,4366946.74432,4.842154838897947,4.798721541927138
723138.879306,4366423.46205,11.80875760061024,10.017411591271468
723339.653522,4366886.04843,6.357787058224118,6.225124123149966
721760.989064,4367408.47848,5.37212941045243,5.337791678793695
722596.242651,4367755.9989,2.551631522941283,2.497577001233906
723301.015179,4366832.06461,5.319331928022404,5.309096584487802
723301.041536,4366801.24051,5.176107629056896,5.1954444309640735
723084.054459,4367224.83029,3.510248532942812,3.528139802274107
722564.947946,4368210.55341,6.7989159908527315,6.758992888939528
723555.778786,4367456.50824,3.1020502208588314,3.105438183192894
722674.502044,4366600.23122,3.938339482800229,3.8142368197852616
722434.151221,4367270.40557,5.90420106209207,5.9522418413686236
723487.343853,4366100.16,5.164844720127728,5.249046178808147
722201.590779,4367917.41985,6.170124358848431,6.877917115262335
722750.778962,4367987.30334,5.321590973015985,5.2154936745454386
723238.903659,4367086.29244,2.372969225068461,2.4320978153584525
722821.727301,4366322.95048,4.645681787104342,4.545681033628366
722844.590694,4366762.23143,3.6631218624743997,4.09038597315482
722466.120252,4365898.73147,0.14417256070484225,0.16627150727929882
722155.726627,4367146.85101,6.270781125217749,6.329102430467625
722372.549704,4366877.35422,4.646295022410842,4.636877672066627
722565.245276,4367825.31333,4.0461607919003875,3.9586988191872297
722697.993909,4366238.05441,2.7661675091722424,2.742223707006911
723254.061326,4367456.17709,3.2738867173354307,3.286158850383626
722744.106302,4366638.83183,2.5955442106498774,2.5750315210016947
723293.692046,4366346.56212,6.094478282887441,5.976281376336277
722194.75612,4366661.41738,2.827365238100033,2.8071257888307484
723230.819481,4367494.67897,3.482720269231006,3.47323785515937
723377.721775,4367595.00768,3.065137225612042,3.14355550756488
722550.911635,4366330.38745,2.1333642641450212,2.1226142422972063
722078.603628,4366800.01836,2.124941127119821,2.1951121928680384
721845.880101,4367716.7623,6.04435956923982,6.0526808884295376
723479.659894,4366038.49726,5.551820820273113,5.519357341148719
722303.130797,4366584.45789,2.8214852579089724,2.710923701840435
723316.389836,4366947.67074,4.971017736363045,4.973968538481834
722419.318937,4366407.32415,1.7918402877678,1.774890479861797
722055.129778,4367177.58012,6.706520588957558,6.736223386605071
723106.508267,4368126.36031,4.41290243521975,4.36019120891368
723508.514811,4368404.16572,3.433924589597851,3.771335787208154
722039.597681,4367262.32687,7.067323775444338,7.0952528211297405
723370.701075,4366770.49159,6.531217620254347,6.7244757209368125
723153.436996,4367517.71215,3.305739559516727,3.2981998852833767
722558.509113,4366515.34789,2.2134284042589862,2.2419494501509565
723494.750865,4366477.79021,4.971082368440519,4.913616291767219
721660.442586,4367369.86327,4.0725918491541355,3.749614078762079
723169.648316,4366639.27122,4.0817572932834105,4.247586927567704
722085.345717,4368210.09024,2.0660218712803307,1.991017997337997
722535.064574,4366823.57021,2.4790029570973178,2.5152686251556045
723579.063883,4367371.77414,3.000702506804145,2.9300702657919837
723137.932109,4367556.22222,3.653827538904928,3.599593353871906
723486.396805,4367179.03087,2.454314657646857,2.797738938286937
723037.04131,4367941.3708,5.110143284415471,5.002422964475217
723340.063915,4366408.26385,5.844917289029925,5.852782585825008
723175.964979,4368319.05082,4.25276761484112,4.301360695994293
723006.86593,4367008.98903,3.5283532089302003,3.5663813129510773
722821.854878,4366161.1126,2.913041596941242,2.9082601066166265
722279.259127,4367493.71363,8.083995587249158,7.555385311135163
723045.327136,4367278.72874,3.5041169493073068,3.5184680219861915
723354.264907,4367880.07213,5.5175477376193,5.330007440626339
723362.59751,4367194.30633,2.828507648540841,2.9911333183977735
723323.153844,4368072.66066,3.743834631651577,3.723674046981813
722891.407283,4366269.07564,3.5681127085890316,3.565284372715619
722520.112216,4366129.98687,1.060484281321855,1.0558754457819919
722495.545775,4367925.4087,6.269909746316105,5.812197376367444
722388.578625,4366122.15349,2.4925314511707652,1.9026587625357998
723463.464387,4366863.06562,4.116998318240329,4.136856783341655
722813.004798,4367563.58852,4.000527852201192,4.072220325506511
722155.775922,4367077.49999,6.610542723339587,6.561441207793571
723486.124348,4367487.25243,2.0618619507224976,1.8906092969610335
722419.64799,4365960.34165,0.0,0.0009996550580265925
722225.272487,4367262.49998,6.362143952732345,6.366362771579074
722023.996023,4367447.24267,7.442520679470262,7.518579295826329
723586.779579,4367394.8993,2.9285902281504694,2.9746306484763685
723238.733142,4367286.63976,2.880233700400856,2.8828012350696506
723253.538922,4368064.88012,5.2298734385047805,5.200506563002204
722557.170717,4368264.4778,6.628195744214158,6.611692074034404
722898.258994,4367371.04184,4.248927007523184,4.281944475883077
723471.059169,4367024.89848,6.05678431670452,6.398718716391575
723377.990313,4367286.79067,3.0816766896518173,3.386905654622869
722712.62801,4367316.91421,5.278959193057073,5.480960261061282
722967.67206,4367633.09544,3.389163028800304,3.5362521913485354
723107.840571,4366531.31843,3.6330121628111396,3.4903918244490115
723137.678853,4367856.72299,5.617204245646775,5.660204864713791
723386.321812,4366600.97277,7.61278927099602,7.6345361753727
722821.945904,4366045.51204,2.5109008109039963,2.355319718178389
721792.169984,4367054.052,1.3660762850567871,1.7102766346938656
723578.669301,4367810.97572,3.8067331844752483,3.9532704983408573
723316.858369,4366400.53236,6.35901352883712,6.141430084754407
723331.070505,4367864.63676,6.560779101403324,6.6377652242343474
723270.440523,4366392.77608,5.960451744089943,5.7022618839186405
722465.92611,4366160.76097,1.454234246372639,1.4192133336498394
722325.243793,4368079.3389,6.4897807642991925,6.4737915623784446
723199.243946,4368234.32539,4.742272503314064,4.633140861172097
722426.033642,4367778.94631,5.41763308599668,5.333096475370224
723053.578575,4366654.56144,3.275758739293667,3.2709808483602054
722650.502773,4367617.36068,3.9971069686720835,3.9509531729102796
722441.307782,4368040.92794,6.881661977467086,6.959712383637516
722186.219215,4367778.71621,11.169799496705325,9.328272269114036
721699.088802,4367423.83453,4.783806692100176,4.745673669442958
722564.894287,4368279.89457,6.52515066869631,6.484354795214038
723238.982183,4366993.82276,2.5430212221917343,2.6094226766508144
722975.534624,4367478.99781,4.792358900922946,4.633783337877079
722326.476694,4366399.52906,1.6348103077537322,1.6155371153522387
722411.870722,4366014.28177,0.0,0.0
722721.290132,4366130.18494,2.3568364045161196,2.3350317052124554
722852.511766,4366531.05427,2.055655924783471,2.1697073720117737
722549.577893,4368079.55853,6.506949044592715,6.542816272051365
722743.116603,4367894.83682,4.317150781872939,4.444200541818961
723548.488663,4366955.63119,3.4696176543823363,3.482149433721462
723231.766563,4366377.32182,4.305790924827557,4.196678840044454
723037.284499,4367648.5788,1.763550481214579,1.942929303763279
722185.935241,4368171.66185,4.88601308946986,4.9368967391429655
722247.746257,4368271.88031,4.359394769367012,4.256269785903226
722101.814341,4366800.03974,2.374072971677212,2.4361516519789848
721822.998117,4367231.30855,4.869973562243634,4.847012044162453
722210.268695,4366607.4889,2.029496091426259,2.098080520847321
723285.836681,4366485.2695,6.153762055949588,6.132565053983623
722194.767045,4366646.00512,2.781525898939146,2.5779257375442985
722201.47906,4368071.51579,5.5683766346896295,5.552445836314591
722859.167058,4367879.54575,3.8772479351425746,4.02726583180228
722039.025078,4368079.06812,10.524548998400716,11.273775409558354
722070.19651,4367755.4925,9.903018472528709,9.765758577097186
722441.10937,4368302.88575,8.622263839316522,8.638552347771476
722264.139152,4367008.25024,6.092929036601823,6.140929608955476
723224.255797,4366107.58282,6.34371650107234,6.498522900637059
722828.421612,4367632.95145,5.863408988052658,5.204983445423399
723091.784632,4367232.54405,3.473393629622799,3.444962233423551
722711.813243,4368349.38325,3.4025237872441214,3.2641208077362585
722875.760361,4366484.84008,2.39799318813556,2.685296388327527
723479.713572,4365976.84252,5.92898630965874,5.3119568930420415
722402.975574,4367578.59053,6.094768742521324,6.165248909641194
723068.434213,4367402.04115,2.7167555165146102,2.951068025914105
723169.370472,4366970.63077,2.9668264497690937,2.959409509927289
723060.268162,4367918.28054,4.776513269929141,4.827280613409409
722171.315031,4366985.04552,4.847415428346557,4.940818301215643
722821.16539,4367031.91507,2.910278960344015,2.790982452100777
722712.014779,4368095.13106,5.643506423460327,5.8381753616039616
723277.705678,4366947.62899,3.8884789127477566,3.7656167458913106
722101.418571,4367362.55516,7.98511312529237,8.02444484677445
723253.856709,4367695.04085,5.066156539118107,5.118125045136458
723470.869246,4367240.65902,2.976663028774269,3.0185552485885796
722543.411876,4366014.40871,0.0,0.061318706435289146
722828.087009,4368049.02107,5.120825658791625,5.118426575321895
722666.913496,4366407.56611,3.1955137832486744,3.1897002886907337
722588.619684,4367609.59368,4.681181340371154,4.742728601882209
722798.514936,4366322.92697,4.081402201572053,4.1345003293436
722564.924112,4368241.37175,6.5555515974229435,6.569520419837659
723363.534073,4366107.73199,4.438074705821766,4.616797990407472
723005.976701,4368087.7301,4.797135134505256,4.812958782128991
723331.690968,4367148.03849,2.782497303674977,2.6910124431038245
722812.392228,4368326.37262,4.7417562161237745,4.8340658912624725
723115.769233,4366300.13415,3.788531945086399,3.7639416486400026
723238.450398,4367617.97214,4.457308904305943,4.394869522382369
722597.546758,4366052.99546,0.9496356518786313,0.8863395337775821
722999.894624,4366068.81413,3.654150314577547,3.6468145845563784
721938.664077,4367786.19155,7.12070217714213,7.195357541842418
722635.780768,4366646.42983,2.2898231351173726,2.4561259896996246
722434.553446,4366731.00012,4.535569116971868,4.31039081209478
723091.899988,4367093.84182,4.775513011587294,4.665100046588454
723446.590427,4368450.32344,3.6680273602116515,4.030934056905846
723038.293717,4366423.3567,2.185722787048879,2.3460714745871405
721714.520771,4367485.49053,5.439481421185794,5.362987442386438
722836.66344,4367001.10762,2.806465801834054,2.7878910471293405
722992.156954,4366068.80613,3.578827014289176,3.5883564585844976
722797.434031,4367686.85594,3.2418084323124727,2.7510784146066256
722094.158338,4366684.44229,1.5915009489469047,1.6084230302687403
723277.94213,4366670.2116,6.492716907247252,6.532503717036541
723138.956083,4366330.98455,5.527584560650219,5.21742300305936
721977.037948,4368225.3989,2.706341288317022,2.6056042796846546
721885.030473,4367023.312,4.814304184228271,4.632101035687965
722433.891291,4367617.14663,5.360672605290842,5.318513832882639
723138.99448,4366284.74544,3.8655656871393225,3.7900904629974015
722387.818206,4367154.77694,6.234668721359184,6.199730326102446
723084.914451,4366184.50295,3.5903157507747543,3.6152526590500913
723633.309453,4367271.66262,3.485753745010024,3.4619877152973633
723563.804412,4367132.88252,3.5188973051670485,3.53761337521617
722116.502421,4367909.63485,25.868822811813008,18.59526461230155
722582.158714,4365937.37844,0.5922144446421818,0.6168625294754408
722301.883032,4368287.34131,5.842980634994215,5.705948986974816
722410.219885,4368233.51451,5.554983560207076,5.595294447660289
722688.704401,4368226.08693,5.885160759840311,5.592707376407196
722627.717677,4367070.2492,9.26596547605026,8.596252753992621
722295.281979,4366738.57283,3.674998006710068,3.7647232697440156
723215.602136,4367194.14751,2.7662900408191176,2.780089382730448
722759.960165,4366153.3436,2.681443319329521,2.6517019378706146
722365.472444,4365975.70358,0.0,0.014657317338413231
723300.565547,4367356.05639,2.945333206291335,2.941680592912185
722039.225606,4367793.98887,9.425712888678799,9.150970738847416
721582.876933,4367685.70992,6.43078706615618,5.649537068718271
722643.583124,4366561.66936,3.3608926503417993,4.031948773212598
722410.538608,4367809.75129,5.758104867541228,5.744020182125068
721915.741089,4367370.09021,7.021465008188737,6.980179957594964
722263.881939,4367362.70777,5.679715775435102,5.627747619507151
722255.955055,4367624.68046,10.05447220464437,9.98719504170386
723045.020679,4367648.58688,1.591255597117094,1.9400188008989507
722287.756695,4366445.73051,1.942580566385402,1.864550020536699
722132.805441,4366738.42048,2.190805638284435,2.2413707329904056
723332.227565,4366523.85115,5.36948295770876,5.339501545794407
723075.772137,4367879.77217,5.373807536178251,5.381981095666865
723200.050622,4367286.59828,2.962766555045445,2.9764428753756658
723308.474393,4367155.71911,2.6653910965166476,2.6172348281813593
723347.217535,4367086.40941,2.8706552649908255,3.0048910689901596
722241.089832,4366784.75776,3.660378846329264,3.6781672998750246
722015.709936,4368233.13916,2.106465393759084,2.047832129861112
723478.190094,4367710.69687,4.224432604305142,4.242034686638936
722224.988306,4367655.47165,9.259091392953309,9.573531491161713
723184.466883,4367417.57524,5.258595472076103,3.6307744725637496
721962.280889,4367192.90625,6.761771012613584,6.720842954991468
723153.033241,4367995.42827,5.3623830470553955,5.332975631082225
722070.74839,4366969.54058,4.415871278921295,4.441125433748917
723470.057351,4368157.5752,4.380017018657875,4.262967337637299
722410.844105,4367401.3759,9.345225947058033,8.703147418763574
723131.20585,4366346.3894,6.295534056745684,5.495707782286801
723083.411164,4367995.35408,4.827664557957341,4.770988613817152
722109.540443,4366815.45885,2.6233790920149325,2.608464327979383
723332.399019,4366323.48422,6.033709510902405,6.012791188989513
723301.769852,4365945.82237,6.548902957167653,6.81943713556925
723045.784438,4366723.90866,3.0655534869681476,3.221723398117062
722000.803273,4367424.10531,7.305266768661331,7.30697683956083
722496.870668,4366168.49748,0.8646919822728223,0.9234205919981635
721969.323966,4368194.57345,2.730409812310283,2.721309434986148
722588.506689,4367755.99118,2.8376923284074564,2.6128021772802383
723161.426545,4367217.20665,3.1285005138499242,3.1313174964064254
723439.434901,4367795.41039,4.7581181343078685,4.7479484892800325
723185.006177,4366777.99807,3.2369029345752183,3.5745740000721753
722952.602089,4367139.93062,3.435215692288324,3.37235691319876
723355.127363,4366886.06518,6.861007412137488,6.526425224036097
723177.443518,4366569.92337,5.406983412374007,5.71897107025494
722039.972486,4366722.92279,0.5109078201638777,0.6601536702536813
723153.469469,4367479.18545,3.1687374445096124,3.230545113277382
721606.318116,4367323.58382,1.7960711881964315,1.816174972042111
723370.487752,4367017.0824,4.2234319612485525,4.182560761388299
723284.920531,4367556.38005,3.7224060202512894,3.7321254012948235
722667.097198,4366168.66429,2.1937908323627218,2.2098982636653393
722100.888184,4368109.94457,3.295089501179309,3.2416341326798332
722380.784699,4366199.21225,3.585184425481093,3.5535948235959145
723517.28863,4367240.71044,3.2072575856114227,3.5686032649029036
722148.197667,4366854.02443,3.3215528744717964,3.3542182584354867
723517.17236,4367371.70506,2.9129479189003793,2.9210303887089366
722403.793194,4366476.66629,1.6735272304485607,1.8121903030935498
722396.333186,4366099.04091,0.7664263142339467,1.126850803778113
723115.852012,4366199.94863,2.923100733427476,3.086043265121933
722905.651388,4367794.83876,5.0806145040199775,4.9602949315447065
723316.290584,4367063.25851,2.7384424638674156,2.741762736363135
722603.583604,4368264.52412,6.294178706692483,6.234984252083671
722805.777494,4366924.01754,2.1891015443132043,2.212174890122862
722844.147481,4367317.04778,4.049355847873087,4.405977321250484
723300.140094,4367849.19301,6.901218566909136,6.708090006991503
723594.76494,4367117.50556,3.9474726108907654,3.703506303540048
722852.841846,4366114.90394,2.758964302609346,2.6841657932460414
722449.340261,4367647.9824,5.084487042661902,5.06276507472568
722534.100604,4368087.24792,6.747215714880759,6.698504863310448
722765.985811,4368318.6204,4.1076070465546515,4.4084742238306145
722372.544089,4366885.0601,4.6469725050800665,4.772755215471015
723029.522879,4367679.39141,2.2987367834448214,2.26219657755717
722936.620513,4367764.05061,4.636355147496136,4.467322088923963
722597.083549,4366661.80388,3.1259833252611986,2.942383420973649
723369.61546,4368018.77778,2.92350737691491,3.0046348855166505
722603.829316,4367948.63077,3.839909060671008,3.9654956623350297
722781.611065,4368126.02093,5.304131848373834,5.164173906103899
723324.930937,4366007.5022,3.9154905045545245,4.083063938449662
722798.762987,4366006.95478,2.256576279050818,2.2630911724549247
721768.540859,4367685.87282,5.030463474333618,5.047566820933314
723192.600437,4366947.53788,2.76131702564379,2.7610280363896598
722713.199818,4366584.85741,2.9862283838829042,3.1982877243040218
721954.618333,4367085.0205,7.528203578462171,7.470256732233428
722233.793764,4366168.24695,0.46911856550059466,0.38853047895289566
722611.660864,4367825.35959,2.335710948336362,2.944674140446023
723052.287843,4368211.05438,3.8161890882384037,3.8552936495121912
723315.478295,4368003.30872,5.277152187891057,5.286056988548754
722727.827637,4367663.66968,3.4047182001602283,3.4194683939991
723548.509175,4366932.51342,3.714273535217345,3.4468312611469147
723129.526074,4368349.81914,3.885606632447673,3.9287795437058124
722859.067372,4368002.8241,5.106658153523637,5.099662452092594
722039.73179,4367069.68684,6.173383662183856,6.216010413921005
721815.225595,4367285.24013,5.180529155642597,4.909115707839871
722574.158888,4366284.17127,2.127226140358816,2.1169115359684993
723464.036779,4366208.02835,5.626498953930994,5.600869198248899
723586.433044,4367780.16403,3.643855347951483,3.8482489950531913
722139.588334,4368079.16204,4.808366112110434,4.806137535755383
722898.916632,4366554.22051,2.1874395766067565,2.3770662182198508
722736.471454,4366507.8181,3.7303449937675626,3.732952440667768
722310.879128,4366569.05275,2.6763216119045286,2.615199400173261
721559.624615,4367755.03509,3.9713214627635693,4.24532843117737
722264.445109,4366584.42131,2.1679697403401215,2.180404642735283
723269.646216,4367325.20084,2.913076990697952,2.9049057437296724
723610.148289,4367217.69709,3.237225710247837,3.172860084284906
722526.659962,4367701.99424,5.253851554532532,5.206619378713517
722828.662297,4367332.44293,3.4981788771894693,3.548204138239079
722419.233518,4366522.91888,2.324822366855891,2.3143642931033126
722635.674115,4366785.13941,2.87931057736576,3.054429592404465
722774.903066,4366831.51497,3.4683592524453477,3.3043012257232096
722225.266912,4367270.20554,6.332485908181904,6.429510921175085
722727.351442,4368264.64915,3.194358484863844,3.7235158738219205
723138.119894,4367332.76554,3.276726681596775,3.3020851360546724
721598.353914,4367678.01833,6.155795273386759,6.101159796633148
723222.437426,4368249.75969,4.697091218727688,4.69192616933931
722148.312006,4366692.1985,2.171674543352416,2.180130645814854
721791.841667,4367547.20097,6.112615274913566,6.125012718787979
723254.874427,4366500.64899,6.297696153623052,6.304062984940279
723022.098557,4367301.82107,3.5116685150734868,3.518999363833945
722860.02777,4366808.48343,2.227683047417142,2.2255255448032822
723269.461216,4367540.95271,3.8572716219116976,3.870541643843624
721652.71124,4367362.15116,3.6007076655170276,3.6622332898051266
722388.725106,4365921.77793,0.0,0.0010614559020839514
723394.604191,4365969.04302,0.0,0.0011367628283266852
722365.365829,4366122.13131,3.420628463231507,1.113689750711303
722705.336827,4366746.67861,1.966784702326936,2.0125257476394225
722310.643733,4366892.70683,5.070222589277704,5.1094368481144095
723448.10506,4366732.04554,4.223593541442233,4.13769019012836
723502.461175,4366508.62417,4.992769508150697,4.785048523603583
722178.643955,4367555.2605,9.092115190231207,9.37781058439766
722147.296245,4368117.69281,4.310760669927538,4.27981728494411
722333.264862,4367694.10067,5.933084675857073,5.824793679294507
723254.001917,4367525.52537,3.8851226612961196,3.866118740748561
723261.321134,4368010.95469,5.247042103513051,5.203004850940134
722426.604486,4367016.11157,5.486049987149361,5.422061574380433
722372.855481,4366461.22409,1.5933597944250617,1.6759933585419449
722906.101406,4367240.05594,3.581537714395575,3.5536284115016095
722667.180003,4366060.77079,1.5772204337220261,1.5640501200422803
723277.935555,4366677.91774,6.3856704136472775,6.1809802765080075
721753.359821,4367246.65779,2.0637562861360523,2.401752852240191
722867.598135,4367016.5509,2.8900379633672957,2.9185656228904726
721567.360583,4367755.04178,3.6828081007861413,4.046224694173986
723323.474968,4367702.8216,5.4442253387293675,5.518948146233076
722503.104988,4368156.55954,7.404827098002088,7.416700878550345
722287.995377,4366114.35142,0.0,0.007734083807866662
721613.905503,4367554.74964,2.8382022678044247,2.9467814457201604
722913.217686,4368002.88016,5.078516654505332,5.066293515264873
723379.062382,4366046.09462,0.5151354986065001,1.3558247622954165
722086.329776,4366815.43736,2.422458737747586,2.3100947757778156
723362.088195,4367779.91507,5.993788815764638,6.008708068267175
722442.095173,4366993.00916,4.908280763733058,4.936377650459893
723045.301659,4367309.55089,3.4896909157294256,3.5127732665571463
723154.064579,4366770.25912,2.661192512126754,2.7882094097390917
723138.249074,4367178.65369,3.3130976137652333,3.2567797390285205
722295.5552,4366360.96778,1.2186955279661695,1.2114432643099664
722874.212964,4368403.48139,3.7453515618984587,2.747834947019836
722101.662865,4367015.80387,6.032031385176585,6.199001467087055
723176.443496,4367756.59869,7.920988871285195,7.046908174140902
722835.716947,4368180.00935,5.203474697289766,5.0620035603531885
722789.679492,4367709.96348,1.5990783867798113,1.3909645768093255
723185.30343,4366423.51114,3.801472979741388,3.805908152928587
722937.683407,4366454.07813,0.7646481145845986,0.8644577624527483
722913.324607,4367871.89681,3.715822396788217,3.7432463404798226
721660.312238,4367570.20049,3.6855188008925412,3.7969297471066548
722619.963174,4367093.35866,2.9878226417939064,3.101724608299673
723137.626831,4367918.36275,5.827070756637681,5.901693437511919
721761.198065,4367092.55301,0.6151567643033451,0.9951915218649446
722541.860011,4368056.43659,6.3480410795418285,6.271149307233052
722705.933875,4365976.03466,0.7238237725957932,0.9819455034402375
723099.102611,4367733.40089,2.4409086952202843,2.774290391341378
723285.369986,4367032.40181,2.541894969770292,2.540424321092171
723168.360776,4368164.95006,4.588721306398505,4.5670552484793845
722047.864186,4366499.45158,0.6902961709427146,0.6908584131991717
722843.595826,4368002.80811,5.126602150715779,5.117871428095
723463.417115,4366917.00746,4.086501210826982,4.1015023866036335
723540.662815,4367055.79883,6.373084085988895,6.488698890262668
723278.119015,4366462.14209,6.346879241006304,6.331005945944519
722589.010684,4367101.03367,3.1395441353733844,3.2009783561503626
723131.371876,4366146.0183,3.03712826082403,3.055836258018906
722549.482816,4368202.83339,6.833253320869273,6.958163813680451
722659.359649,4366168.65669,2.075851910134808,2.1206089401467842
722179.303858,4366630.57844,2.197750508894814,2.170491523769428
723246.03474,4367795.19901,7.698568348674642,7.577521298309955
722620.853529,4365929.70948,0.37790760413232316,2.1073905158741963
723346.575948,4367826.12857,6.22966627550572,6.22982535043695
722882.53087,4367686.94337,4.176669499052566,4.205013075262398
722542.958962,4366615.51368,2.356891226367549,2.3973835079780295
723300.319887,4367641.15476,4.7440798931948285,4.727688915967059
723493.655448,4367718.41922,4.003722908173891,4.163126834396122
723161.062636,4367648.70998,4.162373114344379,4.145876012784242
722263.279424,4368187.1448,5.125214484623841,5.4876379341996415
722603.547633,4368310.75141,6.043552437700901,6.0729960607177125
723162.014159,4366515.96294,4.243376343155439,4.067273644055606
722565.924163,4366939.18932,2.1124034658769184,2.4650457734578604
723509.422241,4367387.10745,2.9026014004982366,2.952000790477834
722325.352259,4367932.94779,6.113034613987648,6.425092646967836
722349.896223,4366114.41002,0.11385701460734138,0.6084835712252984
722270.958222,4368264.198,5.1591324755663,5.100930255688589
723215.726194,4367047.73868,3.1488932807942827,3.140386164002282
721644.744836,4367716.58394,7.591005183169632,6.357643264547325
722210.037375,4366931.1411,3.38064313601627,3.6019663036688603
722287.040365,4367432.0784,5.394752176426985,5.5969642466200815
723316.700313,4366585.48484,7.029307033588798,6.9131492175301315
723446.624681,4368411.80122,5.025686856036566,4.969894957915781
722867.040048,4367710.04278,3.6275580618448595,3.8670985875084853
722062.952486,4367054.29681,6.946948839439285,6.852773373182364
722635.975949,4366392.12263,2.885390801582561,2.8711458974782205
723339.294383,4367302.15965,2.9501836898197875,3.204149544035463
723160.448132,4368372.96589,3.789790347023387,3.8554841163973492
722263.302046,4368156.32632,5.368159923694297,5.327016118042105
722380.829754,4366137.5594,3.3092570064472966,3.353708247481596
722503.98911,4366993.06947,3.5768261128907395,3.639507887418281
722518.812144,4367848.38235,5.24578370157606,5.2151884507378
723137.698333,4367833.60797,5.461426319776371,5.517386622930467
723091.172853,4367964.54277,4.47676893034653,4.4814980556081
722279.377135,4367331.90071,6.158054318380341,6.116820304044904
721853.995774,4367154.28055,4.903698041668421,4.933422036329067
722271.145135,4368009.94406,6.546256889138728,6.350128518675385
722224.551119,4368256.44902,4.0223438713515725,4.184548071584159
722968.645125,4366438.69724,0.6134140545893978,0.6216523715724831
722689.814952,4366808.31142,3.2906683593083565,3.6439566352653063
722868.121239,4366361.52992,3.685970840720105,3.742464071900846
722890.335626,4367602.19421,4.569261280357917,4.281498075588965
721668.13374,4367439.21809,4.027507512683973,3.9881356439097853
721846.176383,4367277.56225,5.868379117867384,5.824855734552604
723261.691959,4367579.47084,4.214169953717817,4.090756162852137
722844.994517,4366253.61532,3.371316496408063,3.3875478289420737
723353.921507,4368273.01684,4.717035600634577,4.677333999775718
722450.004503,4366761.83926,3.62965552664476,3.7056986205302205
723200.791055,4366408.11465,3.9556050959247098,3.9042453602134994
721861.419984,4367616.60991,6.523182468051358,6.429571722263117
722279.005326,4367840.44432,6.23482991683812,6.126453534376304
722867.770874,4366800.7853,2.2669227974529607,2.28609259930509
722698.035613,4366184.10827,2.5113943999242223,2.510514665787694
721838.123263,4367747.57542,6.9624066779682545,6.7599922878285925
723456.258964,4366254.25958,5.5646329754879025,5.583236988133826
722859.855234,4367024.24873,2.937319982828919,2.9339210122670853
723393.018863,4367795.3592,5.278055882831438,5.275971088227028
723363.116891,4366593.24129,7.271768116792955,7.326802717014848
722373.170892,4366029.65837,0.0,3.482740889038892e-05
722496.153551,4367124.05944,4.787098696189085,4.846084812373874
722858.754777,4368388.05639,3.4803642761212155,3.445025647590334
723532.156689,4367918.79394,4.094343236227043,4.055529147667462
722419.5744,4366060.52961,0.4739142271776208,0.43126363137346546
723207.734835,4367348.25085,2.967891340188412,2.958466946101888
722233.623378,4366407.14785,1.1909833706053623,1.1989606932570285
721652.475811,4367724.29572,5.480467006742877,5.800163850330116
722481.073559,4366600.04096,2.4377880815511013,2.477463366382427
722472.32661,4367940.7956,6.567104581271251,6.496656454349637
722898.675363,4366854.75899,2.0944472897818214,2.1442052825719182
721908.093938,4367239.09046,6.3534624797546275,6.358048103337892
723160.454712,4368365.26135,3.73502427923366,3.8144922207489866
722426.443494,4367231.8703,6.1937796992035645,6.149722895042497
723439.025974,4368257.70156,4.682472058346881,4.674363277896779
722433.908628,4367594.03104,5.502541169488404,5.476521996306346
721776.323158,4367616.53379,4.788002006414719,4.814502693959938
723386.448293,4366454.55263,6.324772762222042,5.57872622850146
723284.214868,4368373.09984,4.7901321719681,4.826740615479825
722441.126874,4368279.77211,8.471261762313679,8.353470263546185
723446.693154,4368334.75607,4.922286688807361,4.9119879627488015
722357.279483,4366599.92178,2.9224230584008755,2.90164794193592
722402.594538,4368087.1186,8.589797761828725,7.805727799910303
722959.663967,4367964.40425,4.994996237105543,4.992891355005334
723138.513396,4366862.71503,2.8262551436979577,2.813037690727929
722171.023666,4367393.44173,6.659273770895272,6.662808035246268
722419.409858,4366284.02119,0.6952628383247205,0.7090508321608882
723068.132682,4367764.18858,3.2627530725612064,3.114433200997605
723347.992754,4366184.78224,5.5168702549500725,5.517416740709135
722357.538419,4366245.42946,0.7191442947723234,0.7516534316505166
722984.400556,4366091.91833,3.5642397852323593,3.5893284788639077
722813.084906,4367463.41942,3.245358195281781,3.251727524936572
722039.796111,4366977.21797,4.456986128633324,4.485206104843411
722163.210173,4367501.30919,7.053866453599059,7.172934171212909
721729.937229,4367570.26167,4.546379986073474,4.589743138004485
722728.854143,4366353.6829,3.417820815008898,3.410341381718893
723121.810203,4368326.69728,4.162179602826704,4.138724626528323
722968.113092,4367093.71236,3.3770610570082233,3.3717537593421683
721907.941705,4367462.5474,7.414379565166705,7.387050055865157
722682.071969,4366816.00963,3.5544614905113336,4.372207111553168
722287.740035,4366468.84945,2.178680968322291,2.1544612377994286
722689.544999,4367155.07372,4.184640788607575,4.38980610578169
723285.698968,4366647.10137,6.928424054948322,6.947269316056592
722442.781686,4366068.25862,0.5282896652312522,0.552550999329058
723231.669094,4366492.91791,6.6004739689846845,6.543638168942285
722890.091818,4367902.69255,3.226914585602407,3.253176806942346
723338.993974,4367648.90206,4.863357622741827,4.81192164272322
722162.645147,4368287.20835,4.011887709246574,3.748954133506927
722619.629887,4367524.86677,4.059005263153912,4.004152393329992
721915.693753,4367439.43841,7.291647866622368,7.32147051522441
723363.619867,4366007.54385,1.0194017476485608,0.5015338905173082
721962.020923,4367570.47008,7.491187094948475,7.484853978492806
721722.165531,4367624.19094,4.48690231677891,4.391267362033972
722488.486595,4367031.58326,4.344162373679706,4.348548461881789
722851.524475,4367763.9626,3.7562597638310216,3.6622930740439577
722574.40929,4365952.78448,0.687917720109577,0.6559094248579503
722101.003462,4367948.14464,16.824440719084123,17.966334845774433
722179.533015,4366306.91391,0.28232536954215964,0.31849649368690874
722287.00098,4367486.01567,8.635204873971512,7.771828233726493
722140.791885,4366383.94222,0.0,0.049479422525011356
722387.434359,4367671.03764,5.35221734458428,5.461942218404773
722311.107992,4366253.09187,1.099281897934839,1.1399957679299384
722952.508047,4367255.5151,3.3698322669146616,3.4269982089552644
723270.146062,4366739.55852,5.149289548767803,5.1599379751452545
723245.849546,4368010.93797,5.247397195224406,5.238525265748807
722109.653998,4366653.63218,1.6277005868743228,1.7256115421458706
722727.314736,4368310.87642,2.9717382952996734,3.1084585855954
722541.907385,4367994.79825,5.767818914899528,5.565092868882311
723138.840851,4366469.70035,3.7402525526435335,3.73852694003766
722472.62424,4367547.83736,6.553421047154814,6.429925740620315
722906.088912,4367255.46704,3.9113275062787167,3.872773356393286
722116.650565,4367701.60044,10.582283909891991,10.83946782159801
722495.298697,4368249.00729,7.301071839061533,7.230324006656552
722596.652571,4367224.33165,5.806287311867883,5.6075466924949
722187.292261,4366276.09528,0.41696341242979906,0.3752437846256041
722124.089458,4368117.67094,4.021149716777307,3.9754572778648014
721915.588371,4367593.54343,7.021110301192128,7.115299611024479
723440.616452,4366446.90524,4.877138104974469,4.7214983547913985
722549.435265,4368264.47009,6.90870588531259,6.796208382314023
722557.887608,4367332.17084,6.706004301767265,6.456315504131975
722116.430964,4368009.79754,6.2042035452698245,6.282976902775973
723339.931741,4366562.39106,6.193521555608416,6.233169891941122
723308.619961,4366986.1918,3.4611300776370375,3.486596136424915
722976.19491,4366669.8933,3.438216852028604,3.4328262309191335
722295.588594,4366314.72919,0.9996737677867843,1.0085932420420005
723053.184716,4367132.32977,4.002077098486813,3.9662556763200483
723455.097517,4367579.68224,3.2827940178695574,3.2652415068003178
722356.684133,4367409.029,7.682432642761702,7.810706458850969
721582.956096,4367562.428,2.4100016742441506,2.457939522705473
723091.746114,4367278.77763,3.4145615116734733,3.445012265576403
722139.649153,4367994.40977,6.627518646259681,6.687016515386741
723076.209036,4367355.81655,3.466745374082256,3.5098370781165626
723091.418143,4367671.75149,3.4152066783039627,3.1219241691898656
722264.245041,4366861.8392,4.40370467505174,4.4922337829947585
723324.917863,4366022.91579,4.215202528098396,4.179218842099842
723447.612136,4367294.57269,0.0,0.3283286415175735
723315.665405,4367787.56949,7.006878163846666,6.907353551423007
723107.719234,4366677.73677,3.325974016342749,3.323554317933294
722744.280899,4366415.34971,4.19771108741751,4.1230989123335515
722712.482788,4367501.84396,3.1525174860671092,3.139508174162411
722658.365035,4367455.55754,3.526416939609238,3.4673934049140214
723454.497095,4368257.71878,4.679890237680682,4.679258434501659
722913.349721,4367841.07684,4.246280939494258,4.26440883378606
721575.284087,4367462.25339,1.7542755857398238,1.7897258574322719
721954.544411,4367192.8992,6.733306737922667,6.7001611918681325
723594.626719,4367271.61918,3.4216937383655734,3.4120583351652676
723277.230614,4367502.43439,3.741543270619261,3.7055179948406165
722813.776911,4366592.66497,2.696891924704564,2.72228965699927
722194.409478,4367146.88725,6.835189974904984,6.798638134473986
723028.933257,4368388.23461,4.226078413992223,4.204668333531864
723339.354412,4367232.80934,2.950474149453668,3.0262921082692555
722566.694656,4365921.94956,0.4787259987846693,0.5562630966110975
722233.452402,4366646.04138,3.4776858920535547,3.414039677665975
723532.177433,4367895.67902,3.964189620786218,4.056998183236626
723394.451591,4366146.29914,5.248946056795278,5.247161826742297
722442.100942,4366985.30338,4.807688244726461,4.826339702703273
723076.317934,4367224.82212,3.568887139374469,3.5826935506116446
722828.514286,4367517.3726,3.1258606012569508,3.156600855699916
723014.018811,4367717.90087,3.6523429246967813,3.638436823481407
723168.596404,4367887.57604,6.073210866966088,6.1685241270868385
721784.100396,4367554.89932,5.763945991542855,5.773180895919706
722170.469708,4368163.94258,4.4119664242406325,4.455680986162878
722078.193232,4367385.64977,8.086416212436422,8.011219029336335
722302.73277,4367131.57841,6.604250328939893,6.608409056112557
722210.373035,4366461.07044,1.1853776920288188,1.1892678025168066
722441.319389,4368025.51836,6.802046030033215,6.965792132731598
723262.323801,4366839.72903,5.191017633786332,5.187893813904461
723037.787657,4367039.84454,3.824547400828757,3.826767053340541
722743.196035,4367794.67202,2.02977366311612,1.9651200143505982
722310.079441,4367663.2579,6.555454649306737,6.322726899211159
722294.652486,4367601.60183,8.42827527535816,8.51406075892206
722380.998522,4365906.35689,0.0,0.006913748782944738
723029.375918,4367856.60819,4.72846008975743,4.70144108988349
722488.954823,4366407.3914,1.8585954135714051,1.8297629930283394
722597.382913,4366268.78105,2.1760572137486838,2.2121938611764493
722859.384781,4367609.8676,5.0563132276048615,4.91845208534776
722781.586396,4368156.83967,5.507220839669249,5.481201734966465
722836.441821,4367278.51219,5.519742150535407,5.103363759586733
722511.27589,4367586.40152,5.172073894936034,5.179223476110359
722511.129189,4367779.02967,5.189758847134594,4.681746015058739
722535.006203,4366900.62951,2.5089870473957254,2.5065633964269742
723300.373044,4367579.51273,3.6516008099500827,3.5466868090429755
723270.571083,4366238.64556,6.730563721777525,6.473425038483654
723509.845252,4366909.35269,3.9575090492069362,4.006300320393797
723262.703157,4366392.76778,5.396107526480183,5.334247137172956
722480.992807,4366707.92686,3.176163400910943,3.3834737605577128
723192.268475,4367340.52878,3.008722270417258,3.032800504610728
723315.203569,4368319.20197,4.700673682450479,4.716976509988318
723462.301137,4368180.68072,5.141673350924148,4.861544496764181
722758.704735,4367748.45739,1.4501099119288887,1.6039486827330132
722217.358135,4367509.06549,7.031986187085953,7.11988328102626
723392.490503,4368396.33219,6.408809466812121,6.453945245799403
722666.871898,4366461.51069,4.530534355079666,4.20164714669601
722643.6068,4366530.84431,4.777772056580875,4.610625842256701
723176.129186,4368126.43479,4.972954390398756,4.881613859412034
721838.569148,4367084.916,1.3403779170384378,1.6001365308413211
722674.870313,4366122.4321,1.9419965693996637,1.9319608531930728
723508.777001,4368111.38976,3.6003848898444084,3.7770705345045723
722179.473139,4366391.68447,0.5560760244488588,0.6337886089693258
722821.84879,4366168.81921,2.944384307368195,2.9855986200767353
722836.083443,4367725.4212,2.1227563320723832,1.6842984097800555
723253.671495,4367910.78259,7.692953052229426,7.685826490077266
721738.008531,4367061.70987,2.011307547624055,1.8964327344715879
722945.35851,4366531.14932,2.2251335427896777,2.384704905141116
722812.912308,4367679.1666,3.919040652238578,4.230586604499515
722798.205211,4366715.9478,5.565149262678192,6.1568625159520325
723363.553856,4366084.61175,3.7218897330609995,3.58863137490104
723415.996189,4368057.35306,3.6627671554777907,3.9351085260167826
723362.737631,4367032.48565,3.5186391615719037,3.5878878606342233
722612.587224,4366623.2884,2.5305126069122195,2.5600816350103885
722944.752701,4367278.62374,3.611454287255907,3.551930481430018
722155.534535,4367416.54339,6.824281772972421,6.805962158394796
721915.662144,4367485.67028,7.346930606317134,7.3161946833775175
721977.690159,4367285.38665,6.794365584826835,6.753069606795423
723556.177528,4367009.58106,3.839263894040519,4.190714727739561
722326.162424,4366831.07424,6.26923226364688,5.911921609963689
722580.78257,4367740.57339,3.3457891340946904,3.243106065535774
723261.433932,4367879.97106,7.428547070434694,7.479762713545773
723284.694836,4367818.35607,7.217938059982343,7.171757508848718
723006.015047,4368041.5014,4.914218835850891,4.920499311787755
722937.210134,4367039.73994,3.266786806682066,3.2336876356819806
722047.880217,4366476.33278,0.6120651004188651,0.556486092919439
722649.917848,4368364.72949,0.0,0.26418800181804203
722435.021338,4366099.07791,0.8884023368367576,0.9099226342249467
722387.152098,4368048.57988,6.768870538552201,6.811551140351362
723487.390889,4366046.21252,3.6007076655170276,4.810677746071079
722209.052099,4368294.95695,3.281051260066266,3.5878247037454347
721977.785779,4367146.68675,7.430838431467012,7.338729052675265
722843.589586,4368010.51299,5.128216029078869,5.10578278282178
723293.796843,4366223.25722,6.199943598877804,6.243437181418859
722612.934147,4366168.61084,1.78646697689836,1.7771039444292394
722518.871022,4367771.33231,5.096589014453982,5.027181260465584
722867.319593,4367363.30455,4.716842089116904,4.5884225084571915
722427.14735,4366284.02864,0.5163424930354413,0.6209779282459396
723192.046421,4367602.51172,4.059586182421676,4.054107273894364
721892.427292,4367524.17554,7.040085971366416,7.015973048213628
723540.443459,4367302.38104,2.772815572355413,2.8514048530883613
723392.612695,4368257.65026,4.661785561693293,4.674366781878692
722263.702398,4367609.27747,10.392427182314936,10.102491297550664
722186.579129,4367277.87458,6.820732394717858,6.8945270540424275
722302.082338,4368017.67856,6.587210543371822,6.969060928903385
723386.872951,4365961.32778,0.0,0.04055939633036571
723045.04625,4367617.76607,2.7816711287560874,3.047242773920351
722086.108353,4367131.375,5.753780289071736,5.784533027892917
723353.941718,4368249.903,4.661495102059413,4.65042464591294
723555.820137,4367410.27559,3.0762710627436416,3.0635562969128767
723262.86613,4366200.10425,6.217725883907323,6.467978042429322
723400.829197,4367710.61142,4.943005501499688,4.977927291698534
723446.850407,4368157.54937,4.069848833009001,4.108394271798421
723270.597153,4366207.81913,6.213982224705598,6.083721912332624
722480.744107,4367039.28151,4.565485305117452,4.530295848094629
721706.799747,4367462.36789,5.0715136919681765,4.991870241277044
723300.093471,4367903.12798,7.185698194765702,7.190071132648316
722628.226801,4366407.52777,2.730390576572939,2.5917538466931624
721838.300023,4367485.60054,6.985998155675407,7.0092517884333425
722410.382315,4368017.78338,6.575624474055288,6.6529648676163635
722743.104338,4367910.2467,4.190675808841619,4.447207028127269
722751.364926,4367247.60339,4.600339307039029,4.377674477868645
723385.201866,4367887.81111,3.0195752657836463,3.2523315378611457
722512.495494,4365968.13792,0.6241994363390252,0.5445384472599963
723091.662585,4367378.94926,3.091587518603135,3.131879647605732
722542.402981,4367347.56649,6.500914409073416,6.144164129351627
722681.784431,4367185.88848,5.543300927489079,3.3922092921127924
722998.958741,4367217.03541,3.4439937286675053,3.449968236349586
721900.37318,4367215.96687,6.196361519869761,6.237028396189077
722813.010977,4367555.8832,3.734443744680644,3.846323408876041
722627.306301,4367601.92705,4.191966526817346,4.198680621670237
721637.198744,4367423.78047,3.3382052522897743,3.327104774543309
722736.495483,4366476.99281,3.743124832943613,3.741970527122839
723184.303715,4367610.20871,4.063394088986128,4.079916967203731
722272.276642,4366453.42225,1.931317657456233,1.8699497956450437
723338.376318,4368357.75008,5.324333989161119,5.275182392218761
723199.965765,4367386.76999,2.9637250718372568,2.9907347573824596
723168.61606,4367864.46111,6.497203450625173,6.250487869359239
723138.410343,4366986.00969,3.4093655543023385,3.498376655963112
723083.759233,4367579.28064,4.278165712999544,4.1015167358866185
721938.685301,4367755.37151,6.665276859805328,6.725100409201351
721714.556262,4367431.55346,5.130442758033714,5.013173205610446
721784.012886,4367685.88663,5.249914383813131,5.235144306377292
723455.287669,4367363.93107,1.8465803873121167,2.176801423940436
722441.424137,4367886.83106,6.27003901047105,6.177862903675854
722217.207661,4367717.10513,6.686156867976584,7.009947838205638
722783.227216,4366084.00676,2.367060198914015,2.391558870542171
722844.159786,4367301.63672,4.675597975249926,4.969416383542689
723239.289131,4366631.63916,6.243188614143218,6.2763566083032405
722465.050682,4367332.07966,5.7652047781945885,5.879618358375907
722951.57942,4368388.15315,2.3373375222861,2.6781853786537244
723500.889747,4368280.88437,4.82876214913014,4.83149114934763
723247.045882,4366608.52879,6.321706970404289,6.330433251877993
722828.130505,4367995.08734,5.1168884880722265,5.088971098474248
721582.966009,4367547.01768,2.5259556607356246,2.5023924551381436
722340.82953,4367925.25782,5.707631062182252,6.062910460473531
722735.031773,4368333.99784,2.7815128186377542,3.252356350423449
722000.717714,4367547.38987,7.484926247158019,7.4681966101551325
722364.431867,4367393.62566,6.2367985021978205,7.120042812229211
722093.185457,4368063.70913,5.013972291994578,5.060458280476555
721614.004847,4367400.64435,2.520317666120343,2.663815375316288
722379.898822,4367401.34598,7.385172791014334,7.95744163074145
721598.596506,4367300.46084,1.5444609150610602,1.5265297627366736
722209.136258,4368179.38851,5.830685151684463,5.515062155655315
722697.803121,4366484.66047,4.119225047195175,4.189914918476437
723501.49436,4367602.84955,3.3984254210457854,3.5904178094416475
723448.253016,4366562.50893,3.949537759651928,3.9898785994564525
722922.326312,4366307.63992,3.8586592880036314,3.837084125291264
722054.751693,4367716.95297,8.939434987502546,8.750093112899197
722279.371501,4367339.60621,5.988915634066118,5.965392464001149
722797.716545,4367332.41137,3.966061258029709,3.9639128781566377
723323.621709,4367533.3061,3.548361838199816,3.5186975201059827
723355.320028,4366662.58887,7.366810356146549,7.154344474572119
723021.42249,4368118.56538,4.532696836671786,4.552406905753822
721629.277904,4367708.8654,6.869527304921522,6.689323499684909
723401.401378,4367055.6453,5.142544729825793,4.8996891843572214
722434.2952,4367077.76505,5.528746399185743,5.488660512921672
722357.689943,4366037.3504,0.0,0.0003509577349977439
723161.173312,4367517.72042,3.243357293883345,3.280884227695172
722867.703033,4366885.55111,2.0475007415794635,2.090659579779796
722766.041288,4368249.27945,4.273034387705881,4.433157758973647
723152.758576,4368319.0259,4.027442880606499,4.051068647939038
722264.228286,4366884.9569,5.159971538429208,5.04169132728562
723423.65029,4368149.81891,3.908649122211053,3.925636513477731
722960.017861,4367532.91902,3.365184912772552,3.6252474189094497
722951.782534,4368141.60643,4.89482305717303,4.885589706274372
721985.336041,4367416.38578,7.2004143032627175,7.203778390584333
722078.775483,4366553.4236,1.082600377974788,1.0759604341001714
722798.545233,4366284.39444,3.9216224729047773,3.9153561540859108
722016.238348,4367478.05681,7.277609625509324,7.32418629664317
722481.42419,4366129.94937,0.7768082744821437,0.8136178005054052
722046.782493,4368048.2564,13.721143830088078,13.704749585862618
723316.211005,4367155.72743,2.679719989620946,2.646874272543229
721830.765467,4367185.08213,4.657557931340011,4.5668095009704555
721675.734104,4367647.26542,3.552751048746781,3.890060026494701
722326.566211,4366276.22608,1.2072420890586133,1.1133762120878459
722727.949224,4367509.56491,3.215390263002743,3.289284676937628
723207.177228,4368003.19129,5.3395021374857,5.320145584323412
722418.222407,4367879.10346,6.261970772799832,6.241294898889838
721791.887968,4367477.85372,6.5496777726678355,6.495035897723259
723160.618615,4368172.64649,4.525338782423279,4.517029757178005
722055.25343,4367000.34947,4.999126919342614,4.915905407604276
723378.358077,4366862.97253,7.124930192210156,7.249029934855459
723123.513078,4366292.43572,3.685163709181187,3.762912184293411
722132.139145,4367678.49959,22.301873865333235,13.01350921663391
723115.353904,4366801.04248,3.093285072423672,3.3272933224713084
722155.721131,4367154.55661,6.174835960353263,6.260402495445115
722340.743757,4368040.83014,6.784942381817163,6.710527396123843
721660.497555,4367285.10369,2.0825807634148217,2.0291989718030403
722148.518385,4366399.36217,0.0,0.014663097834526661
722844.553845,4366808.46768,2.195743259703053,2.197946813826276
723014.609082,4367001.29124,3.5537836231273605,3.586596805648358
722418.91928,4366946.7518,4.749114270372281,4.759727801583351
722194.739614,4366684.53566,2.8184646700739764,2.815982291629705
723184.870054,4366939.82374,2.7613041376997707,2.783645101661097
723099.212266,4367602.41282,3.845944080905052,3.832850850787917
722844.357129,4367055.05605,3.029896008297748,3.0170370752321607
722999.669614,4366346.25212,3.7160162930206364,3.6141519655375545
723338.987268,4367656.60732,4.946361752951323,5.048298459897451
723098.577851,4368357.49057,4.332350861521508,4.294303453284074
723417.60457,4366215.68429,4.846866825117528,4.851800130036688
722317.701805,4367817.36651,4.946942672219087,5.590654830901151
723415.962209,4368095.87708,3.3864200126551687,3.4330530652740303
722171.457483,4366784.69249,2.858333621078288,2.9507066521956453
722899.113956,4366307.61619,3.8091861257012516,3.818055057864254
723022.781237,4366469.57882,4.061877543453995,4.880384992507054
722396.288032,4366160.694,2.95069343685938,2.9703747360108474
722162.784101,4368094.59331,4.866552678714525,4.746024601618503
723563.866262,4367063.53049,3.9719993301475425,3.9802292084126596
722418.476757,4367540.07929,7.435001045028072,6.995068015886929
722504.475649,4366345.7551,1.424195334222802,1.522988810504495
722147.91892,4367247.01632,7.0494776277668425,7.156432392290879
722348.594011,4367886.74081,3.6774186318973325,4.630361557193176
722101.679086,4366992.68658,5.142125006036964,5.41539608438867
722574.345302,4366037.55925,0.0,0.20454676175558348
722434.782157,4366422.75176,1.8039682278052944,1.8089256758831016
723408.551704,4367726.0302,4.942586162425605,5.1523596917093375
723464.117319,4366115.54805,5.693366993512803,5.683477957882468
723370.607808,4366878.37608,7.204836214563166,7.1650136678515794
723485.404952,4368296.27628,4.8724261187548885,4.876537136682393
723471.633171,4366369.87463,5.4245714164563585,5.243258610176989
722194.18279,4367462.81176,6.207043509531169,6.295636223517405
722581.515454,4366785.0858,3.7769781918086003,3.6642188084805802
723533.144652,4366809.20034,4.110608591009676,4.12865748951421
722611.349187,4368226.00898,6.259130808538487,6.323953810707212
723455.970067,4366585.63626,3.997881784172267,4.014396150960819
722651.130243,4366808.27283,3.1668302211520385,2.9924846027855154
722132.783734,4366769.24449,2.475475507583328,2.471281121200757
722960.0305,4367517.50845,4.075915784567037,4.260104532092004
722040.089719,4366553.38814,0.8822287231151543,0.8943770402424644
722806.282751,4366284.40227,4.007272671143199,3.945460496596318
722473.28455,4366669.38888,2.3531541073165196,2.375624297730749
723625.572857,4367271.65397,3.472393371280955,3.4453742678706645
723424.544252,4367132.7284,5.043114049354727,5.6208570479208815
723293.014348,4367140.29091,2.412728724727292,2.333586056645088
723068.016905,4367902.87883,5.168556063290716,5.202985802558884
722643.316011,4366908.44244,2.530464132854115,5.729431740808067
722658.980209,4366661.86524,2.999372932638985,2.9391207467675806
721946.463778,4367693.73821,6.908802833428799,6.889560404357315
723309.265419,4366230.98045,6.150663948093095,6.111710992513745
723563.955513,4366963.35432,4.656847747917302,4.256544976665668
723369.736769,4367880.08912,4.386697205522408,4.746350928977643
722457.770206,4366723.31652,3.9070352438479614,3.932813047767249
722674.727999,4366307.39006,2.879784930648642,2.893813443864609
723315.872125,4367548.70834,3.5032455704056593,3.5416295982758648
722365.371461,4366114.42468,0.16588885457943384,0.9578336530705462
723502.603195,4366346.78912,5.289512303278278,5.542754956478345
723269.56035,4367425.37211,2.8663145285019684,2.9749374596411475
722953.487015,4366045.64604,3.3553743020127906,3.375962996483411
722309.721174,4368148.66621,5.932633020744258,5.909854073662795
723200.564516,4366677.83508,5.309521317262643,5.280615584707985
722309.886352,4367925.22803,5.886483793854773,6.26708615628383
722170.486375,4368140.82866,4.552511954423727,4.588527226272431
723270.126339,4366762.67687,5.163328174595591,5.186736128749337
722650.622762,4367463.25511,3.529031076314174,3.5418568119595317
722999.381074,4366700.74194,3.054990951235643,3.0389160794961856
722480.511844,4367347.50575,5.779888570652869,5.911079000800225
723168.824884,4367617.89742,3.973451628316954,3.965361401889669
722271.607092,4367378.12599,5.472850808899227,5.463771587808481
722325.942541,4367131.60054,6.577173335626157,6.562041383573249
722232.449728,4368033.02146,5.56114745988132,5.573494968935719
722357.025021,4366946.69227,5.5516273087554415,5.508062223131521
721644.855056,4367547.07139,3.3979410651794826,3.456568709933866
722326.364626,4366553.65503,2.639876622147297,2.6552379172799645
722124.556467,4367462.74649,7.272220541335264,7.199880116834106
723247.16975,4366462.10897,6.7706456123942305,6.7047645985058315
722835.673387,4368233.94174,5.063961741487248,4.8690435166513515
722867.961601,4366561.89511,2.229967868298761,2.3042160374459697
722388.18827,4366653.89452,2.591358514204003,2.574698749093462
723524.956769,4367317.77494,2.822550340685663,2.8444869286682786
721722.474726,4367154.16393,2.2878964836650795,2.2170359544610023
722210.257745,4366622.90123,2.5216795563242385,2.516556904809258
722031.153733,4368271.67613,2.068755269556794,2.0008131823829025
721985.272074,4367508.84951,7.185343487769092,7.2461789108146055
723517.990033,4366446.99021,4.518916354439143,4.733451318867728
722666.699435,4366684.99126,3.4697469185372842,3.3761966479836496
722913.028754,4368234.02201,4.233501100318204,4.373008365804889
722318.934662,4366129.79393,0.07677075345643529,0.06972801329294541
722875.507806,4366800.79323,2.3089282618039784,2.3793222835015513
722349.474699,4366692.38796,3.183166363448095,3.200489262521956
723331.457989,4367417.73377,3.183024403706504,3.145415553160666
722704.825065,4367401.66643,4.244635129807175,4.278738944897227
723021.563282,4367949.05942,5.094813940611956,5.035433489046503
723386.201828,4366739.68402,7.278319808932034,7.24996336593756
722627.25847,4367663.56852,3.621135633860723,3.7361354281388586
723370.400945,4367117.25771,2.951439014038802,3.0429317281768036
723339.161045,4367456.26927,3.366153239790408,3.3261613674232002
722944.4762,4367617.66085,3.8030541573509957,3.8250568285551307
722944.444712,4367656.18687,3.8749888901489937,3.5913023659775343
722480.674488,4367131.75001,5.1029468103606455,5.123814539976037
722766.892771,4367178.26866,3.8318412077145374,3.6300155209684823
722085.630214,4367809.44194,12.13286746397069,12.324301528165313
722627.228538,4367702.09421,2.152475930982324,2.373472974982221
723068.312457,4367548.44317,4.792681676595564,4.795621235425863
723425.094927,4366500.83299,2.0511314870029844,2.170136528717654
723184.127163,4367818.24756,6.283593280432539,6.545200328563117
723238.75288,4367263.52304,2.8480711628483353,2.855428697347227
722039.801482,4366969.51213,4.371916464947921,4.422976693303816
722093.212868,4368025.18541,6.013023014248816,6.335267256919701
723369.89827,4367695.16711,5.065833763445488,5.131295892992651
723277.428913,4367271.27027,2.840080445198613,2.828803831576003
722179.549396,4366283.79452,0.21361815302362755,0.2620185942303788
723533.069628,4366893.9665,3.99116889655425,3.9741631707445095
722395.531887,4367185.60688,6.13543155240579,6.167296302277928
722093.839545,4367139.08779,5.789376790454759,5.7125253762618255
723547.46239,4368103.72832,4.558805118252919,4.360509052158539
722837.269184,4366238.19431,3.284762603229258,3.2959529499558844
723470.317435,4367864.79005,4.739303274897771,4.747134397481903
722402.94101,4367624.8217,5.728382190913314,5.864789089113815
722240.577972,4367493.67685,6.659499983166426,6.719393109763289
722820.728675,4367579.00691,4.83602325526244,4.734759604072962
722063.375965,4366445.52175,0.0,0.06187046155409176
723571.189357,4367525.87405,3.0162996120714767,3.0504392267923017
722991.323115,4367093.73646,3.6953617276910378,3.6074268855397844
723301.298216,4366500.69881,5.867701250483411,5.821562628640636
723254.835325,4366546.88696,5.905395216666332,5.926476659940203
722736.345066,4366669.6487,2.4173501106239885,2.135828101262085
722882.87939,4367255.44316,4.403575795611543,4.34865276997582
722999.406201,4366669.91734,3.196320530072847,3.135183036702406
722210.026302,4366946.55279,3.7234385946318715,3.771613459693285
722883.780166,4366130.34878,3.498437020784614,3.417809741379608
722673.58445,4367779.19153,0.46656261690112083,0.9726700713725612
723207.394169,4367748.9268,6.681380249679532,7.494230601395097
723324.364839,4366670.26162,6.815664932072174,6.863594437994238
722992.057115,4366192.11312,4.037995990827707,3.9752635555234477
722999.047182,4367109.15603,3.5792140373245203,3.6485824388414696
723231.251968,4366986.10862,2.6038544338968714,2.636079787673261
722217.890109,4366769.32395,3.4229844563412977,3.4511895729442874
722287.399663,4366938.91998,6.287046480000385,6.194214085240826
722116.825725,4367455.03397,7.3799129709952185,7.159273840012261
722510.976167,4367979.35797,6.135689696000934,6.105298073524037
723091.797413,4367217.13287,3.4911432138988334,3.48755259037625
722132.707649,4366877.12772,3.238968468051128,3.3177839695189597
722124.249234,4367894.23233,29.070745173314933,22.96515682943659
723013.718776,4368080.03344,4.803751074007063,4.808016455649017
722905.16705,4368388.10463,3.0107779936671206,3.072537008714995
722496.518936,4366638.58691,2.4828949238339586,2.4547191736617373
723176.834612,4367294.27904,3.0236674765460307,3.042169404364455
722681.591952,4367432.46468,3.595091984357064,3.6145978206908405
722859.023659,4368056.75772,5.001515228491144,5.0044081925948785
722952.180875,4367656.19494,3.6882622017524245,3.6942666840992975
723146.840752,4366153.74118,2.7649798947486732,2.8285320340697906
723347.456819,4366808.99675,5.404304643591598,5.445560005748346
722775.531664,4366030.05181,2.185064347759622,2.1632815879685308
722286.848604,4367694.05621,6.241607051818862,6.190430734249237
723170.034318,4366176.88568,3.9206218298481885,4.133045559766636
721823.095993,4367084.90225,1.2044958028381312,1.4236997150628588
722387.088539,4368133.33175,5.915657867253658,5.924405886649463
722696.701452,4367894.78976,3.5294180993495186,2.1719688774485206
723223.1291,4367440.73296,2.8917870689639082,2.8614633994221594
723347.450242,4366816.70276,5.363803029186068,5.418113760142855
722752.000172,4366438.47662,4.851643058699838,4.490966085964781
723208.191206,4366808.84692,4.275906668005961,4.178993018775291
722820.425678,4367956.55514,4.9966420467926245,4.964781558790437
723216.330606,4366331.06644,5.58373829453188,5.093459635444012
722666.233321,4367286.04547,7.3059769520840385,6.095420038042457
722187.314048,4366245.26923,0.1581148034662072,0.28518726623493323
723067.920263,4368018.45225,5.169201614635954,5.138348113636543
723061.39179,4366562.09493,13.180810429259552,12.917893171965355
721784.30041,4367254.39064,4.34813186043784,4.458952220272052
722782.973585,4366407.68226,5.264824003827822,5.206791741307387
722271.337117,4367747.97694,6.086345413138751,6.070728176518157
722921.311682,4367563.70002,3.4758785021727894,3.799582004426434
723610.155232,4367209.99145,3.141561002433814,3.10776643221402
722209.89921,4367123.78483,6.728369308861422,6.8167657017582215
723191.731965,4367972.35515,5.320203306924048,5.346052397716499
721621.765936,4367362.12426,2.3570462664105354,2.3819320189736084
722185.862648,4368271.82133,3.3008340617794723,3.4356486075611152
723547.476277,4368088.31872,3.383741243872759,3.808792555205616
723069.521331,4366084.2998,4.062522710084485,4.043646217063659
723532.946575,4367032.67282,6.907964155280636,7.056017380668445
723153.967851,4366885.84934,2.589580362644002,2.619736200377426
722835.766799,4368118.37182,4.754568371338563,4.786364084149365
723122.936732,4366985.99336,3.478524954916463,3.6634340749380385
723393.423026,4367333.04094,3.870922839989396,3.789104676085504
723440.663334,4366392.96017,4.922222441444635,4.922359917335848
722751.29191,4367340.06974,2.707209397143319,3.1736164823360093
723192.111799,4367525.45886,3.44425187226265,3.440046868907199
723417.631294,4366184.85774,5.4601032857619085,5.248830782022686
722928.493435,4368241.74268,4.172603448892969,4.1250279709460145
722541.960659,4367925.45458,5.347214898730816,5.462818730940005
722906.820539,4366346.15657,3.739768581491979,3.5084625570542824
723161.898284,4366654.67541,4.2198498822405055,4.224631258689529
721993.221622,4367200.64007,6.74040626386128,6.824369456388098
723015.182071,4366300.02913,3.706172981507391,3.702698672256686
723371.218837,4366169.39401,5.293384841920206,5.276497060226333
723276.519471,4368326.86427,4.42523023456824,4.4741285330129905
723456.198589,4366323.61862,4.745919214399581,4.6976324785216335
721977.418492,4367678.35629,7.230040416489168,7.171988663934967
723377.155153,4368242.2239,4.627673674518415,4.619596908490693
722038.900059,4368256.27434,1.7969006331906683,1.7380697976879496
722760.080267,4365999.20916,1.975243233108846,1.97548673676901
722472.792879,4367324.38179,5.821326196037518,5.827744490646439
723052.448719,4368018.43584,5.16045589429551,5.143207189384159
723145.551407,4367694.92459,4.346066711676678,4.348435980522958
722426.919331,4366592.28244,2.641180420424419,2.6453038111629006
722728.595949,4366685.05319,2.331186510555875,2.9182292814064645
722542.155656,4367671.18902,4.881914338556779,5.061657291689789
722682.702761,4365999.13205,1.308350991434184,1.0753003530407323
721993.280168,4367115.87841,7.0690019011701555,7.168361484047757
723061.632218,4366269.25124,3.61784401448656,3.685971961778883
722450.428148,4366191.57239,2.0949151029140065,2.045501446845987
723417.277351,4366593.30018,4.088179336552799,4.128538035585312
722504.116878,4366823.53995,2.85825302333882,2.722117730671883
722992.038414,4366215.23296,4.32686444451649,4.232611014277268
723301.540948,4366215.55887,6.077115721646753,6.042015996260907
722829.269558,4366569.56194,2.3391997340182913,2.4570940277967113
722479.804183,4368279.81024,7.6873700718229445,7.675765210729876
722287.438785,4366884.97886,4.977278584153501,4.8680192505704865
723030.044594,4367047.54227,3.825999698998165,3.8517336231228563
723191.495216,4368249.7263,4.731719393092855,4.675775855807433
722489.17903,4366106.83681,0.6504819456111446,0.7377960590722331
722929.778497,4366662.13922,4.90660263800724,4.573480304642318
723284.341792,4368226.71295,4.414418980751884,4.225192639064762
722279.919399,4366584.43587,2.433434457118222,2.4297885489323785
722712.62195,4367324.61967,4.938164635839905,5.33591213296917
723393.349044,4367417.80133,3.171315995100465,3.1805003325709738
722434.742163,4366476.69612,2.0172100336278063,1.990145476987699
722449.247259,4367771.26394,5.322914007030447,5.354696489501109
721722.464589,4367169.57512,1.5212668476874176,0.7433231377390044
722442.008798,4367108.59534,5.395945946286499,5.520377303810467
722952.275337,4367540.6163,3.349758620852827,3.3647504344037524
722125.057622,4366753.82535,2.285169433181941,2.2931988954538243
722797.199776,4367979.64588,5.1498381519968275,5.085616639023902
723177.366084,4366662.398,4.705708059627934,4.703808969909552
721938.81785,4367562.74378,7.410054601982469,7.403635427146221
723330.80228,4368172.83091,3.7250201569562247,3.892683445597066
722968.138205,4367062.88931,3.605161123426718,3.5516288781487924
723493.99033,4367340.8573,2.7247912457897177,2.1488425343572377
722155.440929,4367547.53345,8.63575347720054,8.766113376688626
722101.472892,4367285.50062,7.474502785806506,7.427201635249947
723524.634244,4367679.92776,4.20710235910319,4.32414581813216
723091.72681,4367301.89428,3.446285089699822,3.450228076921479
722860.083134,4366739.12906,5.739516220402284,6.763218531086971
722813.874295,4366469.36448,4.644132540818722,4.561582141258089
722843.745014,4367817.88988,3.962252966750507,4.11975650332727
722712.106205,4367979.55923,5.099493610792801,5.082009051889319
722867.91861,4366615.83873,4.6962198398260435,4.533781492195945
723277.961855,4366647.09305,6.803821103875241,6.883366718528555
722735.111501,4368233.83867,4.927998933368789,4.443732166233782
722410.878622,4367355.1434,4.829504263876842,4.847896778821252
723285.13235,4367309.80648,2.90383421890456,2.8490084314599593
722194.508713,4367008.18463,5.345149749969654,5.339644131851621
722224.601726,4368187.10785,5.765850329539827,5.688294496009047
722634.77851,4367940.95689,3.881604829650804,4.187321209355101
723556.047109,4367155.99106,1.7765884639857779,1.5869867465022598
721583.030171,4367446.84949,2.077362300230993,2.0554136524028546
722767.257091,4366715.91652,4.220785893219624,3.6685002908193964
721985.095675,4367763.11898,7.288388563286943,7.275705421393048
722898.545087,4367016.58266,2.9412281075849287,2.9138981131580644
723176.495736,4367694.95764,4.658074218530304,4.709016470261932
722696.433871,4368233.79936,5.777952301331907,5.502091778806579
722464.864827,4367578.65078,5.5141914861676655,5.519806235548512
723137.313822,4368288.19108,4.123259166030785,4.2128948774742705
722257.022978,4366145.14893,0.0002831499362857833,0.011079293482656198
722249.219323,4366237.62052,0.8634979238772471,0.902214608962628
722357.588946,4366176.07033,3.5966089146039457,3.6054819320528324
722108.722755,4367971.26636,7.376976058617665,11.100411394715591
723222.576186,4368087.96101,5.64731433002478,5.5139483202870405
723517.254435,4367279.23851,2.7546237584778615,2.9715567791878033
722651.308382,4366577.08954,4.554803315456047,3.404852864556073
723417.717857,4366084.67047,5.545656920598869,5.439927021657908
723015.075387,4366431.03888,0.6060075743721305,1.3743636667312913
722882.067764,4368257.10365,3.9036466763575883,3.955243447519911
723324.120088,4366955.38508,5.018361117826792,4.993930517241238
723253.843537,4367710.45119,5.2054432826494645,5.256645680031788
723107.648952,4366762.50403,3.066005334438339,3.3622574051317065
722798.775018,4365991.54115,2.196075653244344,2.2030346232654647
723216.103642,4366600.78948,5.980169913725675,5.7709717284235795
722828.637661,4367363.26489,3.473651773217947,3.5524939107959814
722852.933285,4365999.30267,1.5418985224895767,2.065975596444066
722279.952794,4366538.19861,1.6101510542666595,1.6966462168922003
723330.613992,4368388.55956,5.164973984282672,5.1833796518548665
722472.39681,4367848.33665,5.858987846181703,5.865860571235607
721977.397135,4367709.17665,7.12192864775513,7.109419495413852
722272.448318,4366214.52268,1.2130027114994584,0.9960640002332438
722386.961302,4368302.83275,6.163379155191675,6.149353147238129
723030.038238,4367055.24803,3.8575297655068423,3.5692720547500745
722976.532137,4366253.74988,3.8360688380678196,3.847809802774599
723308.719092,4366870.60299,5.805318984850029,5.74573811967177
723107.661701,4366747.09185,3.3028026471391727,3.3407988883152817
722193.827057,4367955.9368,7.656679068177176,8.609003983087115
722009.061687,4366668.95215,1.0380034750888958,1.0262441430421407
722023.461704,4368210.03266,1.6016311614826226,1.5979803720360761
723030.398789,4366616.00627,3.3219079661831508,3.271630432862505
722364.540157,4367247.22168,6.324417670510688,6.260462677911803
723517.827117,4366631.94184,3.7656506508019545,3.8020247414784922
722039.887014,4366846.21843,2.2763850490094377,2.2852791352652533
722441.34851,4367986.99441,6.87653065217342,6.776019427240027
722952.38867,4367401.9197,3.934466559443557,3.8510275969276866
722395.009065,4367886.7858,6.284174199700303,6.303287053767351
723401.045042,4367464.04237,3.2617201134658784,3.2550718021417033
722951.902886,4367995.21565,5.056861830833889,5.000503050917003
723099.321844,4367471.42255,3.6276869412850563,3.650856442313825
722365.349004,4366145.2513,3.499598859320142,3.4284815831316178
722503.855162,4367170.30093,5.1850149295910235,5.1733662748794735
722820.264439,4368156.87938,4.721005087392711,4.609167497910345
722380.018867,4367239.53101,6.07624434274511,6.172705906367154
722997.991731,4368388.20195,4.185447535431748,4.073233641643959
722681.235783,4367887.0692,4.031347735287161,3.882823601737026
723316.667343,4366624.01606,7.264410062544445,7.267305892003619
722944.72762,4367309.44594,3.987909593218822,3.8282031938752805
722341.461014,4367069.96988,6.1447258759752605,6.185292793400778
722813.538828,4366893.20174,2.048743370211831,2.087838972633291
722612.604882,4366600.16985,2.4311948402193573,2.4571590034244486
722883.040677,4367055.09568,3.0244613354261816,3.038890591759496
722488.810664,4366600.0485,2.4103825418435463,2.475218226903361
723301.422962,4366354.27691,6.410939632365502,6.278849624494983
722132.723934,4366854.01001,3.0883247528349873,3.168710640279053
721969.693115,4367662.93905,7.223844200776189,7.196832171164038
722883.108737,4366970.33176,3.458419377530638,3.251454411513534
722186.639842,4367193.11361,6.372825942393754,6.312532415460374
722651.769463,4365975.98103,0.8194914619491057,0.7253488428296478
721985.079561,4367786.23396,7.430903063544487,7.4134031737583195
721598.458094,4367516.21022,2.8017767061419123,2.6687114567754096
723408.008956,4368342.4177,4.885690313797241,5.032798448168489
722163.8624,4366584.32705,1.3308737315745505,1.277681137577806
722596.824118,4367000.86661,8.106618353223709,7.979023614061604
721939.081947,4367177.47403,6.9010254401062125,6.734136341419364
722078.263628,4367285.47914,7.351254800071876,7.333049747390425
722071.123921,4366430.11619,0.0,0.022369401786884523
722999.863407,4366107.34771,3.6932642628911405,3.7012784596818564
723005.86796,4368218.70994,3.9413729585792483,3.970481884382915
722395.577612,4367123.96177,6.194134790914915,6.200859535441437
722371.675012,4368056.26962,6.3283548412300865,6.395997260814963
722488.660444,4366800.4069,2.4565188807890115,2.446758929267105
722627.084698,4367887.01481,2.864855882539236,3.168918315070137
723517.786318,4366678.17915,3.6803232282361513,3.719179991663728
722426.426254,4367254.98703,6.0369691989525744,6.10519953191934
722024.135522,4367246.90165,6.936976263771094,6.972094746309145
722395.233685,4367586.2882,6.1474692768351415,6.110922446159561
722581.226807,4367162.67147,4.3884076472869635,4.3910289770035185
723455.916235,4366647.28619,3.748546617871161,3.795067613856267
722255.713188,4367955.99559,8.185717244037798,7.679635224104192
723424.199976,4367525.71085,3.2768559457517203,3.0924670045986393
722294.158969,4368271.92478,5.640537195044037,5.662399346878557
722921.24896,4367640.75239,4.335158509744114,4.355077492013995
722798.296468,4366600.35553,2.795415832517272,2.818384645174774
723006.606615,4367324.92142,3.65018082781941,3.6590004672513206
722395.101336,4367763.50614,5.2941919734591245,5.324448310995313
723447.571555,4367340.80598,1.4616020146685051,1.5284250646017632
722287.628636,4366622.97408,3.2118822415834694,3.0810433006785947
722697.641724,4366692.72829,2.255253245036355,2.34403707530628
723060.876721,4367186.2777,3.75451700602773,3.8234759379427135
721753.10469,4367631.92341,4.450789912920342,4.4990315717714005
723332.333093,4366400.54907,5.969487924064267,6.038948279330557
722310.37919,4367254.87532,6.33377662615763,6.334400866614196
723238.69373,4367332.87301,2.9076940619598406,2.8978813218039488
722945.1904,4366739.21637,2.707535250533912,2.6809740488978693
723586.744987,4367433.42657,3.1040511222572675,3.102450001804614
722635.341167,4367216.66455,5.4153094089256255,5.167130466633022
721861.560745,4367408.5682,7.210806218004991,7.224967584764478
722317.428237,4368187.19687,5.994950654300163,5.93434748200849
722326.291698,4366653.83532,3.134558039896662,3.1784022880059264
722751.75278,4366754.43128,3.2087550877635884,3.268723581133493
721954.449225,4367331.59825,6.655046525256739,6.715851403490213
722588.250249,4368087.30176,6.192682492745507,6.095347629341107
723200.076708,4367255.77592,2.9828559744119008,2.9769615681872676
722651.787104,4365952.86048,0.45936912438558464,0.6084123734045884
722077.867082,4367847.95951,11.40842035730629,16.048067052811977
722635.388811,4367155.01956,4.67082174166762,4.673806036282825
722914.012365,4367024.3044,3.0774298235611917,3.0617214541724853
722535.349736,4366445.96836,2.503242486795562,2.6957982004920376
723571.051026,4367679.97968,4.053099507074813,3.9421178363472626
722411.205386,4366915.92092,4.598144894122922,4.438327220078373
722572.617822,4368295.3114,6.247383928457761,6.230853339017764
722852.646422,4366361.51422,4.493421308164509,4.356565986839794
722627.622494,4367193.54003,4.876492553629235,4.654011361503093
723432.852271,4366477.72229,3.586991815361855,3.935539538490423
722047.102214,4367593.66385,7.594167538388848,7.619360636677851
723129.643515,4368211.13672,4.345905131482994,4.370442226496491
722201.428733,4368140.85796,5.406370177067508,5.339150745960785
722155.567463,4367370.31108,7.206094231785407,7.1535372960979755
722758.410333,4368118.29248,5.409468284924,5.352588347328146
722635.727539,4366715.78497,5.838688757278208,5.462657357530466
722728.009935,4367432.51147,3.556623587388705,3.5877426223535376
723494.906211,4366300.54142,4.336804319431196,4.331285343247741
722605.179058,4366191.72304,1.8368859604059058,1.8287808076235084
723602.494679,4367125.21996,3.8593694714263433,3.9065109116952303
721776.276911,4367685.87972,5.122632663957641,5.152962948284747
723425.255418,4366315.87834,5.0872946908845105,5.136120468291171
723393.517056,4367225.16276,2.964099399285955,2.982900185061172
723563.466855,4367510.45471,3.0664539118331833,3.041615704819185
722039.854995,4366892.45378,3.046083650701516,3.0264244624530514
723106.74159,4367848.98508,5.542655760858589,5.507536852056612
723317.140777,4366069.14827,4.862389680438718,4.869219645217924
722998.374894,4367925.92025,4.534858933549157,4.405568588761981
722171.795638,4366306.90679,0.2553706674285859,0.28264086975397806
722542.455853,4367278.21701,6.155537129791615,6.06292460027928
721784.023217,4367670.47645,5.301033740517341,5.3127143542523445
721737.831064,4367331.40415,3.79537332742987,3.700275853425927
723199.77609,4367610.22533,4.190966268475502,4.187635003477226
723594.599063,4367302.44158,2.8743244818890377,3.016450359467305
723038.199078,4366538.95183,1.8462320281088325,4.430121922296406
723486.491973,4367071.15049,7.657970170867649,6.889126189133415
722162.861797,4367986.72682,6.880532454970295,6.926613516562113
722643.292232,4366939.26593,5.044243571851519,3.283216254927699
722550.777762,4366507.63405,2.1200423618906363,2.206760322443962
722418.976535,4366869.69296,4.240310551337685,4.265481496212671
723485.356746,4368350.20826,4.465634900857558,4.577423795455549
722217.408208,4367439.71764,5.507253155707985,5.800365962530667
722317.445349,4368164.08292,6.003535179161671,5.977667989079249
722179.320307,4366607.46,1.9315338671439704,1.779353802242316
722487.962236,4367725.07151,5.257337070139112,5.227811559818973
723316.627746,4366670.25325,6.691642900266857,6.7797775971125604
723123.634198,4366146.01016,3.165729744618635,3.1900831683482527
722613.051356,4366014.4769,0.8791435032026839,0.8202004147174258
722001.107139,4366984.88831,4.561773961954463,4.875382259560196
722759.040513,4367324.6666,3.64563042179351,3.4318533758087133
722131.775368,4368187.02002,3.276984825191923,3.2656720356875124
723370.721097,4366747.37332,6.7081340826059,6.734920949448758
723479.532213,4366184.92529,5.260080086284249,5.314122350210373
723246.509058,4367240.4145,2.774274218318145,2.767595173671696
722472.150923,4368171.93836,6.586113336913768,6.465497052420541
722356.820735,4367224.09756,6.317801731008878,6.422655889921827
722658.136636,4367748.35575,0.9773801252781742,1.1337709554080402
722394.760479,4368218.09027,5.716699558195314,5.650784558606203
722566.316425,4366422.87965,2.2889679142350947,2.3075044548392905
723547.517845,4368042.0898,3.634464076265802,3.654244125729718
721745.491095,4367446.99139,5.499055653881821,5.480409502660225
723377.02646,4368388.61062,6.676088113621681,6.481180448436215
722101.385892,4367408.78748,7.896623347507352,7.771952220364556
722093.893712,4367062.03106,6.966473112842598,7.039424402037961
723185.496646,4366192.3153,5.305067474638206,5.432658448981825
723431.576534,4367934.09206,4.50252212021631,4.495218585433441
723501.910996,4367132.81369,2.7072157449366405,2.83888399291552
722542.86571,4366738.81157,5.386813202910711,5.363373655981945
722241.415774,4366330.0911,0.9040479161621944,0.8843877653574285
723322.999549,4368249.86909,3.6692215147859173,3.9963218997544914
723502.515298,4366446.97312,4.609568998531029,4.669082320880034
722558.643172,4366338.10154,2.2023041849960614,2.2022455464129194
723633.086671,4367518.23824,3.1071653881331263,3.0861120305746437
722727.602186,4367948.75546,4.845801549983466,4.8342778590854225
722611.654868,4367833.06455,2.496442846002125,3.9566690276348804
721915.856609,4367200.56975,6.38989804400056,6.441532126722591
722372.333613,4367170.17328,6.188583741832425,6.200953178857951
722588.702815,4367501.72009,4.717519571786132,4.658384006233086
722194.728684,4366699.94784,2.710717418562592,2.823211798831557
722163.572837,4366992.74411,5.046018645693546,4.9534786249084455
722373.125958,4366091.31207,0.13133241749221852,0.14135168538211024
723571.486008,4367194.53678,1.797023357194916,1.8475588257876614
722659.205746,4366369.02635,2.9950743224149075,3.037288462584759
723540.518956,4367217.61929,3.2622364006561684,3.3473663747259392
723131.122739,4366446.57306,3.7838199588668178,7.048277871745868
721807.411898,4367400.81435,6.113099246065119,6.148920243122108
722295.354585,4366638.39366,3.204420891425429,3.2637444278343795
721722.175731,4367608.78065,4.466312768241531,4.387411787773535
723393.811931,4366886.10729,7.947484175901671,7.804731918083378
723362.383413,4367440.88378,3.2590417293982146,3.2583860408194054
722774.757179,4367016.45629,2.600272162531455,2.5796841043789986
722528.022916,4365898.79129,0.2605225990058774,0.6754437456399004
723192.13145,4367502.34277,3.31241974638126,3.3229590538067675
723369.433095,4368226.80613,4.58846316280336,4.613129589681609
722364.254728,4367632.4894,6.20475214849885,6.317645620689474
721961.866545,4367793.91768,7.286710437561123,7.492978649970248
723015.313718,4366138.1905,3.802796013755851,3.816060726624253
723316.237514,4367124.9046,2.6752824973732516,2.6387931217291745
722868.084418,4366407.76855,2.9031501960846375,3.01410470748992
723377.681406,4367641.23917,4.194968071272374,4.200443294617118
723524.991013,4367279.24713,2.74734957204417,3.0246361509612996
723324.839057,4366115.39707,5.070771192506729,5.033460098287022
722905.882971,4367509.74693,3.267206530470894,3.254129096741266
722448.879901,4368256.66609,7.232815748673042,7.454715091291167
722217.796223,4366900.3249,3.7456420215323423,3.8060657921043983
723440.347792,4366755.15546,4.100636400056234,4.185154656711529
722975.408171,4367633.10353,3.227382398734592,3.303088524050995
722364.443308,4367378.21482,4.763991574348232,4.937427610869297
723338.497576,4368219.06746,2.4076264453970166,2.973560670204539
721637.298367,4367269.67257,1.6479321583397457,1.6981289436897997
721915.956193,4367054.16276,6.730272877428897,6.521396027427401
722217.118261,4367840.3854,9.08540191789844,8.848681594312717
723269.566971,4367417.66663,2.831192765116575,2.868863180601541
722876.128234,4366022.44666,3.264657025843433,3.2970697660940207
722024.338699,4366954.08637,4.135167626305192,4.197985589853116
723222.872869,4367741.23832,6.588565508710275,6.3842430511489106
722797.612293,4367463.4036,3.2827617018308186,3.27017893509214
721985.154565,4367678.3634,7.274640397093035,7.229916367527331
722256.774424,4366491.93914,1.5962707385572021,1.546750856399785
723294.025497,4365953.52101,6.632972362511213,7.133642146906673
723177.488712,4366515.97928,4.973470677589048,5.07640731048348
723285.889151,4366423.6184,6.281560062995368,6.278235460487101
722681.832427,4367124.24322,6.734113100032088,6.768767942895641
723022.282496,4367078.3573,3.885445052253993,3.8977173957411453
722589.411052,4366577.02828,2.4856929541878956,2.4766907110555363
723277.514663,4367171.09701,2.4739941634505285,2.4849072551075313
723447.38839,4367548.85247,2.948066604567798,3.101308795520966
722573.099987,4367671.21966,4.38004933469661,4.3275396242832445
722719.70157,4368156.77657,5.880997376849756,5.816496579821631
722735.557671,4367671.38267,3.4139805924057094,3.3910429297165563
722921.786475,4366978.07745,2.876509469293845,2.898485649040499
723338.752865,4367926.28504,6.434336829125488,6.350795465931302
722789.278743,4368210.78022,4.663012032306295,4.723234000373184
722597.529182,4366076.11562,1.204741058489254,1.1575068636872428
722186.230354,4367763.30623,9.823467926601808,9.961228986856392
722642.80258,4367571.12159,3.7728798256102642,3.751672300541836
722875.784935,4366454.01474,2.4880778009037017,2.431692991764124
723369.561429,4368080.41639,3.0196593259558338,3.086693915091707
722008.41095,4367609.03855,7.648837042777115,7.394037616732081
722457.562888,4367000.72998,4.714873503757203,4.6464676631535
722913.425007,4367748.61634,4.962013872427456,4.98103821209493
722566.351458,4366376.64124,2.192202922245044,2.2384629181280213
722751.619717,4366923.96268,2.0058051649570428,2.0509142782110446
723200.291761,4367001.48719,2.8167896220661337,2.8444869825283403
723084.335832,4366885.77583,3.4646155932436202,3.4361719458032796
722990.320224,4368311.14872,4.0705263156782285,4.059416597083531
722155.153787,4367948.19539,8.07705687207473,8.876601602279287
722781.666561,4368056.67826,4.826761247731703,4.741659298015285
723015.238497,4366230.67016,4.004077999885249,3.967079540834513
722062.438792,4367786.30538,10.440705805328308,10.0557872335144
722031.893394,4367216.08658,6.8842110973798,6.91676162283228
721582.842308,4367739.64518,4.610246865915002,4.874844762661225
723609.731719,4367680.02315,3.3006728663005367,3.334016926318608
722929.40474,4367124.49513,3.183737664847187,3.2701086384747398
722758.674122,4367786.9827,1.6042613600282425,1.6583550667599853
723154.03235,4366808.78938,2.774951893344746,2.8821574241739194
722418.001927,4368171.88521,5.610040087630687,5.749830909814562
721854.006168,4367138.8694,4.864067806164535,4.907597732707752
721846.248883,4367169.68482,4.880300844908433,4.89002501103402
722155.589508,4367339.48935,7.417800448695814,7.316002319079209
723432.274129,4367140.44268,2.8053168512425484,2.8691617923409245
722395.480386,4367254.95701,6.047780452768928,6.088521548257232
722279.612519,4367008.26494,6.322610280629923,6.290959119768668
722774.231966,4367679.12717,2.867841076617522,3.0448699913180146
722302.529878,4367408.97703,5.424829944766252,5.4632122487297075
722666.251356,4367262.92886,6.050846244586685,5.848071998428289
723176.293058,4367933.81403,5.359091427681235,5.3534236138259415
723192.995583,4366477.46402,4.461794678254369,4.802932683406367
722891.450264,4366215.12969,3.417433791973554,3.4069952936614385
722302.749614,4367108.46143,6.624614049920862,6.600868836353697
723307.842719,4367887.72645,6.979672675807479,6.999365494280281
723346.064543,4368411.69,5.764010623620326,5.646861798916462
722481.550138,4365960.40113,0.2867634629066467,0.27059146258220207
721853.730829,4367547.25634,6.426365539570482,6.515731652152503
722171.74123,4366383.97091,0.6740890523548865,0.4778249828294726
722589.222946,4366823.62344,2.885348675317778,2.740914730469291
722449.548921,4367370.5918,5.973263899304732,6.195307573046113
723633.128431,4367472.00592,2.9534333752865405,2.984086885402495
722456.866694,4367925.37069,6.61848169685586,6.582812215854791
723122.057615,4368033.91946,5.1216647216545335,5.106383534904166
723586.544097,4367656.88136,3.353825055727173,3.578690865279111
723517.657065,4366824.59529,4.130197881205212,4.146580584372937
723494.865768,4366346.7806,5.1104983761268254,5.329797007815231
722108.52467,4368248.63476,3.382385893819561,3.0249663565336395
722565.85369,4367031.65916,2.8421007746917657,3.344032165698063
721784.048957,4367631.9509,4.9745355680083625,5.057295408200771
723417.223744,4366654.95003,3.9735805077571507,4.001453168110345
723029.968433,4367140.01114,3.862467579282833,3.900160412096115
721970.123266,4367038.80041,6.208334612221642,6.304297066166855
722232.897488,4367416.61624,5.345762985276153,5.567748356267105
722472.197809,4368110.30097,8.162545874834217,8.199035138333967
723292.590342,4367633.44115,4.625802037274927,4.666001570583504
722016.291983,4367401.00348,7.4617548779544425,7.482995410009279
723014.330392,4367340.34048,3.616036624605797,3.6273998305930455
723075.726978,4367933.70682,4.735947023446136,4.717570512635193
722372.968343,4366307.09616,1.1880176046217923,1.18922220901037
723053.597552,4366631.44289,3.3163569171006615,3.1885346447492906
722642.454146,4368018.01313,5.357897273106972,5.357752450318228
723037.85111,4366962.78626,3.735347054906278,3.6448832849805144
722651.207499,4366708.09422,3.594252921494155,3.9937415952490993
723177.100837,4366978.34485,2.9329534704520204,2.943071622180423
723371.397268,4365961.31103,0.0,0.011218150025309313
722125.203809,4366545.76023,1.2194055190315058,1.1443989013035922
722990.524472,4368064.59949,4.775222551953414,4.789410350154891
722611.295103,4368295.35011,6.130235595034651,6.0609416058134595
722844.289347,4367139.8191,3.2114498222079946,3.2095755562086277
722418.071598,4368079.42903,8.476264592881892,8.009337037110717
722372.196732,4367355.10601,3.8537214742276418,4.077295764827761
723532.555958,4367471.89322,3.096983527642641,3.089315525650056
723230.655028,4367687.31062,4.655847489575458,4.739078796920699
721962.185565,4367331.60531,6.68212274914098,6.7465765313340365
722882.848334,4367293.97094,5.2654695551730555,5.218182218953623
723377.614182,4367718.29109,5.653542861776498,5.629674039361175
722657.744189,4368249.16944,5.15684111453398,5.351702087660057
723409.023791,4367186.65136,5.232809966167589,5.171876612059682
723022.699411,4366569.76081,13.108424041348734,11.889753148591383
722411.717791,4366222.36154,3.1879362492370804,2.925854007991334
723456.393011,4366100.12615,5.663159961018588,5.786675555870008
722403.759086,4366522.90404,2.387366020325581,2.3802076468804176
722403.4857,4366892.79579,4.473186851338487,4.431731473676546
723331.823802,4366993.92282,3.960413645545752,4.006655234078407
722774.659801,4367139.74813,3.201367987551694,3.204939332633592
723246.08763,4367733.55823,6.3452976786819475,6.100967844364316
722434.901827,4366260.9165,0.7191346288143077,0.8158218926762303
722240.589105,4367478.26622,6.396449351424892,6.389509342070062
722597.488306,4366130.06246,1.5150189840196684,1.5003104440158677
722163.611203,4366938.80343,3.8819276053234204,3.955409157626404
722890.503901,4367394.15026,4.179864555025265,3.7456797101124986
723037.022107,4367964.48549,5.141157063733859,5.090411039606016
722975.774262,4367186.18869,3.106636020641442,3.221420648193501
723138.126301,4367325.05997,3.283923540366346,3.2892603898956443
723214.8801,4368041.72387,5.236263165735433,5.086174793181254
722481.061996,4366615.45334,2.484185834167058,2.510477046840893
722403.605487,4366730.97029,5.277571526965136,4.756482761931859
722828.427811,4367625.2462,5.789667250088641,5.488120668878008
723471.875159,4366092.43629,6.020865424363625,5.65659714139017
723338.564764,4368142.02049,3.312484378458734,3.4063503401629185
723231.486863,4366708.69263,5.409435968885263,5.541828693016754
722094.346506,4366414.72487,0.0,0.002138916323103697
722673.318313,4368118.20607,5.909171191906795,5.882759001064232
722889.759197,4368311.04358,3.669350394226117,3.7277847598305156
722527.739915,4366276.4194,0.31252376999924086,0.5908213829139005
723253.525699,4368080.28973,4.822436669262215,5.04932419943582
722101.315083,4367508.95663,8.027196302022258,8.003816400498431
722201.350348,4368248.72244,3.9288189469596033,4.227231975774687
722433.9838,4367493.86268,9.545636169571036,9.129988194963033
722249.06486,4366453.40035,1.496572200443632,1.506140511315673
723400.416119,4368180.61219,4.403575795611543,4.378668406498758
722974.830175,4368334.24608,4.096085994030334,4.068760845470439
722750.680796,4368110.57988,5.353701958792426,5.281493869239337
723006.549575,4367394.2707,3.920492950407988,3.916681434449783
722814.238502,4366006.97033,2.2026009924232666,2.2015914436049973
722325.79555,4367331.94506,5.90149036198567,5.885799651773308
723061.569014,4366346.31643,3.661347173347118,3.7358597473219537
722318.784077,4366337.87046,1.1409517948479064,1.1399660496775335
722549.714274,4367902.34749,5.069157698858386,4.977215664826091
722696.561731,4368072.0012,5.724445020193916,5.756666917693031
722574.246359,4366168.57286,1.550731380720185,1.560196312776658
721753.344505,4367269.77425,3.1259444690717655,3.31950365944131
723231.460807,4366739.51707,5.360737237368316,5.332170525066454
723286.078884,4366200.12904,6.053750456210755,5.896005108358037
723354.720662,4367356.11521,3.1548507810068362,3.2168071347146903
722186.069062,4367986.74871,7.031372951779454,7.0336405989947774
722404.178099,4365952.62003,0.0,0.0007046991592055303
722937.097607,4367178.44293,3.2495858256350623,3.2727876711714528
723176.168561,4368080.20625,4.411643648568013,4.347107957527662
723153.293992,4367687.22772,4.368011610267255,4.34205422996786
722712.318993,4367709.88488,2.8580916355025123,2.7936127650509834
722720.804825,4366754.40018,2.085078523908831,2.187497995156351
722023.440019,4368240.85086,2.039510216287111,2.0019455542694575
722999.173291,4366955.03997,3.313258809244169,3.3216151409382944
721606.21903,4367477.69069,2.6361137272082287,2.585332167748649
723486.008232,4367618.24288,3.608678570357288,3.6042747444970855
722294.793591,4367408.96962,5.4202149066628795,5.454179116465606
722380.530529,4366546.00055,2.582254624434231,2.5690740213662235
722758.201045,4368380.24845,3.042866281273499,2.9771755255640087
722248.732388,4366915.7658,6.017444540834516,5.960067063197977
722945.209072,4366716.09809,2.758280087432051,2.7114236940528866
722682.28691,4366538.58908,3.979550895913723,4.119874375285082
721985.277428,4367501.14419,7.171369878733524,7.220378619548933
723301.140362,4366685.6489,6.231312469907547,6.192417920566945
722898.7992,4366700.63814,4.128422807363181,4.918188429944446
722681.549826,4367486.40222,3.0821672009540686,3.10113425698045
722241.388222,4366368.6232,1.082416484325786,1.0478328069338516
722334.24763,4366353.29798,1.3103195767938844,1.2925163301966704
722518.847494,4367802.15237,5.175720606021551,5.239870039608915
722982.597581,4368295.73153,4.038932001806826,4.036207712036706
722913.806702,4367278.59173,4.3605889239412745,4.135200127776422
722759.404982,4366862.32313,2.4362905793989356,2.275898240009547
723331.903352,4366901.45197,5.987366772495247,6.013618488814323
722843.918663,4367602.14646,5.166232386219661,5.10691739047809
723307.916132,4367802.97121,7.049961598918397,6.972686485294418
723524.345035,4368003.53951,3.8979990638736344,3.84247279435809
723284.321793,4368249.82685,3.938307166761494,3.796476004146899
723014.037972,4367694.78546,3.039793949305047,3.03694061235911
721908.030963,4367331.55613,6.874755578331396,6.868667583646136
723091.185736,4367949.13303,4.684408327667843,4.675948197242021
722480.488588,4367378.32747,11.891309690992173,9.810869946703196
722713.474934,4366230.36326,2.821349645960703,2.8022545487875457
723494.371437,4366909.33563,3.9626726905393355,4.054490149704731
721899.989786,4367778.45132,6.96447259615891,6.671799522908466
723424.193194,4367533.41623,3.1312210241823686,3.1351440273964846
723416.517739,4367464.05939,3.178967779058202,3.2010886600237227
723246.52881,4367217.29763,2.709833151716926,2.721578722998085
723239.328252,4366585.40178,6.272427319619579,5.889178609473999
722813.526565,4366908.61359,2.139008606553625,2.1902481950799637
723316.594746,4366708.78406,6.219887980784694,6.259422037601869
722859.601771,4367340.18016,4.585849026098423,4.618907648933639
723540.037514,4367756.99663,3.80082742839615,4.016611524482824
722665.522053,4368195.24498,6.3556572773854825,6.033238420000561
723091.08229,4368072.41055,4.6833757532872635,4.671375790918612
722837.055675,4366507.91962,2.4394306211628356,2.5581345488572382
722480.963935,4366746.45719,3.4677783331775838,3.2630765268706354
722558.707218,4366253.33011,1.6672598425074105,1.756400448962206
722628.567864,4365960.54444,0.8038201067356278,0.7716243457946386
723384.809372,4368334.68758,5.051117654948472,4.983118040031987
723524.627353,4367687.63292,4.548122743876766,4.5550847581456875
722008.534231,4367431.81773,7.3685207979111045,7.388973669609762
721737.780238,4367408.45798,4.982700369081046,5.027171318667098
723006.200029,4367818.05875,4.351036456776658,4.288339939980006
722976.188634,4366677.59942,3.3507915799481545,3.334963484637215
722224.528621,4368287.26716,3.578149146905202,3.651337248417165
723309.579672,4365861.05443,0.0,4.79930712932363
723146.795949,4366207.68774,3.3160341414280423,3.32120109630856
722131.896861,4368017.51683,6.190907418903481,6.159540005942611
723123.538582,4366261.60947,3.895256047728499,3.8614002305363093
723394.232247,4366400.61607,5.1402210527547405,5.123098283831078
723563.397804,4367587.50805,3.253135973319116,3.321567715420243
722558.433227,4366615.52888,2.4071261238687205,2.3954601123666412
722503.175659,4368064.10311,7.244078657602211,6.695706148164259
723377.148367,4368249.92858,4.645488275586669,4.650336958650111
722867.015154,4367740.86325,4.397927798412842,4.374899677120104
723300.797301,4367086.35907,2.626799975544041,2.6175303506613115
723393.180698,4367610.43516,3.211223802294213,3.298781613606242
723540.57378,4367155.9738,1.5592383855602001,1.6012213621801203
722380.058779,4367185.59192,6.162281948733622,6.200185341313849
722991.367273,4367039.79615,3.615746549686662,3.5999989651696573
723007.526012,4366199.83575,3.5705652651002864,3.6322733150620863
723525.856266,4366300.57548,6.2332810552672475,6.26553104232884
722959.904303,4367671.61331,3.470973389150283,3.495604856230056
722016.904785,4366514.83587,0.6408809562990795,0.6426209535095685
722496.703685,4366391.98614,1.7003228049249666,1.7707876584743374
723169.712795,4366562.20891,6.123329580613712,5.7889841842466385
723169.059148,4367340.50395,3.182249780563694,3.169490047349744
722550.579315,4366769.64339,4.473444994933631,4.754440613341851
723446.980107,4368011.15823,4.414935267942177,4.3762599298337745
722039.560017,4367316.26527,7.389433122121099,7.3663619264821705
723400.483971,4368103.56479,3.31758338771366,3.3578230390760546
722658.287005,4367555.7266,3.4697469185372842,3.559686733138429
722148.00099,4367131.43248,6.345168799241748,6.309111331110162
722364.042695,4367917.57537,6.25186970240619,6.2093418200506925
722163.408328,4367223.91412,6.280430540498576,6.306418242475476
722518.965052,4367648.05069,5.176817812479605,5.077355306865831
722279.67404,4366923.50098,6.044327253201084,6.148283883381621
723098.571333,4368365.19512,4.332738269271598,4.269476972760271
722804.737438,4368226.20531,4.5314057339813125,4.572524056128642
723191.416199,4368342.18112,4.188771855559392,4.2359275954830755
722201.333488,4368271.83604,3.376932177568023,3.64448717498284
722015.753313,4368171.50251,1.3780299493139516,1.4256786404008086
722124.501792,4367539.7993,8.685581731214276,8.607806890061571
723417.84424,4365938.24064,0.0,0.10008000343344706
723200.59693,4366639.30416,5.310424627488278,5.1986852849190806
723223.782276,4366670.15357,5.6664519651074965,5.553552423657059
722155.677291,4367216.20134,6.292403632850459,6.302038956799538
722303.470604,4366114.36604,0.02164868326341069,0.022936079379080525
723230.648426,4367695.01584,4.708580339928014,4.745281069582661
723401.078726,4367425.51524,3.15722273977862,3.204333575412358
721861.623232,4367316.10347,6.438306315883628,6.470693747674598
722565.156271,4367940.88737,4.985863109015006,5.147940362998998
722473.617849,4366222.4211,0.8072797502754813,0.8338698267970726
721745.496205,4367439.28611,5.454423357239219,5.399641317632047
722543.417676,4366006.70197,0.1519162794647473,0.8818909831930276
722945.040616,4366924.16023,2.6605502308568667,2.6907031713035336
723362.403551,4367417.76749,3.187610203489114,3.1927528678652233
723323.260969,4367949.38296,6.763997741568432,6.748956903817293
722511.058584,4367871.48955,5.530553404351763,5.5132470045392346
722659.282703,4366268.84219,2.60571318319634,2.6319035452075754
723478.605783,4367240.66758,2.9210257744402695,2.8918849784822824
723130.930529,4366677.76121,3.369670686720978,3.444230521748338
723385.632815,4367394.67647,3.147399048717467,3.164530104781495
722805.850805,4366831.54631,2.125157529164931,2.3275224422951273
722612.066213,4367301.40253,7.625601041496064,7.668745113767322
723053.774694,4366415.6664,2.6838572120087125,3.1870067351282523
723076.700853,4366762.47151,4.873781853522835,4.5046356264669924
723075.694731,4367972.23126,4.464860470072123,4.504445498900247
721907.82067,4367639.76728,6.787620765884827,6.895607190707172
722466.023298,4366029.74728,0.5047567603443094,0.518174361257584
723393.436422,4367317.62984,3.903904819952736,3.7669654430724147
722612.208711,4367116.46813,3.2812770876226756,3.3588486254979406
723332.42536,4366292.65804,5.608813617017686,5.867884208506147
721668.153793,4367408.39683,4.059973205457021,3.991601576381617
722821.581157,4366507.90388,2.78183886438572,2.977518397002299
722449.014269,4368079.4593,8.603739824255053,8.787582805169409
722024.503843,4366715.2026,0.24587874474725582,0.32622408446524803
723130.994651,4366600.6993,5.24765533881955,5.222721651183747
723053.91364,4366246.12347,4.141912445247199,4.084462298457399
723485.70707,4367957.26696,4.110027671741912,4.120490117008158
723044.764327,4367956.78881,5.012519993825168,4.935603632088658
723407.920454,4368442.5761,2.882641052929353,3.4413034903843545
723046.270516,4366130.51594,3.9809708780443955,3.9623135770200224
722897.946749,4367756.30541,5.3631897938795685,4.834219000037451
722829.000284,4366908.62937,2.18165962224988,2.20840609173599
722790.261178,4366977.94289,2.418021245499892,2.4128386577356498
722178.344435,4367971.33181,7.4320325860412755,7.428548746252115
723531.942592,4368157.64428,2.898686927948902,3.0098780143017767
722875.513991,4366793.08723,2.3499236575871074,2.4254250780140953
722982.559267,4368341.95872,4.110156551182112,4.096990964684835
722287.84565,4366322.4283,1.0169587128272932,1.0252699444116375
723254.298223,4367178.77769,2.5532740625530144,2.5616730544959827
722899.120131,4366299.90963,3.682194865479642,3.690355831331014
722681.223642,4367902.47908,4.121581040304967,3.9757791436870296
723292.037285,4368272.94912,4.008596089872411,4.010249745047309
722519.070788,4367509.35654,5.978007816848304,6.275717633271907
722425.76656,4368133.36949,6.091122031435806,6.492463343296456
723384.897477,4368234.52782,4.595530757417986,4.617750554700357
722402.669754,4367986.95665,6.7045200722738665,6.719472655692632
723152.94179,4368103.29569,4.029476098043671,4.152488239019305
722418.816118,4367085.45579,5.749746554950874,5.819097806653841
722712.179216,4367887.10045,4.258544106765274,4.08503579311528
722140.275319,4367116.01401,5.98827046743563,6.076247557421534
723362.356633,4367471.70538,3.392099941177858,3.411695865779195
722139.449903,4368271.7775,3.8726655977926874,3.846021222367206
723463.261493,4367094.24217,2.9082717111522567,3.1660478823626317
723007.607383,4366099.64904,3.7225029683674986,3.7311563217749346
722458.119958,4366253.23234,1.2741133987157691,1.0220591903700977
722643.931605,4366106.9881,1.6757604995541036,1.6777887622500476
722240.022073,4368256.46381,4.357394252683321,4.410206351965446
722775.381142,4366222.71868,3.0415365147509656,3.06411639965041
723339.13435,4367487.09088,3.5495236767353435,3.5546315648219085
722301.996969,4368133.2494,5.829846088821552,5.8080626980982535
722773.869281,4368133.71768,5.42279672732908,5.436188459926611
722773.863101,4368141.42242,5.562954849762085,5.436364685441273
721869.442874,4367192.82238,5.689913793944957,5.517655596245734
723410.020002,4366038.42136,4.14220290488108,3.765100735262836
722961.119233,4366176.66794,3.952184212395602,3.951137779050973
722690.089726,4366453.82737,3.750999174382413,3.7760648474529503
721699.098849,4367408.42392,4.8024280399926,4.7436080288240055
722874.269464,4368334.14104,4.153014158697433,4.0677617724347135
723270.512372,4366308.0047,4.239794264147395,4.2451882049603995
721993.354476,4367007.99853,4.898663664490966,5.006915604427736
723222.450611,4368234.35042,4.688603641982389,4.6987909831191566
723199.408583,4368041.70716,4.673564757812754,4.639745375415361
722943.951882,4368257.16809,3.906002669467382,3.866144954441981
723308.076032,4367618.04749,4.534116818802459,4.481048305602696
722589.884801,4365952.79965,0.6707327528139082,0.6754500605641612
723462.321728,4368157.56658,4.093471857325398,4.104943136994614
723494.446129,4366824.56959,4.147657005847362,4.175369225531969
723363.375401,4366292.69145,5.922338054118194,5.897979843767664
723471.025279,4367063.4276,6.301633324342454,4.536458755589558
722975.698628,4367278.65596,3.4756203585776446,3.4843691046995784
723555.281297,4368011.27901,3.7661350066682573,3.8250580988832135
723046.169826,4366253.82202,3.8176413864078116,3.9058112615699305
722883.07778,4367008.86094,2.9348930098483295,2.9369358159158603
722589.199403,4366854.44732,1.903850755746551,1.7682289830167315
722611.283043,4368310.75918,6.120908955426444,6.044751184230359
722943.882088,4368341.91814,4.00904774498523,3.9656213721104465
722216.978329,4368033.00679,5.714279317722798,5.7551145421376715
722744.274871,4366423.05607,4.284781652501352,4.436873630998633
722534.560884,4367486.25589,5.939248960246065,5.899839587170111
722472.833554,4367270.44324,5.697077951961046,5.725205285782367
723021.371165,4368180.20301,3.982520124330016,4.041964350756345
722364.739164,4366977.52297,5.58076906611559,5.565408194169158
723254.021751,4367502.40935,3.6989441914138297,3.6501019555255776
722511.474958,4367324.41966,6.054299059439784,6.046600941976807
722294.669483,4367578.48623,11.490069137462589,10.575878892558418
722435.174581,4365890.99482,0.05193954449985111,0.04723723268096906
723408.909408,4367317.64683,3.5550424097790976,3.4958308511373715
723121.888456,4368234.24234,4.39337777710169,4.388349588445662
723285.915336,4366392.79262,6.853197702776161,6.675078825255322
722163.38085,4367262.44181,7.046927738424633,6.9997868269461305
722032.059413,4366977.21086,4.458954713993022,4.507888830150114
723092.251407,4366670.01434,3.3116453155958254,3.306788997868222
722984.307065,4366207.51837,4.284103785117379,4.197324416780865
722163.16608,4367562.9512,9.138651055441287,9.049240877632148
723114.7686,4367502.26039,3.7327652342400786,3.683914164147101
722673.306155,4368133.6155,5.994305102954928,5.961410270884329
722148.333755,4366661.3741,2.1480061226958913,2.076143178439095
722534.070986,4368125.77149,7.4327420000344935,7.505110108608852
722852.229262,4366885.53526,2.0472168220962774,2.10317168846157
722968.495289,4366623.64823,4.351455795850741,4.17578689302046
722179.314826,4366615.16613,2.1540151746845244,1.9550516850574076
722287.93439,4366199.12414,0.6244640719955236,0.7313276317256325
722333.202163,4367778.85634,5.808707552340399,5.708586548960706
722356.329826,4367886.7483,4.130810731796966,4.474201602654259
722735.007227,4368364.81583,4.084661504907481,4.021238308277591
722781.623436,4368110.61148,5.126892610349659,5.100129245345985
722395.754608,4366885.08246,4.536795202870122,4.496789493467584
723175.905797,4368388.39148,4.374014314462566,4.4455855995449065
723044.545774,4368218.75079,3.860918332997216,3.892567694162911
722000.78726,4367447.2213,7.28693664983228,7.308719317291808
721621.795745,4367315.89179,1.9301719769400718,1.8661176042507386
721807.422234,4367385.40369,6.000759462263055,5.984409628738598
723169.835145,4366415.78833,3.794114925492881,3.909610327389519
723145.65537,4367571.64107,3.491498305610188,3.505863658131056
722929.510808,4366993.49708,3.005514326500537,3.059479629010991
723470.160121,4368042.00342,0.8483847897614664,3.036451368307227
723286.039648,4366246.36872,6.767611751900467,6.405284899581012
723029.7078,4367455.93839,4.165729365796013,4.166698052137448
723060.697866,4367402.03299,3.732604038761143,3.6536970113467464
723315.998544,4367402.306,3.029976606037216,3.054814183273192
723463.329202,4367017.18413,5.544979053214896,5.131052387024192
723208.450732,4366500.59953,6.676636716850706,6.380354991575212
722487.551428,4368264.4087,7.475019072996796,7.301456458399148
721992.92808,4367624.43464,7.107599562293459,7.217611894972778
723052.281384,4368218.759,3.861596200381189,3.9029413095635275
723579.298434,4367109.7825,3.876925544184704,3.8842802656493656
723146.866308,4366122.91446,3.319326145516951,3.215277728168574
721598.48775,4367469.97873,2.3681123937466864,2.388193325921112
722070.963344,4366661.30261,1.3490268816200444,1.4013163793887329
722875.834058,4366392.36361,2.820746220880248,3.0223478851514827
723486.403622,4367171.32521,4.206360244356492,3.311954822072101
722124.954499,4366900.23823,3.7860466878216625,3.7587535525299733
723323.187353,4368034.13663,1.7198830491571104,2.9651690384317395
722611.756427,4367702.07872,2.6838733700280817,3.221721984867438
723231.153867,4367101.69565,2.502093728561426,2.4764013913314407
721714.58665,4367385.32143,4.531696193615196,4.567025256694796
722495.581017,4367879.17926,5.756297477660465,5.810228842559509
722867.089805,4367648.40161,5.312457844925449,5.010620245090419
722898.780591,4366723.75646,2.529447524135529,2.6042565950727936
723454.339508,4368434.92315,4.992382100400607,4.730440392758896
722364.082904,4367863.64103,4.849867984857811,4.899533890787253
723068.491811,4367332.6919,3.50043792218305,3.4951726303660773
723199.507202,4367926.13403,5.143513056843649,5.302241339333146
722612.534142,4366692.64365,5.096653646531456,4.912566150157133
722434.947423,4366199.2641,2.492712074744417,2.4838874732617082
723432.267446,4367148.14838,2.7645184294098133,2.864167734423088
721915.79892,4367285.33044,6.669762633753755,6.706122412272266
723176.951642,4367155.5778,2.980529219622874,3.2293529480630783
722890.422938,4367494.32023,3.224468376884474,3.2768891335540773
721676.000463,4367238.88427,2.0051951997258906,1.1109937996065145
723594.308056,4367626.06913,3.2291251565378833,3.27086763950583
722108.974776,4367616.83687,8.342850904676146,8.146163377488877
722086.625295,4366391.59868,0.0,0.0004728104805688641
722302.918101,4366877.28772,4.693412191603435,4.711828665043423
722790.565428,4366592.6415,2.8954918719762026,2.895074767710087
722278.812863,4368102.40845,5.67790838555434,5.901804687783588
721846.051841,4367462.49157,7.266572928851311,7.2012190126376066
721668.108642,4367477.74454,4.055196971874711,3.9812347608141336
722836.064806,4367748.53648,0.15479075985228608,0.7015472132733881
722565.499946,4367493.99175,5.3257539712917925,5.2686273953800145
722836.3061,4367448.03245,3.3299115717768952,3.3636666048621673
723044.956671,4367725.6385,3.4019105519376196,3.4819452613734563
722688.856366,4368033.46947,5.456359626560181,5.476946303586682
722093.807004,4367185.32143,6.780295027675057,6.480875684338583
723222.4705,4368211.23649,4.6816006794452365,4.675852048563055
722210.175208,4366738.49256,3.1674078703444555,3.237299916336509
723122.258918,4367795.06631,4.977440164347182,5.018893753085532
723510.110299,4366608.81465,4.6260601808700725,4.086713470263691
722032.091422,4366930.97602,3.722664163846434,3.781147005143978
723539.636727,4368203.8812,3.850591435047162,3.9643355523228556
722828.557444,4367463.43528,3.2491018544835084,3.269730492732194
721961.604538,4368171.45254,3.756485591387431,5.47714929851525
723068.772841,4366993.64208,3.866404750002234,3.948067187147334
721985.106338,4367747.70892,7.221714419937554,7.210703381444845
722922.523824,4366061.02779,3.3459183982496383,3.3521502624004973
722534.236645,4367910.03708,5.390007874168665,5.283226255902468
721784.131174,4367508.66791,6.213852960550651,6.2514752782285665
722898.003052,4367686.95932,4.696994655326224,4.4681311482684585
723431.208573,4368350.14797,4.92180271765581,4.92894457452744
723077.037534,4366354.03907,3.941244079139048,3.7665000647998395
722187.150328,4366476.46134,1.1204202420586191,1.108503473676894
723115.052172,4367163.21777,3.533419902146391,3.7338840539726066
722472.168492,4368148.82433,7.11905636745505,7.260269830917933
723270.001637,4366909.09111,4.851965834372457,4.708427059954991
722527.560261,4366515.31763,2.0787145725662195,2.0600281830674665
722851.250544,4368102.97834,4.860808118114361,4.832730497132622
722264.178147,4366954.30962,6.4556365610855755,6.409274108355937
722279.309741,4367424.36568,5.509157108990211,5.668839701800459
723524.075614,4368304.0241,5.105463998949373,5.025237823139442
722952.432632,4367347.98152,3.771234015923183,3.801974192653764
722681.844382,4367108.83181,6.53073364910279,7.007570686938922
721691.337401,4367446.94374,4.5658403968288095,4.447885262144379
722983.950753,4366646.78284,3.5752768666051224,3.5925216785879437
723037.124651,4367841.20634,4.661914825848241,4.6334004309047865
722913.072853,4368180.08951,4.813077713615271,4.780940034021404
722225.305765,4367216.26673,6.42781783773989,6.441768204618762
723021.556871,4367956.76429,5.105463998949373,5.058747039587385
722543.290233,4366176.24922,1.3285598647295431,1.3805306094991892
722983.472966,4367232.43049,3.3592468406547176,3.3647107426138927
721876.897413,4367608.91877,6.5215689744030145,6.585515709484536
723338.64544,4368049.56319,3.614939418147741,3.6496766703003702
723331.584528,4367271.32896,3.175575941492482,3.0413721511460805
723122.401413,4367625.55312,3.6616376329809985,3.709883862627968
723486.831063,4366685.85117,3.999430645743139,3.9761209508134496
722481.251967,4366361.14549,1.3257941504143416,1.3849661453762194
722519.84624,4366484.48494,2.110250986868219,2.24062108475954
722828.729977,4367247.68206,4.771220749156541,4.671626496438833
722093.234772,4367994.36627,7.6829489299519915,7.42386379239895
722218.027775,4366576.67141,1.4348322160801406,1.5459808251160112
722148.006477,4367123.72686,6.267424873766115,6.044441773548086
722294.454459,4367871.27889,5.786052470327113,6.13336307278434
722976.569535,4366207.51037,4.264127471886499,4.2121386698569605
722619.468536,4367732.90682,2.093427410987885,1.8149178800588233
723470.146394,4368057.4131,1.860296237467289,3.1924586303325273
723501.883669,4367163.63661,2.3976155906115144,2.5149922603159043
722131.742161,4368233.24749,3.8026025022381766,3.7951241726947837
721830.496457,4367585.76152,6.00050131866791,5.98161737372241
723278.105968,4366477.55485,6.329774823360761,6.272179543317441
723176.037287,4368234.30035,4.621961814671736,4.618177474963231
723177.003547,4367093.93202,4.413483354487514,4.362467499130501
722070.391907,4367478.10674,7.557668111494938,7.482319857838643
722054.376462,4368248.58419,1.5270145821842402,1.5762276394233403
723130.911311,4366700.87972,3.7241487780545808,3.5011251516003634
721931.345378,4367177.467,6.7558971878584755,6.6521211766350365
722023.931572,4367539.70598,7.504838313026176,7.538769980577888
723362.610825,4367178.89496,2.80877332088574,3.0366858538690233
723145.772117,4367432.94477,3.170012196823346,3.1130991734947395
723184.199173,4367733.49167,4.85599956849332,5.175937944462334
722829.635022,4366107.17371,2.7952317465109005,2.761040082577818
722233.40823,4366707.69015,4.164180504225143,4.018895920062304
722396.067268,4366461.24628,1.6143852247706356,1.6589870310383263
721938.918348,4367416.34352,7.183084442775511,7.211083795850283
722023.505053,4368148.39582,1.202033436100832,1.2107414215991508
722495.645486,4367794.42455,5.341438406806662,5.286882187831043
721528.685895,4367747.30349,5.035562483588547,4.705695342497262
721737.678506,4367562.56329,4.660494843717569,4.638679124644681
723594.702706,4367186.85705,2.367873485888883,2.343985018784456
722882.11795,4368195.4667,5.304648135564124,5.579149422417299
722828.136727,4367987.38252,5.096556698415247,5.098701008391002
723462.081736,4368427.22735,4.997900833444361,4.879360121558391
722233.014495,4367254.8018,6.426397855609218,6.366193480932439
723253.26654,4368380.77064,5.276022665394264,5.284259283477042
723076.573402,4366916.59138,3.4946287295054157,3.4948711948204774
723146.802362,4366199.98115,3.1824144384753517,3.142751425275032
721961.999658,4367601.29085,7.553988699655936,7.462054675384689
722349.531085,4366615.32675,2.99799815449107,2.98941775569523
722333.321791,4367617.04924,6.806080148868823,7.15450227225044
722891.265669,4366446.32416,1.7226970451730443,1.9565784691954566
721644.830035,4367585.5973,3.3630228158951803,3.4188973919080756
721559.787075,4367500.76633,1.55975794282584,1.6793174511108155
722666.347153,4367139.63908,7.356644653675433,6.160050220218279
722209.063359,4368279.54791,3.392164573255332,3.532546811456479
722489.247811,4366014.3562,0.43938617482532255,0.44581030767286023
723069.470845,4366145.95346,3.994008860815595,3.989852040289181
722217.374806,4367485.94955,6.577108703548683,6.6170344765363724
722272.404079,4366276.17487,1.0746840064498935,1.1280725772164126
723633.28854,4367294.7794,3.452707132969213,3.4764130183019444
723014.069818,4367656.25961,2.2876317999192373,2.3005486310153547
723013.935958,4367818.06689,4.372949424043245,4.319622124774713
721799.469445,4367709.01565,5.302743797567151,5.622139446440196
723385.820675,4367178.92034,4.307630246032309,3.5475692104068473
722232.841697,4367493.6695,6.699969666247969,6.760549155499858
721776.359065,4367562.59759,5.287801861513726,5.060630119089012
722766.422358,4367771.58048,1.3123559681277184,1.6386893055639014
721760.78953,4367708.98118,5.146998187735483,5.013100472209831
723269.626374,4367348.31739,2.9023303689590727,2.8818673248254125
722132.848832,4366676.772,1.9577742982406505,1.9682865734921233
723153.059416,4367964.6088,5.4880508885477965,5.567209527870348
723401.273813,4367202.05423,3.8351328270887013,3.9009814453985765
723602.009469,4367664.60398,3.3375277696205496,3.3687961023760615
723083.707717,4367640.92255,3.553428531416006,3.7825334585188584
723339.114267,4367510.20697,3.5467160285127344,3.5555908414253365
722240.611515,4367447.44496,5.552143595945731,5.761380968676625
722928.657696,4368041.42041,4.888239818424706,4.893256032449518
723516.973596,4367595.16147,3.3082890641441884,3.2631671654726384
722348.48517,4368033.13282,7.448587631028299,6.792336979734787
722541.984315,4367894.63491,5.088650040937709,5.1446127781819895
722595.979882,4368095.0142,6.215176379279859,5.968162118949481
723083.520944,4367864.3704,5.350668098298662,5.429036905935075
722836.933331,4366662.04424,0.0,3.197692188184164
722845.116448,4366099.48266,2.7081646438597775,2.5864962580195754
723487.249629,4366208.05375,4.790422631601984,4.8443260027324815
722480.27295,4367663.42299,5.059540599616296,5.0358970653873145
721938.413928,4368148.31744,18.30802543056708,20.664416106116292
723524.241503,4368119.11184,4.045805700189033,4.174022135304357
722751.096957,4367586.64124,3.216197009826913,3.2426451699594465
722434.87334,4366299.44902,0.6158893573600601,0.7681678171217788
722952.946171,4366716.1061,2.8576624862023845,2.820380709554686
722767.751937,4366083.99127,2.2707276262994363,2.2826348320190433
722356.34132,4367871.33844,3.786466411610491,4.013831551292621
722225.521989,4366915.74395,4.813077713615271,4.850554169005191
722712.9115,4366954.74727,1.8029839351254442,2.1008531098226912
722271.088624,4368086.99159,5.899231316992086,5.90317832563699
722371.502001,4368287.40869,6.267586453959796,6.159520282771716
722898.408418,4367186.1086,3.2065637525654562,3.2376123497225806
723401.179696,4367309.93281,3.7280213166965073,3.472025024222996
723261.784403,4367471.59618,3.4127864378314468,3.3894557082382692
721961.609913,4368163.74796,2.766228871174366,5.797778979377303
722727.3453,4368272.35369,3.2078933267306162,3.5481862001445643
722982.546464,4368357.36774,4.132456926198792,4.125864785151222
722619.432694,4367779.13726,1.691470518599642,1.518417069545232
722727.596067,4367956.4603,4.864293633720944,4.893835555972193
722758.348837,4368195.33928,5.624788512166439,5.654231810484051
722929.622967,4366854.79082,2.4148263818845654,2.420248711183472
722752.348475,4365991.49463,1.8920519391750004,1.9510683558779565
722094.007226,4366900.20951,3.55181503776766,3.5870324587436535
721938.738362,4367678.32095,6.913579451725854,6.942969080797399
723470.043611,4368172.98458,5.011100011694495,4.877591711745201
723469.906454,4368327.07734,4.93254933939469,4.918115079076662
722929.535738,4366962.67372,2.825764632395706,2.845562636112139
722286.905073,4367617.00481,7.926732662455864,8.093086262067407
723323.834704,4367286.73172,2.8419878609135596,2.86151356122387
723075.546242,4368149.44156,4.196485001519256,4.218042704722269
722806.197796,4366392.29283,5.748036113186321,5.62364888013556
722218.296766,4366199.05882,0.6022672333350942,0.4924731862161696
723323.655031,4367494.77942,3.6289780439755317,3.5967176542271404
723191.58083,4368149.56563,4.580040218135532,4.701550269620377
722976.4199,4366392.46683,1.2910337303549393,1.4502366643774294
722558.823473,4366099.19784,1.1007535280202785,1.1167496343204226
722263.792276,4367485.99359,6.464091821792139,6.4771616097009
722952.577019,4367170.75329,3.1573873976902784,3.2271646174871176
722364.168915,4367748.06607,5.177882702898923,5.107288523255535
723276.992079,4367779.8224,7.497771103126292,6.0828870707041816
723431.27685,4368273.10222,4.744273404712499,4.755788181000432
722209.360091,4367871.19775,8.257458850032869,8.182266341986425
723207.780622,4367294.31211,2.9501836898197875,2.953973989913844
723084.81937,4366300.10166,3.676998908108507,3.6907026697568996
723378.124262,4367132.67758,2.935470659040746,3.029731631997283
722781.968019,4367679.135,3.0197722397340403,2.9863662253853835
722696.859029,4367694.45896,3.282438926158203,2.73224558452151
723392.890391,4367941.7543,4.4856762308806575,4.464907188676847
722913.236607,4367979.76562,5.038886419001446,4.954795116848655
722982.928579,4367895.08428,3.690747074302415,3.3511591196822206
722643.035918,4367270.61121,7.102726765309691,6.935305446471326
723524.103269,4368273.20573,4.895371660402058,4.904573625886964
721644.900045,4367477.72423,3.428051149557491,3.298672552986692
722875.118112,4367286.25746,5.2949987202832975,5.2810696766039955
721791.743765,4367693.59859,5.326431838675766,5.310435433356063
723154.244783,4366554.48626,6.4673834411663025,6.265157533937908
721575.323461,4367400.61092,2.0377513004644534,1.9760954072426815
722325.117912,4368248.84097,6.073565573962697,6.020740075450654
722456.872543,4367917.66583,6.5170185683771145,6.542028675557893
722713.319522,4366430.73151,3.6203288870365498,3.625831518613989
722457.712669,4366800.37683,2.7374452832435465,2.7958168330087987
723069.071857,4366631.45911,3.35095277542709,3.1811456703995034
723038.205405,4366531.24556,6.4060018185895125,10.005351650070414
723433.239954,4366030.73978,0.0,4.575504455507065
721714.647291,4367292.85656,3.1014789194597396,3.181238197373837
723423.404814,4368427.18436,5.571991029736412,5.120162284766319
722194.563787,4366931.12655,3.351210919022238,3.571595722010907
722782.475639,4367039.5815,2.716123045470767,2.7293271715372733
723044.56513,4368195.63685,3.8757960216879126,3.908331358602164
723517.643415,4366840.00737,4.106897247846687,4.178894119385886
722589.134561,4366939.21227,1.9247373040685083,2.619433075164651
723478.217403,4367679.87611,4.058650171442557,3.998582248546319
722628.132352,4366530.82903,3.7411239315451774,3.6412660953657965
722727.821538,4367671.37481,3.4483502384609865,3.4421451015977436
722441.383457,4367940.76528,6.674313039779655,6.674921701597261
721892.395788,4367570.40682,6.790750805065308,6.793785445760535
723417.737797,4366061.55016,5.079291085290766,5.048419770459713
723014.343035,4367324.92952,3.5944145016878357,3.628236179293409
722325.545887,4367670.97788,6.313735680849282,6.231894588715912
722388.573047,4366129.86011,3.050924516361297,2.8263868746198106
722503.146204,4368102.6267,7.30552529697122,7.24456973289629
723200.285239,4367009.19301,2.811803526589411,2.9064221038293234
723300.240009,4367733.61693,6.9616003158588295,6.737474632078366
722464.853159,4367594.06123,5.202312858754239,5.2529826555021435
722866.496416,4368380.35999,4.484126984595037,4.207881862737288
723292.616891,4367602.62021,4.327639260016673,4.185989544265299
722666.38308,4367093.40493,3.076535746489481,4.709608874611413
722124.921874,4366946.47329,4.321959331493983,4.344244641850611
722906.721821,4366469.45902,1.2560473865604433,1.3573329394642981
723091.192215,4367941.42815,4.75440679114488,4.935266333434332
722999.832175,4366145.88118,3.9514420976489024,3.875981731190528
722380.547484,4366522.88174,2.442912866694068,2.427102945692496
722789.383748,4368079.80041,4.89482305717303,4.914781086450835
723370.854141,4366593.24971,7.39178911523089,7.351096156021159
721907.789024,4367685.99797,6.566072006890669,6.5151533566393365
722093.649542,4367408.78027,7.906692101862259,7.8188165119374435
722295.326658,4366676.92427,3.5095706655588415,3.404859508964466
722448.973365,4368133.39219,6.829316150149872,7.115549478251268
722983.359369,4367371.13013,3.9061961809850527,3.8691870801473667
722998.157976,4368187.88323,4.335965256568288,4.266272078092616
722697.245509,4367201.31522,1.8409360449035101,2.8307630777928856
722016.681788,4366838.49133,2.1629222828612753,2.2458218587352583
721753.420809,4367154.19116,1.76563852050318,1.8350923198454836
722326.750344,4366021.90757,0.0,0.0009720531109212409
722356.934348,4367069.98466,6.0916060025873575,6.092481844564764
721783.971696,4367747.52697,8.26949580503273,5.403892411737758
721799.737381,4367308.34268,4.541216729455822,4.519097979040571
722967.494837,4367848.83824,4.436493143497409,4.417833855036641
722828.957318,4366962.57051,2.5728860509186133,2.582341151397362
723486.423996,4367148.20801,3.9643185002264176,3.745448315733727
721799.521016,4367631.96473,5.386845518949447,5.404046507690745
722860.500049,4366215.09811,3.30228635994888,3.2956788110757116
722202.454723,4366715.36716,2.9935606622433757,3.0783391464936147
722627.676026,4367124.1892,3.839844428593537,3.730938541296878
723146.578132,4366469.70852,3.7466103485501954,3.7500776590702505
723385.579085,4367456.31999,3.295154133256783,3.2165206799613206
723215.071089,4367818.2808,6.86097509609875,5.751754293499796
723307.662334,4368095.75816,3.9181692733369338,3.9507709666201474
722566.665635,4365960.48378,1.1277556943157498,1.0559307997660448
723005.804018,4368295.75593,4.059328038826531,4.029720077980707
722411.853706,4366037.40201,0.0,0.009335112382451707
723075.572075,4368118.6227,4.346389102634551,4.365478245192863
722549.91539,4367640.3761,5.119437992699687,4.922857925959091
722164.036476,4366337.72531,0.3729764026410431,0.38068988071793275
722743.628368,4367247.59562,4.832021452465567,4.374165928236023
